
Running job 1 of 1
                  Welcome to Q-Chem
           with Periodic Boundary Conditions
     A Quantum Leap Into The Future Of Chemistry

 Adam Rettig, Xintian Feng, Meng-Fu Chen, Hieu Dinh, Anton Ni,
 Stephen Quiton, Paul J. Robinson, Jinghong Zhang, Joonho Lee

Contributors to earlier versions of Q-Chem not listed above:
 Evgeny Epifanovsky, Leo Cunha, Jerome F. Gonthier, Kuan-Yu Liu
 Input file: /n/home10/lko/qcpbc/scratch//INPUT_CO_Cu.scratch20260706162913/INPUT_CO_Cu.0
 Scratch folder: /n/home10/lko/qcpbc/scratch//INPUT_CO_Cu.scratch20260706162913
 Auxillary files located at: /n/home10/lko/qcpbc/qcpbc/qcaux
 Q-Chem begins on Mon Jul  6 16:29:18 2026

 -------------------------------------------------------------
 User input:
 -------------------------------------------------------------
 $lattice
  3
    5.1123820279787395    0.0                   0.0
    2.5561910139893698    4.427452710080594     0.0000000000000000
    0.0000000000000000    0.0000000000000000   34.174242446240996
 $end
 $unitcell
  ABSOLUTE
  0 1
 Cu      1.278095506994685      0.737908785013432     15.000000000000000
 Cu      3.834286520984055      0.737908785013432     15.000000000000000
 Cu      2.556191013989370      2.951635140053729     15.000000000000000
 Cu      5.112382027978740      2.951635140053729     15.000000000000000
 Cu     -0.000000000000000      1.475817570026865     17.087121223120498
 Cu      2.556191013989370      1.475817570026865     17.087121223120498
 Cu      1.278095506994685      3.689543925067162     17.087121223120498
 Cu      3.834286520984055      3.689543925067162     17.087121223120498
 Cu      0.000000000000000      0.000000000000000     19.174242446240996
 Cu      2.556191013989370      0.000000000000000     19.174242446240996
 Cu      1.278095506994685      2.213726355040297     19.174242446240996
 Cu      3.834286520984055      2.213726355040297     19.174242446240996
 O       0.000000000000000      0.000000000000000     22.17469
 C       0.000000000000000      0.000000000000000     21.01484
 $end
 $rem
 jobtype sp
 unrestricted false 
 method pbe
 pseudo GTH-PBE
 basis DZVP-MOLOPT-PBE-GTH
 kecut 1500
 symmetry false
 scf_guess autosad
 !DFT_D 6
 !gpw_method shellpair
 collinear_gscf false
 scf_convergence 8
 scf_algorithm diis
 !tscf true
 !theta 0.001
 max_scf_cycles 200
 mem_total 300000
 scf_print 2
 mp_mesh [5,5,1]
 occ_smearing Fermi
 smearing_sigma 0.001
 $end
 $rem_autosad
 incfock 1000
 scf_algorithm gdm_ls
 scf_convergence 7
 $end
 
 -------------------------------------------------------------
 Running PBC job

 Requested Exchange Correlation Functionals: 
  DFT Exchange:  1.00000 pbe_x
  DFT Correlation:  1.00000 pbe_c
 using 64 threads for computing.
 ---------------------------------------------------------------
      Coordinates of Atoms in Central Unit Cell (Angstroms)
    I     Atom         X            Y            Z
 ---------------------------------------------------------------
    1      Cu      1.278096     0.737909    15.000000
    2      Cu      3.834287     0.737909    15.000000
    3      Cu      2.556191     2.951635    15.000000
    4      Cu      5.112382     2.951635    15.000000
    5      Cu     -0.000000     1.475818    17.087121
    6      Cu      2.556191     1.475818    17.087121
    7      Cu      1.278096     3.689544    17.087121
    8      Cu      3.834287     3.689544    17.087121
    9      Cu      0.000000     0.000000    19.174242
   10      Cu      2.556191     0.000000    19.174242
   11      Cu      1.278096     2.213726    19.174242
   12      Cu      3.834287     2.213726    19.174242
   13       O      0.000000     0.000000    22.174690
   14       C      0.000000     0.000000    21.014840
 ---------------------------------------------------------------
 --------------------------------------------------
              Lattice Vectors (Angstroms)
              X            Y            Z
 --------------------------------------------------
   a1       5.112382     0.000000     0.000000
   a2       2.556191     4.427453     0.000000
   a3       0.000000     0.000000    34.174242
 --------------------------------------------------
 --------------------------------------------------
       Reciprocal Lattice Vectors (Angstroms^-1)
              X            Y            Z
 --------------------------------------------------
   b1       1.229013    -0.709571     0.000000
   b2      -0.000000     1.419142     0.000000
   b3       0.000000     0.000000     0.183857
 --------------------------------------------------

 Single point calculation requested


 K-Points calculation started.

 There are 326 basis functions in the central unit cell.
 There are 363 image cells after screening.
 There are 225 image cells for CGTO evaluation after screening.
 Real-Space grid for FFT initialized based on kinetic energy cutoff (eV) = 1500.0
 Real-Space grid for FFT: (23,23,153)
 There are 678163 real-space grid points.

 Spacegroup symmetry group: P3m1  (hall_number: 446)
    Reducing spacegroup symmetry to symmorphic group: P 3 m 1  (hall_number: 446)
 Monkhorst-Pack mesh is [5,5,1]
 There are 25 k points.
 Smearing occupation scheme, kind: fermi, sigma: 0.001000
 k-points (Bohr^-1):
 == 0-th k-point nmo = 326 (-0.26015,-0.15020,0.00000) ==
 == 1-th k-point nmo = 326 (-0.26015,-0.00000,0.00000) ==
 == 2-th k-point nmo = 326 (-0.26015,0.15020,0.00000) ==
 == 3-th k-point nmo = 326 (-0.26015,0.30039,0.00000) ==
 == 4-th k-point nmo = 326 (-0.26015,0.45059,0.00000) ==
 == 5-th k-point nmo = 326 (-0.13007,-0.22529,0.00000) ==
 == 6-th k-point nmo = 326 (-0.13007,-0.07510,0.00000) ==
 == 7-th k-point nmo = 326 (-0.13007,0.07510,0.00000) ==
 == 8-th k-point nmo = 326 (-0.13007,0.22529,0.00000) ==
 == 9-th k-point nmo = 326 (-0.13007,0.37549,0.00000) ==
 == 10-th k-point nmo = 326 (0.00000,-0.30039,0.00000) ==
 == 11-th k-point nmo = 326 (0.00000,-0.15020,0.00000) ==
 == 12-th k-point nmo = 326 (0.00000,0.00000,0.00000) ==
 == 13-th k-point nmo = 326 (-0.00000,0.15020,0.00000) ==
 == 14-th k-point nmo = 326 (-0.00000,0.30039,0.00000) ==
 == 15-th k-point nmo = 326 (0.13007,-0.37549,0.00000) ==
 == 16-th k-point nmo = 326 (0.13007,-0.22529,0.00000) ==
 == 17-th k-point nmo = 326 (0.13007,-0.07510,0.00000) ==
 == 18-th k-point nmo = 326 (0.13007,0.07510,0.00000) ==
 == 19-th k-point nmo = 326 (0.13007,0.22529,0.00000) ==
 == 20-th k-point nmo = 326 (0.26015,-0.45059,0.00000) ==
 == 21-th k-point nmo = 326 (0.26015,-0.30039,0.00000) ==
 == 22-th k-point nmo = 326 (0.26015,-0.15020,0.00000) ==
 == 23-th k-point nmo = 326 (0.26015,0.00000,0.00000) ==
 == 24-th k-point nmo = 326 (0.26015,0.15020,0.00000) ==

 There are 71.000000 alpha and 71.000000 beta electrons per k-point
 Generate autoSAD guess
Atom # 0: cu, charge: 0, multiplicity: 2.000000
Atom # 1: o, charge: 0, multiplicity: 3.000000
Atom # 2: c, charge: 0, multiplicity: 3.000000
    Running SCF for isolated atom #0
    Fragment Input file: /n/home10/lko/qcpbc/scratch//INPUT_CO_Cu.scratch20260706162913/autosad_frgmt_0/frgmt_input.in
    Fragment Output file: /n/home10/lko/qcpbc/scratch//INPUT_CO_Cu.scratch20260706162913/autosad_frgmt_0/frgmt_job.out
    Fragment job begins at Mon Jul  6 16:29:24 2026

 Inaccurate integrated density by DFT XC:
   Numerical integral  =    11.000000000830
   Relative error      =    62.0689655144 %
   Total fragment job time:  5.03 s.
    Running SCF for isolated atom #1
    Fragment Input file: /n/home10/lko/qcpbc/scratch//INPUT_CO_Cu.scratch20260706162913/autosad_frgmt_1/frgmt_input.in
    Fragment Output file: /n/home10/lko/qcpbc/scratch//INPUT_CO_Cu.scratch20260706162913/autosad_frgmt_1/frgmt_job.out
    Fragment job begins at Mon Jul  6 16:29:30 2026

 Inaccurate integrated density by DFT XC:
   Numerical integral  =     6.000000009854
   Relative error      =    24.9999998768 %
   Total fragment job time:  1.21 s.
    Running SCF for isolated atom #2
    Fragment Input file: /n/home10/lko/qcpbc/scratch//INPUT_CO_Cu.scratch20260706162913/autosad_frgmt_2/frgmt_input.in
    Fragment Output file: /n/home10/lko/qcpbc/scratch//INPUT_CO_Cu.scratch20260706162913/autosad_frgmt_2/frgmt_job.out
    Fragment job begins at Mon Jul  6 16:29:31 2026

 Inaccurate integrated density by DFT XC:
   Numerical integral  =     4.000000017192
   Relative error      =    33.3333330468 %
   Total fragment job time:  1.32 s.

 Start computing CGTO
 CGTO with derivative is computed and kept in memory, which occupies 244145 MB (27.63% sparsity)
 smearing ON : fermi
  sigma: 1.000e-03
 electronic temperature: 1.000e-03 a.u.
 electronic temperature: 315.78 K
The total number of electrons in this calculation is 3550.00000
 ----------------------------------------------
 Guess energy: -597.3692303651
 ----------------------------------------------
 Guess energy components:
 DFT Correlation   Energy =  -5.85157361124180
 DFT Exchange      Energy = -87.49742360360001
 Kinetic           Energy = 793.24252041716795
 Nuclear Repulsion Energy = 4875.70110210434541
 Pseudo Potential  Energy = -11595.72725057951357
 Total Coulomb     Energy = 5422.76339490769806
 ----------------------------------------------
  Cycle       Energy         DIIS error
 ----------------------------------------------
    1    -567.6393737189      9.10e-03  
 Energy components after cycle 1:
 DFT Correlation   Energy =  -5.87343159387427
 DFT Exchange      Energy = -100.63146958191486
 Kinetic           Energy = 951.00919588586260
 Nuclear Repulsion Energy = 4875.70110210434541
 Pseudo Potential  Energy = -12121.26129675921038
 Total Coulomb     Energy = 5833.41652622591573
    2    -167.5383691330      2.70e-02  
 Energy components after cycle 2:
 DFT Correlation   Energy =  -5.88478970233634
 DFT Exchange      Energy = -88.07751270295540
 Kinetic           Energy = 771.87036468601980
 Nuclear Repulsion Energy = 4875.70110210434541
 Pseudo Potential  Energy = -11114.25190322354683
 Total Coulomb     Energy = 5393.10436970542924
    3    -488.3624331603      1.43e-01  
 Energy components after cycle 3:
 DFT Correlation   Energy =  -5.72103484525510
 DFT Exchange      Energy = -91.77914495657524
 Kinetic           Energy = 838.86662011245096
 Nuclear Repulsion Energy = 4875.70110210434541
 Pseudo Potential  Energy = -11191.00349587244636
 Total Coulomb     Energy = 5085.57352029718004
    4    -564.1955619092      8.05e-02  
 Energy components after cycle 4:
 DFT Correlation   Energy =  -5.70313641160766
 DFT Exchange      Energy = -95.29229770486499
 Kinetic           Energy = 881.89180413555084
 Nuclear Repulsion Energy = 4875.70110210434541
 Pseudo Potential  Energy = -11511.69323198378152
 Total Coulomb     Energy = 5290.90019795111402
    5    -585.9471200539      3.90e-02  
 Energy components after cycle 5:
 DFT Correlation   Energy =  -5.71264605749348
 DFT Exchange      Energy = -96.37932534772763
 Kinetic           Energy = 893.97714710287778
 Nuclear Repulsion Energy = 4875.70110210434541
 Pseudo Potential  Energy = -11625.64257230574549
 Total Coulomb     Energy = 5372.10917444988354
    6    -595.6965250049      2.18e-02  
 Energy components after cycle 6:
 DFT Correlation   Energy =  -5.73899182292568
 DFT Exchange      Energy = -95.46963215064430
 Kinetic           Energy = 886.23583814086646
 Nuclear Repulsion Energy = 4875.70110210434541
 Pseudo Potential  Energy = -11676.39042450506713
 Total Coulomb     Energy = 5419.96558322847613
    7    -598.4470957571      1.14e-02  
 Energy components after cycle 7:
 DFT Correlation   Energy =  -5.77797569883979
 DFT Exchange      Energy = -94.02153148254136
 Kinetic           Energy = 871.18792881856621
 Nuclear Repulsion Energy = 4875.70110210434541
 Pseudo Potential  Energy = -11737.06732127475516
 Total Coulomb     Energy = 5491.53070177608879
    8    -588.0507723667      5.19e-03  
 Energy components after cycle 8:
 DFT Correlation   Energy =  -5.78584453540903
 DFT Exchange      Energy = -90.51124276581963
 Kinetic           Energy = 831.90534278095174
 Nuclear Repulsion Energy = 4875.70110210434541
 Pseudo Potential  Energy = -11584.79213473136406
 Total Coulomb     Energy = 5385.43200478056224
    9    -598.0216137113      2.36e-02  
 Energy components after cycle 9:
 DFT Correlation   Energy =  -5.78306313045654
 DFT Exchange      Energy = -92.11545039087763
 Kinetic           Energy = 850.16966838062194
 Nuclear Repulsion Energy = 4875.70110210434541
 Pseudo Potential  Energy = -11674.23812702045325
 Total Coulomb     Energy = 5448.24425634547697
   10    -598.6490236039      6.91e-03  
 Energy components after cycle 10:
 DFT Correlation   Energy =  -5.79555613045185
 DFT Exchange      Energy = -91.98425073162848
 Kinetic           Energy = 847.48010685896702
 Nuclear Repulsion Energy = 4875.70110210434541
 Pseudo Potential  Energy = -11699.40396597963991
 Total Coulomb     Energy = 5475.35354027452922
   11    -598.6575741106      4.12e-03  
 Energy components after cycle 11:
 DFT Correlation   Energy =  -5.80594831695079
 DFT Exchange      Energy = -91.54109012070103
 Kinetic           Energy = 842.75608792914772
 Nuclear Repulsion Energy = 4875.70110210434541
 Pseudo Potential  Energy = -11699.72071371575112
 Total Coulomb     Energy = 5479.95298800931778
   12    -598.9040534135      4.25e-03  
 Energy components after cycle 12:
 DFT Correlation   Energy =  -5.79818417224499
 DFT Exchange      Energy = -92.00305757988046
 Kinetic           Energy = 848.48106606398096
 Nuclear Repulsion Energy = 4875.70110210434541
 Pseudo Potential  Energy = -11706.11957135083867
 Total Coulomb     Energy = 5480.83459152114938
   13    -598.9659046503      2.35e-03  
 Energy components after cycle 13:
 DFT Correlation   Energy =  -5.78916395312078
 DFT Exchange      Energy = -92.37249169448815
 Kinetic           Energy = 852.56586122829037
 Nuclear Repulsion Energy = 4875.70110210434541
 Pseudo Potential  Energy = -11702.68211923797571
 Total Coulomb     Energy = 5473.61090690266610
   14    -599.0081305808      1.86e-03  
 Energy components after cycle 14:
 DFT Correlation   Energy =  -5.79105627900191
 DFT Exchange      Energy = -92.12282149572059
 Kinetic           Energy = 849.55308775338472
 Nuclear Repulsion Energy = 4875.70110210434541
 Pseudo Potential  Energy = -11697.10451953662050
 Total Coulomb     Energy = 5470.75607687280717
   15    -599.0256397629      1.08e-03  
 Energy components after cycle 15:
 DFT Correlation   Energy =  -5.79179386760404
 DFT Exchange      Energy = -92.40798661964865
 Kinetic           Energy = 852.81849177383901
 Nuclear Repulsion Energy = 4875.70110210434541
 Pseudo Potential  Energy = -11709.14953933649667
 Total Coulomb     Energy = 5479.80408618268575
   16    -599.0333687661      6.48e-04  
 Energy components after cycle 16:
 DFT Correlation   Energy =  -5.79195218155735
 DFT Exchange      Energy = -92.32038503133090
 Kinetic           Energy = 851.91723282442433
 Nuclear Repulsion Energy = 4875.70110210434541
 Pseudo Potential  Energy = -11707.39688151881637
 Total Coulomb     Energy = 5478.85751503681786
   17    -599.0331664366      1.72e-04  
 Energy components after cycle 17:
 DFT Correlation   Energy =  -5.79212933762057
 DFT Exchange      Energy = -92.36671157634075
 Kinetic           Energy = 852.41284281437129
 Nuclear Repulsion Energy = 4875.70110210434541
 Pseudo Potential  Energy = -11709.47450062408643
 Total Coulomb     Energy = 5480.48623018275248
   18    -599.0339727243      2.16e-04  
 Energy components after cycle 18:
 DFT Correlation   Energy =  -5.79187812009515
 DFT Exchange      Energy = -92.35380068259703
 Kinetic           Energy = 852.24188522591010
 Nuclear Repulsion Energy = 4875.70110210434541
 Pseudo Potential  Energy = -11708.07982949523102
 Total Coulomb     Energy = 5479.24854824335580
   19    -599.0341574562      1.16e-04  
 Energy components after cycle 19:
 DFT Correlation   Energy =  -5.79199504058487
 DFT Exchange      Energy = -92.35969751027497
 Kinetic           Energy = 852.30519589614096
 Nuclear Repulsion Energy = 4875.70110210434541
 Pseudo Potential  Energy = -11708.48976009400576
 Total Coulomb     Energy = 5479.60099718822858
   20    -599.0342308672      5.81e-05  
 Energy components after cycle 20:
 DFT Correlation   Energy =  -5.79196016654087
 DFT Exchange      Energy = -92.34813280281510
 Kinetic           Energy = 852.17850661802208
 Nuclear Repulsion Energy = 4875.70110210434541
 Pseudo Potential  Energy = -11708.05960589334245
 Total Coulomb     Energy = 5479.28585927312724
   21    -599.0342316744      1.62e-05  
 Energy components after cycle 21:
 DFT Correlation   Energy =  -5.79201603075557
 DFT Exchange      Energy = -92.34590732259559
 Kinetic           Energy = 852.15503846738909
 Nuclear Repulsion Energy = 4875.70110210434541
 Pseudo Potential  Energy = -11708.13690714823497
 Total Coulomb     Energy = 5479.38445825546660
   22    -599.0342342555      1.08e-05  
 Energy components after cycle 22:
 DFT Correlation   Energy =  -5.79201004839490
 DFT Exchange      Energy = -92.34870807990060
 Kinetic           Energy = 852.18586983720763
 Nuclear Repulsion Energy = 4875.70110210434541
 Pseudo Potential  Energy = -11708.19273508522201
 Total Coulomb     Energy = 5479.41224701643205
   23    -599.0342355329      8.68e-06  
 Energy components after cycle 23:
 DFT Correlation   Energy =  -5.79199042752694
 DFT Exchange      Energy = -92.34835157787452
 Kinetic           Energy = 852.18175770262349
 Nuclear Repulsion Energy = 4875.70110210434541
 Pseudo Potential  Energy = -11708.13835221860791
 Total Coulomb     Energy = 5479.36159888418842
   24    -599.0342356793      1.94e-06  
 Energy components after cycle 24:
 DFT Correlation   Energy =  -5.79198695440106
 DFT Exchange      Energy = -92.34863846978662
 Kinetic           Energy = 852.18559142867059
 Nuclear Repulsion Energy = 4875.70110210434541
 Pseudo Potential  Energy = -11708.14940318082881
 Total Coulomb     Energy = 5479.36909939273482
   25    -599.0342358213      7.06e-07  
 Energy components after cycle 25:
 DFT Correlation   Energy =  -5.79198619750938
 DFT Exchange      Energy = -92.34886269423019
 Kinetic           Energy = 852.18804788484840
 Nuclear Repulsion Energy = 4875.70110210434541
 Pseudo Potential  Energy = -11708.15745987477749
 Total Coulomb     Energy = 5479.37492295601896
   26    -599.0342355892      1.10e-06  
 Energy components after cycle 26:
 DFT Correlation   Energy =  -5.79198923978377
 DFT Exchange      Energy = -92.34899315993647
 Kinetic           Energy = 852.18951265261069
 Nuclear Repulsion Energy = 4875.70110210434541
 Pseudo Potential  Energy = -11708.16635284204494
 Total Coulomb     Energy = 5479.38248489557554
   27    -599.0342356931      1.74e-06  
 Energy components after cycle 27:
 DFT Correlation   Energy =  -5.79199014145722
 DFT Exchange      Energy = -92.34868831687646
 Kinetic           Energy = 852.18613970364129
 Nuclear Repulsion Energy = 4875.70110210434541
 Pseudo Potential  Energy = -11708.15856072163297
 Total Coulomb     Energy = 5479.37776167885386
   28    -599.0342357218      3.30e-07  
 Energy components after cycle 28:
 DFT Correlation   Energy =  -5.79198910465902
 DFT Exchange      Energy = -92.34874589680588
 Kinetic           Energy = 852.18671253110767
 Nuclear Repulsion Energy = 4875.70110210434541
 Pseudo Potential  Energy = -11708.15789871138804
 Total Coulomb     Energy = 5479.37658335558444
   29    -599.0342357195      2.48e-07  
 Energy components after cycle 29:
 DFT Correlation   Energy =  -5.79198898954807
 DFT Exchange      Energy = -92.34871455837678
 Kinetic           Energy = 852.18636573398032
 Nuclear Repulsion Energy = 4875.70110210434541
 Pseudo Potential  Energy = -11708.15639415596706
 Total Coulomb     Energy = 5479.37539414602907
   30    -599.0342356841      7.52e-08  
 Energy components after cycle 30:
 DFT Correlation   Energy =  -5.79198895797255
 DFT Exchange      Energy = -92.34872964396222
 Kinetic           Energy = 852.18653800942002
 Nuclear Repulsion Energy = 4875.70110210434541
 Pseudo Potential  Energy = -11708.15680044173314
 Total Coulomb     Energy = 5479.37564324580944
   31    -599.0342357133      2.54e-07  
 Energy components after cycle 31:
 DFT Correlation   Energy =  -5.79198892469708
 DFT Exchange      Energy = -92.34871447899795
 Kinetic           Energy = 852.18637179982295
 Nuclear Repulsion Energy = 4875.70110210434541
 Pseudo Potential  Energy = -11708.15633319871995
 Total Coulomb     Energy = 5479.37532698490304
   32    -599.0342357067      2.68e-08  
 Energy components after cycle 32:
 DFT Correlation   Energy =  -5.79198896401593
 DFT Exchange      Energy = -92.34871037636209
 Kinetic           Energy = 852.18633328438341
 Nuclear Repulsion Energy = 4875.70110210434541
 Pseudo Potential  Energy = -11708.15637569609135
 Total Coulomb     Energy = 5479.37540394099324
   33    -599.0342357135      4.91e-08  
 Energy components after cycle 33:
 DFT Correlation   Energy =  -5.79198889143305
 DFT Exchange      Energy = -92.34872103800633
 Kinetic           Energy = 852.18644796807894
 Nuclear Repulsion Energy = 4875.70110210434541
 Pseudo Potential  Energy = -11708.15649570548521
 Total Coulomb     Energy = 5479.37541984902964
   34    -599.0342357127      1.84e-08  
 Energy components after cycle 34:
 DFT Correlation   Energy =  -5.79198888129343
 DFT Exchange      Energy = -92.34871765817341
 Kinetic           Energy = 852.18640694871829
 Nuclear Repulsion Energy = 4875.70110210434541
 Pseudo Potential  Energy = -11708.15634045637853
 Total Coulomb     Energy = 5479.37530223007707
   35    -599.0342357132      1.94e-08  
 Energy components after cycle 35:
 DFT Correlation   Energy =  -5.79198881211069
 DFT Exchange      Energy = -92.34872092668488
 Kinetic           Energy = 852.18645193582825
 Nuclear Repulsion Energy = 4875.70110210434541
 Pseudo Potential  Energy = -11708.15639364610252
 Total Coulomb     Energy = 5479.37531363151538
   36    -599.0342357134      1.52e-08  
 Energy components after cycle 36:
 DFT Correlation   Energy =  -5.79198888137692
 DFT Exchange      Energy = -92.34871927965578
 Kinetic           Energy = 852.18642883927680
 Nuclear Repulsion Energy = 4875.70110210434541
 Pseudo Potential  Energy = -11708.15646195799127
 Total Coulomb     Energy = 5479.37540346199057
   37    -599.0342357134      8.65e-09  
 Energy components after cycle 37:
 DFT Correlation   Energy =  -5.79198888137692
 DFT Exchange      Energy = -92.34871927965578
 Kinetic           Energy = 852.18642883927680
 Nuclear Repulsion Energy = 4875.70110210434541
 Pseudo Potential  Energy = -11708.15646195799127
 Total Coulomb     Energy = 5479.37540346199057
   37    -599.0342357134      8.65e-09  Convergence criterion met
 ----------------------------------------------
 Final energy components:
 DFT Correlation   Energy =  -5.79198888137692
 DFT Exchange      Energy = -92.34871927965578
 Kinetic           Energy = 852.18642883927680
 Nuclear Repulsion Energy = 4875.70110210434541
 Pseudo Potential  Energy = -11708.15646195799127
 Total Coulomb     Energy = 5479.37540346199057
 ----------------------------------------------
 Final energy is -599.0342357134

 Electronic Entropic Energy (TS) is 0.0008871606

 Free Energy (E - TS) is -599.0351228740

 SCF time:   CPU 173425.72s  wall 2890.00s 
 ---------------------------------------------------------------------------
                 Molecular Orbital Energies and Occupations
 ---------------------------------------------------------------------------
 == 0-th k-point orbital energies
 -0.94322 -0.41433 -0.33120 -0.31075 -0.30702 -0.30679 -0.26767 -0.24719 -0.22222 -0.21487
 -0.21143 -0.20980 -0.20408 -0.20164 -0.19756 -0.19212 -0.19196 -0.18967 -0.18946 -0.18370
 -0.18031 -0.17899 -0.17612 -0.17233 -0.17051 -0.16927 -0.16755 -0.16563 -0.16188 -0.16130
 -0.15951 -0.15562 -0.15434 -0.15199 -0.15029 -0.14817 -0.14722 -0.14630 -0.14536 -0.14359
 -0.14337 -0.14124 -0.14094 -0.14014 -0.14008 -0.13803 -0.13336 -0.13167 -0.13100 -0.12940
 -0.12759 -0.12657 -0.12332 -0.12278 -0.12235 -0.12145 -0.11700 -0.11687 -0.11631 -0.11546
 -0.11407 -0.11220 -0.10842 -0.10802 -0.10637 -0.10562 -0.10416 -0.10168 -0.09131 -0.05080
 -0.04913 -0.04391 -0.01865 -0.01195 0.00060 0.03868 0.04132 0.06546 0.09259 0.11249
 0.13749 0.18338 0.18568 0.19787 0.22698 0.23858 0.25613 0.26614 0.28358 0.28700
 0.29444 0.31693 0.33268 0.34815 0.38421 0.38999 0.41037 0.41978 0.42794 0.43267
 0.45304 0.48878 0.50705 0.51004 0.51455 0.53036 0.53416 0.54414 0.55647 0.57294
 0.57903 0.58587 0.60072 0.61783 0.63197 0.63528 0.66802 0.67082 0.68654 0.69795
 0.70411 0.73591 0.73850 0.75080 0.75930 0.78474 0.78548 0.80481 0.81477 0.83260
 0.84302 0.85201 0.87152 0.89877 0.90682 0.92344 0.93496 0.94963 0.97053 0.98938
 0.99409 1.01492 1.02626 1.04372 1.08081 1.08710 1.09937 1.10138 1.11098 1.11382
 1.13676 1.14602 1.15750 1.16624 1.17193 1.20551 1.20868 1.22074 1.23175 1.23980
 1.25100 1.26122 1.28070 1.28527 1.29932 1.30769 1.32622 1.32776 1.33639 1.34253
 1.35404 1.36326 1.36507 1.37655 1.38178 1.40103 1.40280 1.40778 1.41469 1.41718
 1.43885 1.46266 1.46448 1.46853 1.48982 1.49054 1.51376 1.52390 1.53812 1.54163
 1.55420 1.56469 1.57895 1.60326 1.60767 1.61172 1.64050 1.64294 1.65135 1.66680
 1.68222 1.68744 1.70457 1.70936 1.71810 1.72646 1.73597 1.74883 1.75895 1.76157
 1.78963 1.79730 1.81884 1.82474 1.84239 1.84734 1.85554 1.85987 1.86378 1.87783
 1.88681 1.90019 1.91050 1.91395 1.92888 1.95361 1.95728 1.96783 1.97707 1.98436
 1.98699 2.00656 2.01001 2.02053 2.03793 2.04146 2.05267 2.05340 2.07236 2.09027
 2.09544 2.10416 2.12081 2.12936 2.14156 2.15386 2.15725 2.15931 2.16895 2.17352
 2.18363 2.20491 2.22624 2.23346 2.23909 2.24331 2.24916 2.27698 2.28112 2.28482
 2.30486 2.31769 2.32337 2.33430 2.33594 2.37076 2.37689 2.40792 2.41634 2.45229
 2.47729 2.50396 2.52913 2.53490 2.55737 2.56779 2.57290 2.66332 2.67033 2.67193
 2.69301 2.71477 2.72700 2.74326 2.74766 2.77122 2.82284 2.84524 2.86143 2.92496
 2.96057 3.09832 3.10449 3.14400 3.15840 3.19420 3.20433 3.20999 3.24362 3.25302
 3.26929 3.32525 3.33691 3.34768 3.36644 3.36704 3.39723 3.40386 3.42404 3.43097
 3.44232 3.44790 3.45074 3.48596 3.52334 3.55727 3.58332 3.64302 3.86443 4.00575
 4.06123 4.07783 4.30909 4.32371 4.51707 7.85932
 Occupations: 
 1.00000 1.00000 1.00000 1.00000 1.00000 1.00000 1.00000 1.00000 1.00000 1.00000
 1.00000 1.00000 1.00000 1.00000 1.00000 1.00000 1.00000 1.00000 1.00000 1.00000
 1.00000 1.00000 1.00000 1.00000 1.00000 1.00000 1.00000 1.00000 1.00000 1.00000
 1.00000 1.00000 1.00000 1.00000 1.00000 1.00000 1.00000 1.00000 1.00000 1.00000
 1.00000 1.00000 1.00000 1.00000 1.00000 1.00000 1.00000 1.00000 1.00000 1.00000
 1.00000 1.00000 1.00000 1.00000 1.00000 1.00000 1.00000 1.00000 1.00000 1.00000
 1.00000 1.00000 1.00000 1.00000 1.00000 1.00000 1.00000 1.00000 1.00000 0.92752
 0.70626 0.01287 0.00000 0.00000 0.00000 0.00000 0.00000 0.00000 0.00000 0.00000
 0.00000 0.00000 0.00000 0.00000 0.00000 0.00000 0.00000 0.00000 0.00000 0.00000
 0.00000 0.00000 0.00000 0.00000 0.00000 0.00000 0.00000 0.00000 0.00000 0.00000
 0.00000 0.00000 0.00000 0.00000 0.00000 0.00000 0.00000 0.00000 0.00000 0.00000
 0.00000 0.00000 0.00000 0.00000 0.00000 0.00000 0.00000 0.00000 0.00000 0.00000
 0.00000 0.00000 0.00000 0.00000 0.00000 0.00000 0.00000 0.00000 0.00000 0.00000
 0.00000 0.00000 0.00000 0.00000 0.00000 0.00000 0.00000 0.00000 0.00000 0.00000
 0.00000 0.00000 0.00000 0.00000 0.00000 0.00000 0.00000 0.00000 0.00000 0.00000
 0.00000 0.00000 0.00000 0.00000 0.00000 0.00000 0.00000 0.00000 0.00000 0.00000
 0.00000 0.00000 0.00000 0.00000 0.00000 0.00000 0.00000 0.00000 0.00000 0.00000
 0.00000 0.00000 0.00000 0.00000 0.00000 0.00000 0.00000 0.00000 0.00000 0.00000
 0.00000 0.00000 0.00000 0.00000 0.00000 0.00000 0.00000 0.00000 0.00000 0.00000
 0.00000 0.00000 0.00000 0.00000 0.00000 0.00000 0.00000 0.00000 0.00000 0.00000
 0.00000 0.00000 0.00000 0.00000 0.00000 0.00000 0.00000 0.00000 0.00000 0.00000
 0.00000 0.00000 0.00000 0.00000 0.00000 0.00000 0.00000 0.00000 0.00000 0.00000
 0.00000 0.00000 0.00000 0.00000 0.00000 0.00000 0.00000 0.00000 0.00000 0.00000
 0.00000 0.00000 0.00000 0.00000 0.00000 0.00000 0.00000 0.00000 0.00000 0.00000
 0.00000 0.00000 0.00000 0.00000 0.00000 0.00000 0.00000 0.00000 0.00000 0.00000
 0.00000 0.00000 0.00000 0.00000 0.00000 0.00000 0.00000 0.00000 0.00000 0.00000
 0.00000 0.00000 0.00000 0.00000 0.00000 0.00000 0.00000 0.00000 0.00000 0.00000
 0.00000 0.00000 0.00000 0.00000 0.00000 0.00000 0.00000 0.00000 0.00000 0.00000
 0.00000 0.00000 0.00000 0.00000 0.00000 0.00000 0.00000 0.00000 0.00000 0.00000
 0.00000 0.00000 0.00000 0.00000 0.00000 0.00000 0.00000 0.00000 0.00000 0.00000
 0.00000 0.00000 0.00000 0.00000 0.00000 0.00000 0.00000 0.00000 0.00000 0.00000
 0.00000 0.00000 0.00000 0.00000 0.00000 0.00000 0.00000 0.00000 0.00000 0.00000
 0.00000 0.00000 0.00000 0.00000 0.00000 0.00000
 == 1-th k-point orbital energies
 -0.94322 -0.41462 -0.33653 -0.31342 -0.30854 -0.30729 -0.25542 -0.24114 -0.23844 -0.21631
 -0.21404 -0.21107 -0.20691 -0.20078 -0.19642 -0.19478 -0.19365 -0.19196 -0.19031 -0.18655
 -0.18195 -0.18073 -0.17392 -0.17010 -0.16890 -0.16753 -0.16590 -0.16323 -0.16097 -0.15980
 -0.15770 -0.15620 -0.15348 -0.15246 -0.15175 -0.15067 -0.14838 -0.14570 -0.14429 -0.14332
 -0.14161 -0.13928 -0.13832 -0.13606 -0.13485 -0.13413 -0.13310 -0.13120 -0.13079 -0.13017
 -0.12573 -0.12378 -0.12332 -0.12185 -0.11932 -0.11872 -0.11617 -0.11462 -0.11281 -0.11122
 -0.10992 -0.10924 -0.10797 -0.10731 -0.10617 -0.10470 -0.10239 -0.09540 -0.09424 -0.07426
 -0.07279 -0.03997 -0.00048 0.00191 0.02031 0.03433 0.05585 0.06107 0.07088 0.08960
 0.14937 0.15879 0.17801 0.18624 0.21997 0.22892 0.23313 0.25990 0.27522 0.29047
 0.29203 0.32809 0.35751 0.36378 0.38462 0.39027 0.41150 0.42046 0.42884 0.43556
 0.44839 0.48664 0.49386 0.50870 0.51984 0.52902 0.53379 0.54533 0.57440 0.57660
 0.58903 0.59232 0.61036 0.63078 0.64201 0.64540 0.65242 0.66892 0.68694 0.69380
 0.69818 0.70984 0.75136 0.77689 0.79477 0.80342 0.81510 0.82458 0.82595 0.83708
 0.85127 0.85509 0.86647 0.89359 0.91046 0.92434 0.92908 0.93781 0.94866 0.97377
 0.99650 1.01055 1.01413 1.02568 1.03552 1.05000 1.06748 1.09694 1.10540 1.12320
 1.12960 1.14623 1.14799 1.16326 1.16553 1.17399 1.19611 1.19927 1.21413 1.24418
 1.24802 1.25526 1.26137 1.27174 1.28713 1.30699 1.31381 1.32233 1.32770 1.33256
 1.33733 1.34858 1.36747 1.37215 1.39221 1.40667 1.40923 1.42708 1.43927 1.44856
 1.45670 1.46702 1.47587 1.48327 1.48947 1.49788 1.51034 1.52381 1.52828 1.54438
 1.57526 1.60241 1.61708 1.62539 1.64854 1.65459 1.66037 1.66654 1.67184 1.68137
 1.68521 1.70423 1.71981 1.72338 1.72643 1.73638 1.74956 1.76124 1.76596 1.77706
 1.79009 1.81015 1.81100 1.81364 1.83203 1.84014 1.84791 1.85732 1.86039 1.86917
 1.88023 1.90525 1.90884 1.91748 1.93398 1.94147 1.94972 1.96891 1.97770 1.98451
 1.99586 2.00368 2.01688 2.02859 2.02975 2.03916 2.04340 2.06417 2.06760 2.08218
 2.09443 2.11592 2.13127 2.13809 2.15144 2.16210 2.16517 2.17586 2.17907 2.18511
 2.19199 2.20309 2.22132 2.22851 2.23889 2.24769 2.25097 2.26414 2.28038 2.30224
 2.30942 2.31737 2.32107 2.36537 2.37546 2.38584 2.39845 2.40068 2.41500 2.43476
 2.44777 2.49810 2.50221 2.54384 2.54900 2.57803 2.59882 2.64065 2.64460 2.65290
 2.71246 2.71930 2.72556 2.75867 2.76119 2.85249 2.88463 2.91179 2.93918 2.96906
 2.97932 3.00233 3.04837 3.13994 3.18237 3.21080 3.23540 3.25596 3.27605 3.28776
 3.32757 3.33385 3.33655 3.34746 3.37270 3.37775 3.38207 3.38419 3.38636 3.39155
 3.40306 3.41337 3.42679 3.47210 3.50279 3.51855 3.64556 3.68812 3.73987 3.75511
 4.03195 4.25244 4.27212 4.32038 4.51221 7.85502
 Occupations: 
 1.00000 1.00000 1.00000 1.00000 1.00000 1.00000 1.00000 1.00000 1.00000 1.00000
 1.00000 1.00000 1.00000 1.00000 1.00000 1.00000 1.00000 1.00000 1.00000 1.00000
 1.00000 1.00000 1.00000 1.00000 1.00000 1.00000 1.00000 1.00000 1.00000 1.00000
 1.00000 1.00000 1.00000 1.00000 1.00000 1.00000 1.00000 1.00000 1.00000 1.00000
 1.00000 1.00000 1.00000 1.00000 1.00000 1.00000 1.00000 1.00000 1.00000 1.00000
 1.00000 1.00000 1.00000 1.00000 1.00000 1.00000 1.00000 1.00000 1.00000 1.00000
 1.00000 1.00000 1.00000 1.00000 1.00000 1.00000 1.00000 1.00000 1.00000 1.00000
 1.00000 0.00025 0.00000 0.00000 0.00000 0.00000 0.00000 0.00000 0.00000 0.00000
 0.00000 0.00000 0.00000 0.00000 0.00000 0.00000 0.00000 0.00000 0.00000 0.00000
 0.00000 0.00000 0.00000 0.00000 0.00000 0.00000 0.00000 0.00000 0.00000 0.00000
 0.00000 0.00000 0.00000 0.00000 0.00000 0.00000 0.00000 0.00000 0.00000 0.00000
 0.00000 0.00000 0.00000 0.00000 0.00000 0.00000 0.00000 0.00000 0.00000 0.00000
 0.00000 0.00000 0.00000 0.00000 0.00000 0.00000 0.00000 0.00000 0.00000 0.00000
 0.00000 0.00000 0.00000 0.00000 0.00000 0.00000 0.00000 0.00000 0.00000 0.00000
 0.00000 0.00000 0.00000 0.00000 0.00000 0.00000 0.00000 0.00000 0.00000 0.00000
 0.00000 0.00000 0.00000 0.00000 0.00000 0.00000 0.00000 0.00000 0.00000 0.00000
 0.00000 0.00000 0.00000 0.00000 0.00000 0.00000 0.00000 0.00000 0.00000 0.00000
 0.00000 0.00000 0.00000 0.00000 0.00000 0.00000 0.00000 0.00000 0.00000 0.00000
 0.00000 0.00000 0.00000 0.00000 0.00000 0.00000 0.00000 0.00000 0.00000 0.00000
 0.00000 0.00000 0.00000 0.00000 0.00000 0.00000 0.00000 0.00000 0.00000 0.00000
 0.00000 0.00000 0.00000 0.00000 0.00000 0.00000 0.00000 0.00000 0.00000 0.00000
 0.00000 0.00000 0.00000 0.00000 0.00000 0.00000 0.00000 0.00000 0.00000 0.00000
 0.00000 0.00000 0.00000 0.00000 0.00000 0.00000 0.00000 0.00000 0.00000 0.00000
 0.00000 0.00000 0.00000 0.00000 0.00000 0.00000 0.00000 0.00000 0.00000 0.00000
 0.00000 0.00000 0.00000 0.00000 0.00000 0.00000 0.00000 0.00000 0.00000 0.00000
 0.00000 0.00000 0.00000 0.00000 0.00000 0.00000 0.00000 0.00000 0.00000 0.00000
 0.00000 0.00000 0.00000 0.00000 0.00000 0.00000 0.00000 0.00000 0.00000 0.00000
 0.00000 0.00000 0.00000 0.00000 0.00000 0.00000 0.00000 0.00000 0.00000 0.00000
 0.00000 0.00000 0.00000 0.00000 0.00000 0.00000 0.00000 0.00000 0.00000 0.00000
 0.00000 0.00000 0.00000 0.00000 0.00000 0.00000 0.00000 0.00000 0.00000 0.00000
 0.00000 0.00000 0.00000 0.00000 0.00000 0.00000 0.00000 0.00000 0.00000 0.00000
 0.00000 0.00000 0.00000 0.00000 0.00000 0.00000 0.00000 0.00000 0.00000 0.00000
 0.00000 0.00000 0.00000 0.00000 0.00000 0.00000
 == 2-th k-point orbital energies
 -0.94322 -0.41433 -0.33120 -0.31074 -0.30703 -0.30679 -0.26767 -0.24719 -0.22222 -0.21487
 -0.21143 -0.20980 -0.20408 -0.20164 -0.19756 -0.19212 -0.19196 -0.18967 -0.18945 -0.18370
 -0.18031 -0.17899 -0.17612 -0.17233 -0.17051 -0.16927 -0.16755 -0.16563 -0.16188 -0.16130
 -0.15951 -0.15562 -0.15433 -0.15199 -0.15029 -0.14817 -0.14722 -0.14630 -0.14536 -0.14359
 -0.14337 -0.14124 -0.14094 -0.14014 -0.14008 -0.13803 -0.13336 -0.13167 -0.13100 -0.12940
 -0.12759 -0.12657 -0.12332 -0.12278 -0.12235 -0.12145 -0.11700 -0.11687 -0.11631 -0.11546
 -0.11407 -0.11220 -0.10842 -0.10803 -0.10638 -0.10562 -0.10416 -0.10168 -0.09131 -0.05080
 -0.04913 -0.04391 -0.01865 -0.01195 0.00060 0.03869 0.04131 0.06547 0.09259 0.11249
 0.13749 0.18338 0.18568 0.19787 0.22699 0.23858 0.25613 0.26614 0.28358 0.28700
 0.29444 0.31693 0.33268 0.34815 0.38421 0.38999 0.41037 0.41978 0.42794 0.43267
 0.45304 0.48878 0.50705 0.51004 0.51455 0.53036 0.53416 0.54414 0.55647 0.57294
 0.57903 0.58587 0.60073 0.61783 0.63197 0.63528 0.66802 0.67082 0.68654 0.69795
 0.70411 0.73591 0.73850 0.75081 0.75930 0.78474 0.78548 0.80481 0.81477 0.83260
 0.84302 0.85201 0.87152 0.89876 0.90682 0.92344 0.93496 0.94963 0.97053 0.98938
 0.99409 1.01492 1.02626 1.04372 1.08081 1.08710 1.09937 1.10138 1.11098 1.11382
 1.13676 1.14602 1.15750 1.16624 1.17193 1.20551 1.20868 1.22074 1.23175 1.23980
 1.25100 1.26122 1.28070 1.28527 1.29932 1.30769 1.32622 1.32776 1.33639 1.34253
 1.35404 1.36326 1.36507 1.37655 1.38178 1.40104 1.40279 1.40778 1.41469 1.41718
 1.43885 1.46266 1.46448 1.46853 1.48982 1.49054 1.51376 1.52390 1.53812 1.54163
 1.55420 1.56469 1.57895 1.60326 1.60767 1.61172 1.64050 1.64294 1.65135 1.66680
 1.68222 1.68744 1.70457 1.70936 1.71810 1.72646 1.73597 1.74883 1.75895 1.76157
 1.78963 1.79730 1.81884 1.82474 1.84239 1.84734 1.85554 1.85987 1.86378 1.87783
 1.88681 1.90019 1.91050 1.91395 1.92888 1.95361 1.95728 1.96783 1.97707 1.98436
 1.98699 2.00656 2.01001 2.02053 2.03793 2.04146 2.05267 2.05340 2.07236 2.09027
 2.09544 2.10416 2.12081 2.12936 2.14156 2.15386 2.15725 2.15931 2.16895 2.17352
 2.18362 2.20491 2.22624 2.23346 2.23909 2.24331 2.24916 2.27698 2.28112 2.28482
 2.30486 2.31769 2.32337 2.33430 2.33594 2.37076 2.37689 2.40792 2.41634 2.45229
 2.47729 2.50396 2.52913 2.53490 2.55737 2.56779 2.57290 2.66332 2.67033 2.67193
 2.69301 2.71477 2.72700 2.74326 2.74766 2.77122 2.82284 2.84524 2.86143 2.92496
 2.96057 3.09832 3.10449 3.14400 3.15840 3.19420 3.20433 3.20999 3.24362 3.25302
 3.26929 3.32525 3.33691 3.34768 3.36644 3.36704 3.39723 3.40386 3.42404 3.43097
 3.44232 3.44790 3.45074 3.48596 3.52334 3.55727 3.58332 3.64302 3.86443 4.00575
 4.06123 4.07783 4.30909 4.32371 4.51707 7.85932
 Occupations: 
 1.00000 1.00000 1.00000 1.00000 1.00000 1.00000 1.00000 1.00000 1.00000 1.00000
 1.00000 1.00000 1.00000 1.00000 1.00000 1.00000 1.00000 1.00000 1.00000 1.00000
 1.00000 1.00000 1.00000 1.00000 1.00000 1.00000 1.00000 1.00000 1.00000 1.00000
 1.00000 1.00000 1.00000 1.00000 1.00000 1.00000 1.00000 1.00000 1.00000 1.00000
 1.00000 1.00000 1.00000 1.00000 1.00000 1.00000 1.00000 1.00000 1.00000 1.00000
 1.00000 1.00000 1.00000 1.00000 1.00000 1.00000 1.00000 1.00000 1.00000 1.00000
 1.00000 1.00000 1.00000 1.00000 1.00000 1.00000 1.00000 1.00000 1.00000 0.92764
 0.70686 0.01288 0.00000 0.00000 0.00000 0.00000 0.00000 0.00000 0.00000 0.00000
 0.00000 0.00000 0.00000 0.00000 0.00000 0.00000 0.00000 0.00000 0.00000 0.00000
 0.00000 0.00000 0.00000 0.00000 0.00000 0.00000 0.00000 0.00000 0.00000 0.00000
 0.00000 0.00000 0.00000 0.00000 0.00000 0.00000 0.00000 0.00000 0.00000 0.00000
 0.00000 0.00000 0.00000 0.00000 0.00000 0.00000 0.00000 0.00000 0.00000 0.00000
 0.00000 0.00000 0.00000 0.00000 0.00000 0.00000 0.00000 0.00000 0.00000 0.00000
 0.00000 0.00000 0.00000 0.00000 0.00000 0.00000 0.00000 0.00000 0.00000 0.00000
 0.00000 0.00000 0.00000 0.00000 0.00000 0.00000 0.00000 0.00000 0.00000 0.00000
 0.00000 0.00000 0.00000 0.00000 0.00000 0.00000 0.00000 0.00000 0.00000 0.00000
 0.00000 0.00000 0.00000 0.00000 0.00000 0.00000 0.00000 0.00000 0.00000 0.00000
 0.00000 0.00000 0.00000 0.00000 0.00000 0.00000 0.00000 0.00000 0.00000 0.00000
 0.00000 0.00000 0.00000 0.00000 0.00000 0.00000 0.00000 0.00000 0.00000 0.00000
 0.00000 0.00000 0.00000 0.00000 0.00000 0.00000 0.00000 0.00000 0.00000 0.00000
 0.00000 0.00000 0.00000 0.00000 0.00000 0.00000 0.00000 0.00000 0.00000 0.00000
 0.00000 0.00000 0.00000 0.00000 0.00000 0.00000 0.00000 0.00000 0.00000 0.00000
 0.00000 0.00000 0.00000 0.00000 0.00000 0.00000 0.00000 0.00000 0.00000 0.00000
 0.00000 0.00000 0.00000 0.00000 0.00000 0.00000 0.00000 0.00000 0.00000 0.00000
 0.00000 0.00000 0.00000 0.00000 0.00000 0.00000 0.00000 0.00000 0.00000 0.00000
 0.00000 0.00000 0.00000 0.00000 0.00000 0.00000 0.00000 0.00000 0.00000 0.00000
 0.00000 0.00000 0.00000 0.00000 0.00000 0.00000 0.00000 0.00000 0.00000 0.00000
 0.00000 0.00000 0.00000 0.00000 0.00000 0.00000 0.00000 0.00000 0.00000 0.00000
 0.00000 0.00000 0.00000 0.00000 0.00000 0.00000 0.00000 0.00000 0.00000 0.00000
 0.00000 0.00000 0.00000 0.00000 0.00000 0.00000 0.00000 0.00000 0.00000 0.00000
 0.00000 0.00000 0.00000 0.00000 0.00000 0.00000 0.00000 0.00000 0.00000 0.00000
 0.00000 0.00000 0.00000 0.00000 0.00000 0.00000 0.00000 0.00000 0.00000 0.00000
 0.00000 0.00000 0.00000 0.00000 0.00000 0.00000
 == 3-th k-point orbital energies
 -0.94321 -0.41391 -0.32591 -0.30987 -0.30790 -0.28616 -0.28035 -0.24344 -0.22856 -0.22605
 -0.20842 -0.20095 -0.19879 -0.19737 -0.19363 -0.18933 -0.18838 -0.18540 -0.18454 -0.18194
 -0.18110 -0.17987 -0.17686 -0.17503 -0.17472 -0.17300 -0.17124 -0.16791 -0.16334 -0.16228
 -0.16121 -0.15948 -0.15825 -0.15666 -0.15544 -0.15360 -0.15148 -0.14982 -0.14812 -0.14707
 -0.14485 -0.14472 -0.14390 -0.14142 -0.13953 -0.13499 -0.13219 -0.13132 -0.13005 -0.12780
 -0.12658 -0.12621 -0.12542 -0.12309 -0.12093 -0.12014 -0.11789 -0.11695 -0.11465 -0.11414
 -0.11369 -0.11069 -0.11031 -0.10918 -0.10798 -0.10697 -0.10548 -0.10495 -0.09437 -0.08885
 -0.06764 -0.03733 -0.01009 0.01308 0.03216 0.03656 0.05461 0.08927 0.09175 0.11475
 0.14152 0.14473 0.16858 0.20123 0.21169 0.23029 0.24279 0.27466 0.29344 0.32394
 0.32867 0.35057 0.36118 0.38193 0.39673 0.40380 0.41105 0.42852 0.43395 0.44912
 0.45334 0.47124 0.48114 0.48320 0.49471 0.50907 0.51167 0.53586 0.53974 0.54629
 0.55431 0.58624 0.58982 0.60286 0.62337 0.63785 0.63985 0.65372 0.69348 0.69467
 0.70648 0.72824 0.74628 0.75713 0.77145 0.77596 0.79040 0.79547 0.81637 0.82609
 0.85512 0.87330 0.88391 0.89468 0.92327 0.93890 0.95544 0.96245 0.97360 0.98156
 0.99775 1.00648 1.02901 1.04379 1.05728 1.06546 1.07260 1.08910 1.10997 1.12379
 1.13061 1.14763 1.15282 1.16138 1.18296 1.18882 1.19450 1.19470 1.20744 1.22553
 1.23870 1.24577 1.26801 1.28172 1.30049 1.30578 1.30953 1.33196 1.34299 1.34484
 1.35469 1.37576 1.38711 1.41841 1.42964 1.43565 1.44534 1.45271 1.45903 1.46127
 1.46738 1.47943 1.48583 1.49023 1.51913 1.52991 1.53988 1.54816 1.56353 1.57186
 1.57231 1.58037 1.58835 1.59875 1.60594 1.61357 1.61493 1.63023 1.64470 1.65876
 1.66744 1.66881 1.67490 1.67970 1.68558 1.70687 1.71036 1.73370 1.74476 1.75245
 1.75571 1.76642 1.77801 1.78629 1.79354 1.82105 1.82288 1.82349 1.83010 1.84373
 1.85298 1.86577 1.86881 1.88115 1.88382 1.88941 1.91334 1.91895 1.92775 1.93959
 1.95025 1.97703 1.98950 2.00192 2.00923 2.01530 2.03245 2.04848 2.04986 2.06086
 2.06337 2.07722 2.08594 2.08719 2.10474 2.11875 2.13189 2.14815 2.16687 2.16815
 2.18042 2.18750 2.21340 2.22817 2.25161 2.25917 2.27448 2.28670 2.30202 2.32102
 2.32815 2.34432 2.34743 2.35168 2.37057 2.38408 2.38665 2.40276 2.42927 2.45782
 2.47095 2.48416 2.51572 2.52512 2.52791 2.56296 2.58159 2.58847 2.60396 2.63475
 2.64777 2.67645 2.67767 2.68113 2.72777 2.85953 2.91437 2.98477 2.99641 3.01382
 3.04378 3.06097 3.11541 3.15410 3.18457 3.19663 3.20753 3.22850 3.25369 3.27257
 3.30691 3.32122 3.32590 3.33502 3.33987 3.34630 3.37450 3.37894 3.38554 3.38969
 3.39210 3.39327 3.43213 3.48563 3.54590 3.59716 3.61845 3.65291 3.79303 3.92682
 3.95009 4.28295 4.32285 4.32578 4.51463 7.86824
 Occupations: 
 1.00000 1.00000 1.00000 1.00000 1.00000 1.00000 1.00000 1.00000 1.00000 1.00000
 1.00000 1.00000 1.00000 1.00000 1.00000 1.00000 1.00000 1.00000 1.00000 1.00000
 1.00000 1.00000 1.00000 1.00000 1.00000 1.00000 1.00000 1.00000 1.00000 1.00000
 1.00000 1.00000 1.00000 1.00000 1.00000 1.00000 1.00000 1.00000 1.00000 1.00000
 1.00000 1.00000 1.00000 1.00000 1.00000 1.00000 1.00000 1.00000 1.00000 1.00000
 1.00000 1.00000 1.00000 1.00000 1.00000 1.00000 1.00000 1.00000 1.00000 1.00000
 1.00000 1.00000 1.00000 1.00000 1.00000 1.00000 1.00000 1.00000 1.00000 1.00000
 1.00000 0.00002 0.00000 0.00000 0.00000 0.00000 0.00000 0.00000 0.00000 0.00000
 0.00000 0.00000 0.00000 0.00000 0.00000 0.00000 0.00000 0.00000 0.00000 0.00000
 0.00000 0.00000 0.00000 0.00000 0.00000 0.00000 0.00000 0.00000 0.00000 0.00000
 0.00000 0.00000 0.00000 0.00000 0.00000 0.00000 0.00000 0.00000 0.00000 0.00000
 0.00000 0.00000 0.00000 0.00000 0.00000 0.00000 0.00000 0.00000 0.00000 0.00000
 0.00000 0.00000 0.00000 0.00000 0.00000 0.00000 0.00000 0.00000 0.00000 0.00000
 0.00000 0.00000 0.00000 0.00000 0.00000 0.00000 0.00000 0.00000 0.00000 0.00000
 0.00000 0.00000 0.00000 0.00000 0.00000 0.00000 0.00000 0.00000 0.00000 0.00000
 0.00000 0.00000 0.00000 0.00000 0.00000 0.00000 0.00000 0.00000 0.00000 0.00000
 0.00000 0.00000 0.00000 0.00000 0.00000 0.00000 0.00000 0.00000 0.00000 0.00000
 0.00000 0.00000 0.00000 0.00000 0.00000 0.00000 0.00000 0.00000 0.00000 0.00000
 0.00000 0.00000 0.00000 0.00000 0.00000 0.00000 0.00000 0.00000 0.00000 0.00000
 0.00000 0.00000 0.00000 0.00000 0.00000 0.00000 0.00000 0.00000 0.00000 0.00000
 0.00000 0.00000 0.00000 0.00000 0.00000 0.00000 0.00000 0.00000 0.00000 0.00000
 0.00000 0.00000 0.00000 0.00000 0.00000 0.00000 0.00000 0.00000 0.00000 0.00000
 0.00000 0.00000 0.00000 0.00000 0.00000 0.00000 0.00000 0.00000 0.00000 0.00000
 0.00000 0.00000 0.00000 0.00000 0.00000 0.00000 0.00000 0.00000 0.00000 0.00000
 0.00000 0.00000 0.00000 0.00000 0.00000 0.00000 0.00000 0.00000 0.00000 0.00000
 0.00000 0.00000 0.00000 0.00000 0.00000 0.00000 0.00000 0.00000 0.00000 0.00000
 0.00000 0.00000 0.00000 0.00000 0.00000 0.00000 0.00000 0.00000 0.00000 0.00000
 0.00000 0.00000 0.00000 0.00000 0.00000 0.00000 0.00000 0.00000 0.00000 0.00000
 0.00000 0.00000 0.00000 0.00000 0.00000 0.00000 0.00000 0.00000 0.00000 0.00000
 0.00000 0.00000 0.00000 0.00000 0.00000 0.00000 0.00000 0.00000 0.00000 0.00000
 0.00000 0.00000 0.00000 0.00000 0.00000 0.00000 0.00000 0.00000 0.00000 0.00000
 0.00000 0.00000 0.00000 0.00000 0.00000 0.00000 0.00000 0.00000 0.00000 0.00000
 0.00000 0.00000 0.00000 0.00000 0.00000 0.00000
 == 4-th k-point orbital energies
 -0.94321 -0.41391 -0.32591 -0.30988 -0.30789 -0.28616 -0.28035 -0.24344 -0.22856 -0.22605
 -0.20842 -0.20094 -0.19879 -0.19737 -0.19363 -0.18933 -0.18838 -0.18540 -0.18454 -0.18194
 -0.18110 -0.17987 -0.17686 -0.17503 -0.17472 -0.17300 -0.17124 -0.16791 -0.16334 -0.16228
 -0.16121 -0.15949 -0.15825 -0.15666 -0.15544 -0.15360 -0.15148 -0.14982 -0.14812 -0.14707
 -0.14485 -0.14472 -0.14390 -0.14142 -0.13953 -0.13499 -0.13219 -0.13132 -0.13005 -0.12780
 -0.12658 -0.12622 -0.12542 -0.12309 -0.12093 -0.12014 -0.11789 -0.11695 -0.11466 -0.11414
 -0.11369 -0.11069 -0.11031 -0.10918 -0.10797 -0.10697 -0.10548 -0.10495 -0.09437 -0.08885
 -0.06764 -0.03733 -0.01009 0.01308 0.03216 0.03656 0.05462 0.08927 0.09175 0.11475
 0.14152 0.14473 0.16858 0.20123 0.21169 0.23029 0.24279 0.27466 0.29344 0.32394
 0.32867 0.35057 0.36118 0.38193 0.39673 0.40380 0.41105 0.42852 0.43395 0.44912
 0.45334 0.47124 0.48114 0.48320 0.49471 0.50907 0.51167 0.53587 0.53973 0.54629
 0.55431 0.58624 0.58982 0.60286 0.62337 0.63785 0.63985 0.65372 0.69348 0.69467
 0.70648 0.72824 0.74628 0.75713 0.77145 0.77596 0.79040 0.79547 0.81637 0.82609
 0.85512 0.87330 0.88391 0.89468 0.92327 0.93890 0.95544 0.96245 0.97360 0.98156
 0.99775 1.00648 1.02901 1.04379 1.05728 1.06546 1.07260 1.08910 1.10997 1.12379
 1.13061 1.14763 1.15282 1.16138 1.18296 1.18882 1.19450 1.19470 1.20744 1.22553
 1.23870 1.24577 1.26801 1.28172 1.30049 1.30578 1.30953 1.33196 1.34299 1.34484
 1.35469 1.37576 1.38711 1.41841 1.42964 1.43565 1.44534 1.45271 1.45903 1.46127
 1.46738 1.47943 1.48583 1.49023 1.51913 1.52991 1.53988 1.54816 1.56353 1.57186
 1.57231 1.58037 1.58835 1.59875 1.60594 1.61357 1.61493 1.63023 1.64470 1.65876
 1.66744 1.66881 1.67490 1.67970 1.68558 1.70687 1.71036 1.73370 1.74476 1.75245
 1.75571 1.76642 1.77801 1.78629 1.79354 1.82105 1.82288 1.82349 1.83010 1.84373
 1.85298 1.86577 1.86881 1.88115 1.88382 1.88941 1.91334 1.91895 1.92775 1.93959
 1.95025 1.97703 1.98950 2.00192 2.00923 2.01530 2.03245 2.04848 2.04986 2.06086
 2.06337 2.07722 2.08594 2.08719 2.10474 2.11875 2.13189 2.14815 2.16687 2.16815
 2.18042 2.18750 2.21340 2.22817 2.25161 2.25917 2.27448 2.28670 2.30202 2.32102
 2.32815 2.34432 2.34743 2.35168 2.37057 2.38408 2.38665 2.40276 2.42927 2.45782
 2.47095 2.48416 2.51572 2.52512 2.52791 2.56296 2.58159 2.58847 2.60396 2.63475
 2.64777 2.67645 2.67767 2.68113 2.72777 2.85953 2.91437 2.98477 2.99641 3.01382
 3.04378 3.06097 3.11541 3.15410 3.18457 3.19663 3.20753 3.22850 3.25369 3.27257
 3.30691 3.32122 3.32590 3.33502 3.33987 3.34630 3.37450 3.37894 3.38554 3.38969
 3.39210 3.39327 3.43213 3.48563 3.54590 3.59716 3.61845 3.65291 3.79303 3.92682
 3.95009 4.28295 4.32285 4.32578 4.51463 7.86824
 Occupations: 
 1.00000 1.00000 1.00000 1.00000 1.00000 1.00000 1.00000 1.00000 1.00000 1.00000
 1.00000 1.00000 1.00000 1.00000 1.00000 1.00000 1.00000 1.00000 1.00000 1.00000
 1.00000 1.00000 1.00000 1.00000 1.00000 1.00000 1.00000 1.00000 1.00000 1.00000
 1.00000 1.00000 1.00000 1.00000 1.00000 1.00000 1.00000 1.00000 1.00000 1.00000
 1.00000 1.00000 1.00000 1.00000 1.00000 1.00000 1.00000 1.00000 1.00000 1.00000
 1.00000 1.00000 1.00000 1.00000 1.00000 1.00000 1.00000 1.00000 1.00000 1.00000
 1.00000 1.00000 1.00000 1.00000 1.00000 1.00000 1.00000 1.00000 1.00000 1.00000
 1.00000 0.00002 0.00000 0.00000 0.00000 0.00000 0.00000 0.00000 0.00000 0.00000
 0.00000 0.00000 0.00000 0.00000 0.00000 0.00000 0.00000 0.00000 0.00000 0.00000
 0.00000 0.00000 0.00000 0.00000 0.00000 0.00000 0.00000 0.00000 0.00000 0.00000
 0.00000 0.00000 0.00000 0.00000 0.00000 0.00000 0.00000 0.00000 0.00000 0.00000
 0.00000 0.00000 0.00000 0.00000 0.00000 0.00000 0.00000 0.00000 0.00000 0.00000
 0.00000 0.00000 0.00000 0.00000 0.00000 0.00000 0.00000 0.00000 0.00000 0.00000
 0.00000 0.00000 0.00000 0.00000 0.00000 0.00000 0.00000 0.00000 0.00000 0.00000
 0.00000 0.00000 0.00000 0.00000 0.00000 0.00000 0.00000 0.00000 0.00000 0.00000
 0.00000 0.00000 0.00000 0.00000 0.00000 0.00000 0.00000 0.00000 0.00000 0.00000
 0.00000 0.00000 0.00000 0.00000 0.00000 0.00000 0.00000 0.00000 0.00000 0.00000
 0.00000 0.00000 0.00000 0.00000 0.00000 0.00000 0.00000 0.00000 0.00000 0.00000
 0.00000 0.00000 0.00000 0.00000 0.00000 0.00000 0.00000 0.00000 0.00000 0.00000
 0.00000 0.00000 0.00000 0.00000 0.00000 0.00000 0.00000 0.00000 0.00000 0.00000
 0.00000 0.00000 0.00000 0.00000 0.00000 0.00000 0.00000 0.00000 0.00000 0.00000
 0.00000 0.00000 0.00000 0.00000 0.00000 0.00000 0.00000 0.00000 0.00000 0.00000
 0.00000 0.00000 0.00000 0.00000 0.00000 0.00000 0.00000 0.00000 0.00000 0.00000
 0.00000 0.00000 0.00000 0.00000 0.00000 0.00000 0.00000 0.00000 0.00000 0.00000
 0.00000 0.00000 0.00000 0.00000 0.00000 0.00000 0.00000 0.00000 0.00000 0.00000
 0.00000 0.00000 0.00000 0.00000 0.00000 0.00000 0.00000 0.00000 0.00000 0.00000
 0.00000 0.00000 0.00000 0.00000 0.00000 0.00000 0.00000 0.00000 0.00000 0.00000
 0.00000 0.00000 0.00000 0.00000 0.00000 0.00000 0.00000 0.00000 0.00000 0.00000
 0.00000 0.00000 0.00000 0.00000 0.00000 0.00000 0.00000 0.00000 0.00000 0.00000
 0.00000 0.00000 0.00000 0.00000 0.00000 0.00000 0.00000 0.00000 0.00000 0.00000
 0.00000 0.00000 0.00000 0.00000 0.00000 0.00000 0.00000 0.00000 0.00000 0.00000
 0.00000 0.00000 0.00000 0.00000 0.00000 0.00000 0.00000 0.00000 0.00000 0.00000
 0.00000 0.00000 0.00000 0.00000 0.00000 0.00000
 == 5-th k-point orbital energies
 -0.94322 -0.41462 -0.33653 -0.31342 -0.30854 -0.30729 -0.25542 -0.24114 -0.23844 -0.21631
 -0.21404 -0.21107 -0.20691 -0.20078 -0.19642 -0.19478 -0.19365 -0.19196 -0.19031 -0.18655
 -0.18195 -0.18073 -0.17392 -0.17010 -0.16890 -0.16753 -0.16590 -0.16323 -0.16097 -0.15980
 -0.15770 -0.15620 -0.15348 -0.15246 -0.15175 -0.15067 -0.14838 -0.14570 -0.14429 -0.14332
 -0.14161 -0.13928 -0.13832 -0.13606 -0.13485 -0.13413 -0.13310 -0.13120 -0.13079 -0.13017
 -0.12573 -0.12378 -0.12332 -0.12185 -0.11932 -0.11872 -0.11617 -0.11462 -0.11281 -0.11122
 -0.10992 -0.10924 -0.10797 -0.10731 -0.10617 -0.10470 -0.10239 -0.09540 -0.09424 -0.07426
 -0.07279 -0.03997 -0.00048 0.00191 0.02031 0.03433 0.05585 0.06107 0.07088 0.08960
 0.14937 0.15879 0.17801 0.18624 0.21997 0.22892 0.23313 0.25990 0.27522 0.29047
 0.29203 0.32809 0.35751 0.36378 0.38462 0.39027 0.41150 0.42046 0.42884 0.43556
 0.44839 0.48664 0.49386 0.50870 0.51984 0.52902 0.53379 0.54533 0.57440 0.57660
 0.58903 0.59232 0.61036 0.63078 0.64201 0.64540 0.65242 0.66892 0.68694 0.69380
 0.69818 0.70984 0.75136 0.77689 0.79477 0.80342 0.81510 0.82458 0.82595 0.83708
 0.85127 0.85509 0.86647 0.89359 0.91046 0.92434 0.92908 0.93781 0.94866 0.97377
 0.99650 1.01055 1.01413 1.02568 1.03552 1.05000 1.06748 1.09694 1.10540 1.12320
 1.12960 1.14623 1.14799 1.16326 1.16553 1.17399 1.19611 1.19927 1.21413 1.24418
 1.24802 1.25526 1.26137 1.27174 1.28713 1.30699 1.31381 1.32233 1.32770 1.33256
 1.33733 1.34858 1.36747 1.37215 1.39221 1.40667 1.40923 1.42708 1.43927 1.44856
 1.45670 1.46702 1.47587 1.48327 1.48947 1.49788 1.51034 1.52381 1.52828 1.54438
 1.57526 1.60241 1.61708 1.62539 1.64854 1.65459 1.66037 1.66654 1.67184 1.68137
 1.68521 1.70423 1.71981 1.72338 1.72643 1.73638 1.74956 1.76124 1.76596 1.77706
 1.79009 1.81015 1.81100 1.81364 1.83203 1.84014 1.84791 1.85732 1.86039 1.86917
 1.88023 1.90525 1.90884 1.91748 1.93398 1.94147 1.94972 1.96891 1.97770 1.98451
 1.99586 2.00368 2.01688 2.02859 2.02975 2.03916 2.04340 2.06417 2.06760 2.08218
 2.09443 2.11592 2.13127 2.13809 2.15144 2.16210 2.16517 2.17586 2.17907 2.18511
 2.19199 2.20309 2.22132 2.22851 2.23889 2.24769 2.25097 2.26414 2.28038 2.30224
 2.30942 2.31737 2.32107 2.36537 2.37546 2.38584 2.39845 2.40068 2.41500 2.43476
 2.44777 2.49810 2.50221 2.54384 2.54900 2.57803 2.59882 2.64065 2.64460 2.65290
 2.71246 2.71930 2.72556 2.75867 2.76119 2.85249 2.88463 2.91179 2.93918 2.96906
 2.97932 3.00233 3.04837 3.13994 3.18237 3.21080 3.23540 3.25596 3.27605 3.28776
 3.32757 3.33385 3.33655 3.34746 3.37270 3.37775 3.38207 3.38419 3.38636 3.39155
 3.40306 3.41337 3.42679 3.47210 3.50279 3.51855 3.64556 3.68812 3.73987 3.75511
 4.03195 4.25244 4.27212 4.32038 4.51221 7.85502
 Occupations: 
 1.00000 1.00000 1.00000 1.00000 1.00000 1.00000 1.00000 1.00000 1.00000 1.00000
 1.00000 1.00000 1.00000 1.00000 1.00000 1.00000 1.00000 1.00000 1.00000 1.00000
 1.00000 1.00000 1.00000 1.00000 1.00000 1.00000 1.00000 1.00000 1.00000 1.00000
 1.00000 1.00000 1.00000 1.00000 1.00000 1.00000 1.00000 1.00000 1.00000 1.00000
 1.00000 1.00000 1.00000 1.00000 1.00000 1.00000 1.00000 1.00000 1.00000 1.00000
 1.00000 1.00000 1.00000 1.00000 1.00000 1.00000 1.00000 1.00000 1.00000 1.00000
 1.00000 1.00000 1.00000 1.00000 1.00000 1.00000 1.00000 1.00000 1.00000 1.00000
 1.00000 0.00025 0.00000 0.00000 0.00000 0.00000 0.00000 0.00000 0.00000 0.00000
 0.00000 0.00000 0.00000 0.00000 0.00000 0.00000 0.00000 0.00000 0.00000 0.00000
 0.00000 0.00000 0.00000 0.00000 0.00000 0.00000 0.00000 0.00000 0.00000 0.00000
 0.00000 0.00000 0.00000 0.00000 0.00000 0.00000 0.00000 0.00000 0.00000 0.00000
 0.00000 0.00000 0.00000 0.00000 0.00000 0.00000 0.00000 0.00000 0.00000 0.00000
 0.00000 0.00000 0.00000 0.00000 0.00000 0.00000 0.00000 0.00000 0.00000 0.00000
 0.00000 0.00000 0.00000 0.00000 0.00000 0.00000 0.00000 0.00000 0.00000 0.00000
 0.00000 0.00000 0.00000 0.00000 0.00000 0.00000 0.00000 0.00000 0.00000 0.00000
 0.00000 0.00000 0.00000 0.00000 0.00000 0.00000 0.00000 0.00000 0.00000 0.00000
 0.00000 0.00000 0.00000 0.00000 0.00000 0.00000 0.00000 0.00000 0.00000 0.00000
 0.00000 0.00000 0.00000 0.00000 0.00000 0.00000 0.00000 0.00000 0.00000 0.00000
 0.00000 0.00000 0.00000 0.00000 0.00000 0.00000 0.00000 0.00000 0.00000 0.00000
 0.00000 0.00000 0.00000 0.00000 0.00000 0.00000 0.00000 0.00000 0.00000 0.00000
 0.00000 0.00000 0.00000 0.00000 0.00000 0.00000 0.00000 0.00000 0.00000 0.00000
 0.00000 0.00000 0.00000 0.00000 0.00000 0.00000 0.00000 0.00000 0.00000 0.00000
 0.00000 0.00000 0.00000 0.00000 0.00000 0.00000 0.00000 0.00000 0.00000 0.00000
 0.00000 0.00000 0.00000 0.00000 0.00000 0.00000 0.00000 0.00000 0.00000 0.00000
 0.00000 0.00000 0.00000 0.00000 0.00000 0.00000 0.00000 0.00000 0.00000 0.00000
 0.00000 0.00000 0.00000 0.00000 0.00000 0.00000 0.00000 0.00000 0.00000 0.00000
 0.00000 0.00000 0.00000 0.00000 0.00000 0.00000 0.00000 0.00000 0.00000 0.00000
 0.00000 0.00000 0.00000 0.00000 0.00000 0.00000 0.00000 0.00000 0.00000 0.00000
 0.00000 0.00000 0.00000 0.00000 0.00000 0.00000 0.00000 0.00000 0.00000 0.00000
 0.00000 0.00000 0.00000 0.00000 0.00000 0.00000 0.00000 0.00000 0.00000 0.00000
 0.00000 0.00000 0.00000 0.00000 0.00000 0.00000 0.00000 0.00000 0.00000 0.00000
 0.00000 0.00000 0.00000 0.00000 0.00000 0.00000 0.00000 0.00000 0.00000 0.00000
 0.00000 0.00000 0.00000 0.00000 0.00000 0.00000
 == 6-th k-point orbital energies
 -0.94322 -0.41587 -0.35315 -0.32081 -0.30749 -0.30663 -0.27111 -0.23145 -0.22995 -0.22004
 -0.21748 -0.21584 -0.21318 -0.20854 -0.20184 -0.20100 -0.19885 -0.19662 -0.19576 -0.19244
 -0.18562 -0.18506 -0.17218 -0.16573 -0.16363 -0.16277 -0.16099 -0.15850 -0.15741 -0.15534
 -0.15510 -0.15212 -0.15159 -0.15087 -0.14928 -0.14866 -0.14686 -0.14491 -0.14471 -0.14318
 -0.13904 -0.13667 -0.13063 -0.13017 -0.12890 -0.12682 -0.12657 -0.12367 -0.12296 -0.12002
 -0.11865 -0.11667 -0.11598 -0.11341 -0.11273 -0.11168 -0.11166 -0.11017 -0.10998 -0.10825
 -0.10744 -0.10695 -0.10573 -0.10416 -0.10348 -0.10230 -0.10061 -0.09688 -0.07199 -0.05538
 -0.05132 -0.04848 -0.02155 -0.01660 0.00624 0.03164 0.03253 0.04784 0.08157 0.08173
 0.14758 0.15231 0.16088 0.16464 0.18011 0.18581 0.21350 0.23306 0.23552 0.24533
 0.31794 0.32844 0.34089 0.36318 0.38451 0.39344 0.40619 0.42340 0.42409 0.46787
 0.48291 0.48880 0.49253 0.51218 0.52515 0.52860 0.54761 0.56969 0.57043 0.58538
 0.63083 0.63110 0.64564 0.66800 0.68149 0.68286 0.68938 0.70762 0.71212 0.71703
 0.74016 0.74894 0.75740 0.76731 0.78786 0.78953 0.79276 0.80094 0.82111 0.82850
 0.84428 0.84726 0.85675 0.89911 0.90818 0.92509 0.93271 0.93510 0.94879 0.95901
 0.96823 0.97996 0.99091 1.01097 1.04594 1.05276 1.06674 1.06718 1.07886 1.09021
 1.12360 1.12620 1.13316 1.13588 1.15546 1.17233 1.17239 1.18938 1.19639 1.20244
 1.22284 1.22657 1.23538 1.25365 1.27214 1.28316 1.29174 1.30813 1.31837 1.31887
 1.33920 1.35436 1.36224 1.37266 1.38578 1.38804 1.42800 1.43015 1.43886 1.44916
 1.46423 1.47435 1.50299 1.50923 1.51903 1.52866 1.52871 1.54303 1.55601 1.58187
 1.58659 1.59069 1.62322 1.64117 1.64178 1.67307 1.67769 1.67779 1.69652 1.71646
 1.73259 1.73485 1.75569 1.76268 1.77200 1.78987 1.81034 1.81427 1.84078 1.84352
 1.86670 1.87136 1.87798 1.87871 1.88557 1.89179 1.90311 1.90323 1.92155 1.92394
 1.93273 1.93325 1.93512 1.94993 1.95665 1.96525 1.97459 1.99341 1.99354 2.01888
 2.04055 2.04797 2.05382 2.07368 2.07537 2.08160 2.09145 2.10400 2.10766 2.11580
 2.12218 2.12662 2.12731 2.13462 2.14795 2.14899 2.15092 2.16020 2.16463 2.18617
 2.18829 2.20844 2.21712 2.23687 2.24773 2.25137 2.25605 2.28676 2.29738 2.31110
 2.31810 2.33593 2.36003 2.36406 2.36562 2.41132 2.41666 2.43852 2.44638 2.46793
 2.48929 2.51029 2.57082 2.59021 2.61569 2.62265 2.63697 2.64669 2.69400 2.73112
 2.75155 2.75733 2.77423 2.78945 2.82176 2.83661 2.84101 2.88993 2.89484 2.92485
 2.97083 3.01953 3.04811 3.14589 3.15509 3.19111 3.22264 3.22498 3.25451 3.27635
 3.30858 3.34561 3.34877 3.36938 3.37273 3.38775 3.40103 3.41416 3.41729 3.41891
 3.42251 3.43246 3.44010 3.44877 3.45661 3.48573 3.52900 3.59119 3.63721 3.94434
 3.99460 4.06667 4.18877 4.29630 4.50385 7.84417
 Occupations: 
 1.00000 1.00000 1.00000 1.00000 1.00000 1.00000 1.00000 1.00000 1.00000 1.00000
 1.00000 1.00000 1.00000 1.00000 1.00000 1.00000 1.00000 1.00000 1.00000 1.00000
 1.00000 1.00000 1.00000 1.00000 1.00000 1.00000 1.00000 1.00000 1.00000 1.00000
 1.00000 1.00000 1.00000 1.00000 1.00000 1.00000 1.00000 1.00000 1.00000 1.00000
 1.00000 1.00000 1.00000 1.00000 1.00000 1.00000 1.00000 1.00000 1.00000 1.00000
 1.00000 1.00000 1.00000 1.00000 1.00000 1.00000 1.00000 1.00000 1.00000 1.00000
 1.00000 1.00000 1.00000 1.00000 1.00000 1.00000 1.00000 1.00000 1.00000 0.99920
 0.95549 0.55651 0.00000 0.00000 0.00000 0.00000 0.00000 0.00000 0.00000 0.00000
 0.00000 0.00000 0.00000 0.00000 0.00000 0.00000 0.00000 0.00000 0.00000 0.00000
 0.00000 0.00000 0.00000 0.00000 0.00000 0.00000 0.00000 0.00000 0.00000 0.00000
 0.00000 0.00000 0.00000 0.00000 0.00000 0.00000 0.00000 0.00000 0.00000 0.00000
 0.00000 0.00000 0.00000 0.00000 0.00000 0.00000 0.00000 0.00000 0.00000 0.00000
 0.00000 0.00000 0.00000 0.00000 0.00000 0.00000 0.00000 0.00000 0.00000 0.00000
 0.00000 0.00000 0.00000 0.00000 0.00000 0.00000 0.00000 0.00000 0.00000 0.00000
 0.00000 0.00000 0.00000 0.00000 0.00000 0.00000 0.00000 0.00000 0.00000 0.00000
 0.00000 0.00000 0.00000 0.00000 0.00000 0.00000 0.00000 0.00000 0.00000 0.00000
 0.00000 0.00000 0.00000 0.00000 0.00000 0.00000 0.00000 0.00000 0.00000 0.00000
 0.00000 0.00000 0.00000 0.00000 0.00000 0.00000 0.00000 0.00000 0.00000 0.00000
 0.00000 0.00000 0.00000 0.00000 0.00000 0.00000 0.00000 0.00000 0.00000 0.00000
 0.00000 0.00000 0.00000 0.00000 0.00000 0.00000 0.00000 0.00000 0.00000 0.00000
 0.00000 0.00000 0.00000 0.00000 0.00000 0.00000 0.00000 0.00000 0.00000 0.00000
 0.00000 0.00000 0.00000 0.00000 0.00000 0.00000 0.00000 0.00000 0.00000 0.00000
 0.00000 0.00000 0.00000 0.00000 0.00000 0.00000 0.00000 0.00000 0.00000 0.00000
 0.00000 0.00000 0.00000 0.00000 0.00000 0.00000 0.00000 0.00000 0.00000 0.00000
 0.00000 0.00000 0.00000 0.00000 0.00000 0.00000 0.00000 0.00000 0.00000 0.00000
 0.00000 0.00000 0.00000 0.00000 0.00000 0.00000 0.00000 0.00000 0.00000 0.00000
 0.00000 0.00000 0.00000 0.00000 0.00000 0.00000 0.00000 0.00000 0.00000 0.00000
 0.00000 0.00000 0.00000 0.00000 0.00000 0.00000 0.00000 0.00000 0.00000 0.00000
 0.00000 0.00000 0.00000 0.00000 0.00000 0.00000 0.00000 0.00000 0.00000 0.00000
 0.00000 0.00000 0.00000 0.00000 0.00000 0.00000 0.00000 0.00000 0.00000 0.00000
 0.00000 0.00000 0.00000 0.00000 0.00000 0.00000 0.00000 0.00000 0.00000 0.00000
 0.00000 0.00000 0.00000 0.00000 0.00000 0.00000 0.00000 0.00000 0.00000 0.00000
 0.00000 0.00000 0.00000 0.00000 0.00000 0.00000
 == 7-th k-point orbital energies
 -0.94322 -0.41587 -0.35315 -0.32081 -0.30748 -0.30664 -0.27111 -0.23145 -0.22995 -0.22004
 -0.21748 -0.21584 -0.21318 -0.20854 -0.20184 -0.20100 -0.19885 -0.19662 -0.19576 -0.19244
 -0.18562 -0.18506 -0.17218 -0.16573 -0.16363 -0.16277 -0.16099 -0.15850 -0.15741 -0.15534
 -0.15510 -0.15212 -0.15159 -0.15087 -0.14928 -0.14866 -0.14687 -0.14491 -0.14471 -0.14318
 -0.13904 -0.13667 -0.13063 -0.13016 -0.12891 -0.12682 -0.12657 -0.12367 -0.12296 -0.12002
 -0.11865 -0.11667 -0.11598 -0.11341 -0.11273 -0.11168 -0.11166 -0.11016 -0.10998 -0.10825
 -0.10744 -0.10695 -0.10573 -0.10416 -0.10348 -0.10230 -0.10062 -0.09688 -0.07199 -0.05538
 -0.05132 -0.04848 -0.02155 -0.01660 0.00624 0.03164 0.03253 0.04784 0.08157 0.08173
 0.14758 0.15231 0.16088 0.16464 0.18011 0.18581 0.21350 0.23306 0.23552 0.24533
 0.31794 0.32844 0.34089 0.36318 0.38451 0.39344 0.40619 0.42340 0.42409 0.46787
 0.48291 0.48880 0.49253 0.51219 0.52514 0.52860 0.54761 0.56969 0.57043 0.58538
 0.63083 0.63110 0.64564 0.66800 0.68149 0.68285 0.68938 0.70762 0.71212 0.71703
 0.74016 0.74894 0.75739 0.76731 0.78786 0.78953 0.79276 0.80094 0.82111 0.82850
 0.84428 0.84726 0.85675 0.89911 0.90818 0.92509 0.93271 0.93510 0.94879 0.95901
 0.96823 0.97996 0.99091 1.01097 1.04594 1.05276 1.06674 1.06718 1.07886 1.09021
 1.12360 1.12620 1.13316 1.13588 1.15546 1.17233 1.17239 1.18938 1.19639 1.20244
 1.22284 1.22657 1.23538 1.25365 1.27214 1.28316 1.29173 1.30813 1.31837 1.31887
 1.33920 1.35436 1.36224 1.37266 1.38578 1.38804 1.42800 1.43015 1.43886 1.44916
 1.46423 1.47435 1.50299 1.50923 1.51903 1.52866 1.52871 1.54303 1.55601 1.58187
 1.58659 1.59069 1.62322 1.64117 1.64178 1.67307 1.67769 1.67779 1.69652 1.71646
 1.73259 1.73485 1.75569 1.76268 1.77200 1.78987 1.81034 1.81427 1.84078 1.84352
 1.86670 1.87136 1.87798 1.87871 1.88556 1.89179 1.90311 1.90323 1.92155 1.92394
 1.93273 1.93325 1.93512 1.94993 1.95665 1.96525 1.97459 1.99341 1.99354 2.01888
 2.04055 2.04797 2.05381 2.07368 2.07537 2.08160 2.09145 2.10400 2.10766 2.11580
 2.12218 2.12662 2.12731 2.13462 2.14795 2.14899 2.15092 2.16020 2.16463 2.18617
 2.18829 2.20844 2.21712 2.23687 2.24773 2.25137 2.25605 2.28676 2.29738 2.31110
 2.31810 2.33593 2.36003 2.36406 2.36562 2.41132 2.41666 2.43852 2.44638 2.46793
 2.48929 2.51029 2.57082 2.59021 2.61569 2.62265 2.63697 2.64669 2.69400 2.73112
 2.75155 2.75733 2.77423 2.78945 2.82176 2.83661 2.84101 2.88993 2.89484 2.92485
 2.97083 3.01953 3.04811 3.14589 3.15509 3.19111 3.22264 3.22498 3.25451 3.27635
 3.30858 3.34561 3.34877 3.36938 3.37273 3.38775 3.40103 3.41416 3.41729 3.41891
 3.42251 3.43246 3.44010 3.44877 3.45661 3.48573 3.52900 3.59119 3.63721 3.94435
 3.99460 4.06667 4.18877 4.29630 4.50385 7.84417
 Occupations: 
 1.00000 1.00000 1.00000 1.00000 1.00000 1.00000 1.00000 1.00000 1.00000 1.00000
 1.00000 1.00000 1.00000 1.00000 1.00000 1.00000 1.00000 1.00000 1.00000 1.00000
 1.00000 1.00000 1.00000 1.00000 1.00000 1.00000 1.00000 1.00000 1.00000 1.00000
 1.00000 1.00000 1.00000 1.00000 1.00000 1.00000 1.00000 1.00000 1.00000 1.00000
 1.00000 1.00000 1.00000 1.00000 1.00000 1.00000 1.00000 1.00000 1.00000 1.00000
 1.00000 1.00000 1.00000 1.00000 1.00000 1.00000 1.00000 1.00000 1.00000 1.00000
 1.00000 1.00000 1.00000 1.00000 1.00000 1.00000 1.00000 1.00000 1.00000 0.99920
 0.95559 0.55692 0.00000 0.00000 0.00000 0.00000 0.00000 0.00000 0.00000 0.00000
 0.00000 0.00000 0.00000 0.00000 0.00000 0.00000 0.00000 0.00000 0.00000 0.00000
 0.00000 0.00000 0.00000 0.00000 0.00000 0.00000 0.00000 0.00000 0.00000 0.00000
 0.00000 0.00000 0.00000 0.00000 0.00000 0.00000 0.00000 0.00000 0.00000 0.00000
 0.00000 0.00000 0.00000 0.00000 0.00000 0.00000 0.00000 0.00000 0.00000 0.00000
 0.00000 0.00000 0.00000 0.00000 0.00000 0.00000 0.00000 0.00000 0.00000 0.00000
 0.00000 0.00000 0.00000 0.00000 0.00000 0.00000 0.00000 0.00000 0.00000 0.00000
 0.00000 0.00000 0.00000 0.00000 0.00000 0.00000 0.00000 0.00000 0.00000 0.00000
 0.00000 0.00000 0.00000 0.00000 0.00000 0.00000 0.00000 0.00000 0.00000 0.00000
 0.00000 0.00000 0.00000 0.00000 0.00000 0.00000 0.00000 0.00000 0.00000 0.00000
 0.00000 0.00000 0.00000 0.00000 0.00000 0.00000 0.00000 0.00000 0.00000 0.00000
 0.00000 0.00000 0.00000 0.00000 0.00000 0.00000 0.00000 0.00000 0.00000 0.00000
 0.00000 0.00000 0.00000 0.00000 0.00000 0.00000 0.00000 0.00000 0.00000 0.00000
 0.00000 0.00000 0.00000 0.00000 0.00000 0.00000 0.00000 0.00000 0.00000 0.00000
 0.00000 0.00000 0.00000 0.00000 0.00000 0.00000 0.00000 0.00000 0.00000 0.00000
 0.00000 0.00000 0.00000 0.00000 0.00000 0.00000 0.00000 0.00000 0.00000 0.00000
 0.00000 0.00000 0.00000 0.00000 0.00000 0.00000 0.00000 0.00000 0.00000 0.00000
 0.00000 0.00000 0.00000 0.00000 0.00000 0.00000 0.00000 0.00000 0.00000 0.00000
 0.00000 0.00000 0.00000 0.00000 0.00000 0.00000 0.00000 0.00000 0.00000 0.00000
 0.00000 0.00000 0.00000 0.00000 0.00000 0.00000 0.00000 0.00000 0.00000 0.00000
 0.00000 0.00000 0.00000 0.00000 0.00000 0.00000 0.00000 0.00000 0.00000 0.00000
 0.00000 0.00000 0.00000 0.00000 0.00000 0.00000 0.00000 0.00000 0.00000 0.00000
 0.00000 0.00000 0.00000 0.00000 0.00000 0.00000 0.00000 0.00000 0.00000 0.00000
 0.00000 0.00000 0.00000 0.00000 0.00000 0.00000 0.00000 0.00000 0.00000 0.00000
 0.00000 0.00000 0.00000 0.00000 0.00000 0.00000 0.00000 0.00000 0.00000 0.00000
 0.00000 0.00000 0.00000 0.00000 0.00000 0.00000
 == 8-th k-point orbital energies
 -0.94322 -0.41462 -0.33653 -0.31342 -0.30854 -0.30730 -0.25542 -0.24114 -0.23844 -0.21631
 -0.21404 -0.21107 -0.20691 -0.20078 -0.19642 -0.19478 -0.19365 -0.19196 -0.19031 -0.18655
 -0.18195 -0.18073 -0.17392 -0.17010 -0.16890 -0.16753 -0.16590 -0.16323 -0.16097 -0.15980
 -0.15770 -0.15620 -0.15348 -0.15246 -0.15175 -0.15067 -0.14838 -0.14570 -0.14428 -0.14332
 -0.14161 -0.13928 -0.13831 -0.13606 -0.13485 -0.13413 -0.13310 -0.13120 -0.13079 -0.13017
 -0.12573 -0.12378 -0.12331 -0.12185 -0.11932 -0.11872 -0.11617 -0.11462 -0.11281 -0.11123
 -0.10992 -0.10924 -0.10798 -0.10731 -0.10617 -0.10470 -0.10239 -0.09540 -0.09424 -0.07426
 -0.07279 -0.03997 -0.00048 0.00191 0.02031 0.03433 0.05585 0.06107 0.07088 0.08960
 0.14937 0.15879 0.17801 0.18624 0.21997 0.22892 0.23313 0.25990 0.27522 0.29047
 0.29203 0.32809 0.35751 0.36378 0.38462 0.39027 0.41150 0.42046 0.42884 0.43556
 0.44839 0.48664 0.49386 0.50870 0.51984 0.52902 0.53379 0.54533 0.57440 0.57659
 0.58903 0.59232 0.61036 0.63078 0.64201 0.64540 0.65242 0.66891 0.68694 0.69380
 0.69818 0.70984 0.75136 0.77689 0.79477 0.80341 0.81510 0.82458 0.82595 0.83708
 0.85127 0.85509 0.86647 0.89359 0.91046 0.92434 0.92908 0.93781 0.94866 0.97377
 0.99650 1.01055 1.01413 1.02568 1.03552 1.05000 1.06748 1.09694 1.10540 1.12320
 1.12960 1.14623 1.14799 1.16326 1.16553 1.17399 1.19611 1.19927 1.21413 1.24418
 1.24802 1.25526 1.26137 1.27174 1.28713 1.30699 1.31381 1.32233 1.32770 1.33256
 1.33733 1.34858 1.36747 1.37215 1.39221 1.40667 1.40923 1.42708 1.43927 1.44856
 1.45670 1.46702 1.47587 1.48327 1.48947 1.49788 1.51034 1.52381 1.52828 1.54438
 1.57526 1.60241 1.61708 1.62539 1.64854 1.65459 1.66037 1.66654 1.67184 1.68137
 1.68521 1.70423 1.71981 1.72338 1.72643 1.73638 1.74956 1.76124 1.76596 1.77706
 1.79009 1.81015 1.81100 1.81364 1.83203 1.84014 1.84791 1.85732 1.86039 1.86917
 1.88023 1.90525 1.90884 1.91748 1.93398 1.94147 1.94972 1.96891 1.97770 1.98451
 1.99586 2.00368 2.01688 2.02859 2.02975 2.03916 2.04340 2.06417 2.06760 2.08218
 2.09443 2.11592 2.13127 2.13809 2.15144 2.16210 2.16517 2.17586 2.17907 2.18511
 2.19199 2.20309 2.22132 2.22851 2.23889 2.24769 2.25097 2.26414 2.28038 2.30223
 2.30942 2.31737 2.32107 2.36537 2.37546 2.38584 2.39845 2.40068 2.41500 2.43476
 2.44777 2.49810 2.50221 2.54384 2.54900 2.57803 2.59882 2.64065 2.64460 2.65290
 2.71246 2.71930 2.72556 2.75867 2.76119 2.85249 2.88463 2.91179 2.93918 2.96906
 2.97931 3.00233 3.04837 3.13994 3.18237 3.21080 3.23540 3.25596 3.27605 3.28776
 3.32757 3.33385 3.33655 3.34746 3.37270 3.37775 3.38207 3.38419 3.38636 3.39155
 3.40306 3.41337 3.42679 3.47210 3.50279 3.51855 3.64556 3.68812 3.73987 3.75511
 4.03195 4.25244 4.27212 4.32038 4.51221 7.85502
 Occupations: 
 1.00000 1.00000 1.00000 1.00000 1.00000 1.00000 1.00000 1.00000 1.00000 1.00000
 1.00000 1.00000 1.00000 1.00000 1.00000 1.00000 1.00000 1.00000 1.00000 1.00000
 1.00000 1.00000 1.00000 1.00000 1.00000 1.00000 1.00000 1.00000 1.00000 1.00000
 1.00000 1.00000 1.00000 1.00000 1.00000 1.00000 1.00000 1.00000 1.00000 1.00000
 1.00000 1.00000 1.00000 1.00000 1.00000 1.00000 1.00000 1.00000 1.00000 1.00000
 1.00000 1.00000 1.00000 1.00000 1.00000 1.00000 1.00000 1.00000 1.00000 1.00000
 1.00000 1.00000 1.00000 1.00000 1.00000 1.00000 1.00000 1.00000 1.00000 1.00000
 1.00000 0.00025 0.00000 0.00000 0.00000 0.00000 0.00000 0.00000 0.00000 0.00000
 0.00000 0.00000 0.00000 0.00000 0.00000 0.00000 0.00000 0.00000 0.00000 0.00000
 0.00000 0.00000 0.00000 0.00000 0.00000 0.00000 0.00000 0.00000 0.00000 0.00000
 0.00000 0.00000 0.00000 0.00000 0.00000 0.00000 0.00000 0.00000 0.00000 0.00000
 0.00000 0.00000 0.00000 0.00000 0.00000 0.00000 0.00000 0.00000 0.00000 0.00000
 0.00000 0.00000 0.00000 0.00000 0.00000 0.00000 0.00000 0.00000 0.00000 0.00000
 0.00000 0.00000 0.00000 0.00000 0.00000 0.00000 0.00000 0.00000 0.00000 0.00000
 0.00000 0.00000 0.00000 0.00000 0.00000 0.00000 0.00000 0.00000 0.00000 0.00000
 0.00000 0.00000 0.00000 0.00000 0.00000 0.00000 0.00000 0.00000 0.00000 0.00000
 0.00000 0.00000 0.00000 0.00000 0.00000 0.00000 0.00000 0.00000 0.00000 0.00000
 0.00000 0.00000 0.00000 0.00000 0.00000 0.00000 0.00000 0.00000 0.00000 0.00000
 0.00000 0.00000 0.00000 0.00000 0.00000 0.00000 0.00000 0.00000 0.00000 0.00000
 0.00000 0.00000 0.00000 0.00000 0.00000 0.00000 0.00000 0.00000 0.00000 0.00000
 0.00000 0.00000 0.00000 0.00000 0.00000 0.00000 0.00000 0.00000 0.00000 0.00000
 0.00000 0.00000 0.00000 0.00000 0.00000 0.00000 0.00000 0.00000 0.00000 0.00000
 0.00000 0.00000 0.00000 0.00000 0.00000 0.00000 0.00000 0.00000 0.00000 0.00000
 0.00000 0.00000 0.00000 0.00000 0.00000 0.00000 0.00000 0.00000 0.00000 0.00000
 0.00000 0.00000 0.00000 0.00000 0.00000 0.00000 0.00000 0.00000 0.00000 0.00000
 0.00000 0.00000 0.00000 0.00000 0.00000 0.00000 0.00000 0.00000 0.00000 0.00000
 0.00000 0.00000 0.00000 0.00000 0.00000 0.00000 0.00000 0.00000 0.00000 0.00000
 0.00000 0.00000 0.00000 0.00000 0.00000 0.00000 0.00000 0.00000 0.00000 0.00000
 0.00000 0.00000 0.00000 0.00000 0.00000 0.00000 0.00000 0.00000 0.00000 0.00000
 0.00000 0.00000 0.00000 0.00000 0.00000 0.00000 0.00000 0.00000 0.00000 0.00000
 0.00000 0.00000 0.00000 0.00000 0.00000 0.00000 0.00000 0.00000 0.00000 0.00000
 0.00000 0.00000 0.00000 0.00000 0.00000 0.00000 0.00000 0.00000 0.00000 0.00000
 0.00000 0.00000 0.00000 0.00000 0.00000 0.00000
 == 9-th k-point orbital energies
 -0.94321 -0.41391 -0.32591 -0.30987 -0.30790 -0.28616 -0.28035 -0.24344 -0.22856 -0.22605
 -0.20842 -0.20095 -0.19879 -0.19737 -0.19363 -0.18933 -0.18838 -0.18540 -0.18454 -0.18194
 -0.18110 -0.17987 -0.17686 -0.17503 -0.17472 -0.17300 -0.17124 -0.16791 -0.16334 -0.16228
 -0.16121 -0.15948 -0.15825 -0.15666 -0.15544 -0.15360 -0.15148 -0.14982 -0.14812 -0.14707
 -0.14485 -0.14472 -0.14390 -0.14142 -0.13953 -0.13499 -0.13219 -0.13132 -0.13005 -0.12780
 -0.12658 -0.12621 -0.12542 -0.12309 -0.12093 -0.12014 -0.11789 -0.11695 -0.11465 -0.11414
 -0.11369 -0.11069 -0.11031 -0.10918 -0.10798 -0.10697 -0.10548 -0.10495 -0.09437 -0.08885
 -0.06764 -0.03733 -0.01009 0.01308 0.03216 0.03656 0.05461 0.08927 0.09175 0.11475
 0.14152 0.14473 0.16858 0.20123 0.21169 0.23029 0.24279 0.27466 0.29344 0.32394
 0.32867 0.35057 0.36118 0.38193 0.39673 0.40380 0.41105 0.42852 0.43395 0.44912
 0.45334 0.47124 0.48114 0.48320 0.49471 0.50907 0.51167 0.53586 0.53974 0.54629
 0.55431 0.58624 0.58982 0.60286 0.62337 0.63785 0.63985 0.65372 0.69348 0.69467
 0.70648 0.72824 0.74628 0.75713 0.77145 0.77596 0.79040 0.79547 0.81637 0.82609
 0.85512 0.87330 0.88391 0.89468 0.92327 0.93890 0.95544 0.96245 0.97360 0.98156
 0.99775 1.00648 1.02901 1.04379 1.05728 1.06546 1.07260 1.08910 1.10997 1.12379
 1.13061 1.14763 1.15282 1.16138 1.18296 1.18882 1.19450 1.19470 1.20744 1.22553
 1.23870 1.24577 1.26801 1.28172 1.30049 1.30578 1.30953 1.33196 1.34299 1.34484
 1.35469 1.37576 1.38711 1.41841 1.42964 1.43565 1.44534 1.45271 1.45903 1.46127
 1.46738 1.47943 1.48583 1.49023 1.51913 1.52991 1.53988 1.54816 1.56353 1.57186
 1.57231 1.58037 1.58835 1.59875 1.60594 1.61357 1.61493 1.63023 1.64470 1.65876
 1.66744 1.66881 1.67490 1.67970 1.68558 1.70687 1.71036 1.73370 1.74476 1.75245
 1.75571 1.76642 1.77801 1.78629 1.79354 1.82105 1.82288 1.82349 1.83010 1.84373
 1.85298 1.86577 1.86881 1.88115 1.88382 1.88941 1.91334 1.91895 1.92775 1.93959
 1.95025 1.97703 1.98950 2.00192 2.00923 2.01530 2.03245 2.04848 2.04986 2.06086
 2.06337 2.07722 2.08594 2.08719 2.10474 2.11875 2.13189 2.14815 2.16687 2.16815
 2.18042 2.18750 2.21340 2.22817 2.25161 2.25917 2.27448 2.28670 2.30202 2.32102
 2.32815 2.34432 2.34743 2.35168 2.37057 2.38408 2.38665 2.40276 2.42927 2.45782
 2.47095 2.48416 2.51572 2.52512 2.52791 2.56296 2.58159 2.58847 2.60396 2.63475
 2.64777 2.67645 2.67767 2.68113 2.72777 2.85953 2.91437 2.98477 2.99641 3.01382
 3.04378 3.06097 3.11541 3.15410 3.18457 3.19663 3.20753 3.22850 3.25369 3.27257
 3.30691 3.32122 3.32590 3.33502 3.33987 3.34630 3.37450 3.37894 3.38554 3.38969
 3.39210 3.39327 3.43213 3.48563 3.54590 3.59716 3.61845 3.65291 3.79303 3.92682
 3.95009 4.28295 4.32285 4.32578 4.51463 7.86824
 Occupations: 
 1.00000 1.00000 1.00000 1.00000 1.00000 1.00000 1.00000 1.00000 1.00000 1.00000
 1.00000 1.00000 1.00000 1.00000 1.00000 1.00000 1.00000 1.00000 1.00000 1.00000
 1.00000 1.00000 1.00000 1.00000 1.00000 1.00000 1.00000 1.00000 1.00000 1.00000
 1.00000 1.00000 1.00000 1.00000 1.00000 1.00000 1.00000 1.00000 1.00000 1.00000
 1.00000 1.00000 1.00000 1.00000 1.00000 1.00000 1.00000 1.00000 1.00000 1.00000
 1.00000 1.00000 1.00000 1.00000 1.00000 1.00000 1.00000 1.00000 1.00000 1.00000
 1.00000 1.00000 1.00000 1.00000 1.00000 1.00000 1.00000 1.00000 1.00000 1.00000
 1.00000 0.00002 0.00000 0.00000 0.00000 0.00000 0.00000 0.00000 0.00000 0.00000
 0.00000 0.00000 0.00000 0.00000 0.00000 0.00000 0.00000 0.00000 0.00000 0.00000
 0.00000 0.00000 0.00000 0.00000 0.00000 0.00000 0.00000 0.00000 0.00000 0.00000
 0.00000 0.00000 0.00000 0.00000 0.00000 0.00000 0.00000 0.00000 0.00000 0.00000
 0.00000 0.00000 0.00000 0.00000 0.00000 0.00000 0.00000 0.00000 0.00000 0.00000
 0.00000 0.00000 0.00000 0.00000 0.00000 0.00000 0.00000 0.00000 0.00000 0.00000
 0.00000 0.00000 0.00000 0.00000 0.00000 0.00000 0.00000 0.00000 0.00000 0.00000
 0.00000 0.00000 0.00000 0.00000 0.00000 0.00000 0.00000 0.00000 0.00000 0.00000
 0.00000 0.00000 0.00000 0.00000 0.00000 0.00000 0.00000 0.00000 0.00000 0.00000
 0.00000 0.00000 0.00000 0.00000 0.00000 0.00000 0.00000 0.00000 0.00000 0.00000
 0.00000 0.00000 0.00000 0.00000 0.00000 0.00000 0.00000 0.00000 0.00000 0.00000
 0.00000 0.00000 0.00000 0.00000 0.00000 0.00000 0.00000 0.00000 0.00000 0.00000
 0.00000 0.00000 0.00000 0.00000 0.00000 0.00000 0.00000 0.00000 0.00000 0.00000
 0.00000 0.00000 0.00000 0.00000 0.00000 0.00000 0.00000 0.00000 0.00000 0.00000
 0.00000 0.00000 0.00000 0.00000 0.00000 0.00000 0.00000 0.00000 0.00000 0.00000
 0.00000 0.00000 0.00000 0.00000 0.00000 0.00000 0.00000 0.00000 0.00000 0.00000
 0.00000 0.00000 0.00000 0.00000 0.00000 0.00000 0.00000 0.00000 0.00000 0.00000
 0.00000 0.00000 0.00000 0.00000 0.00000 0.00000 0.00000 0.00000 0.00000 0.00000
 0.00000 0.00000 0.00000 0.00000 0.00000 0.00000 0.00000 0.00000 0.00000 0.00000
 0.00000 0.00000 0.00000 0.00000 0.00000 0.00000 0.00000 0.00000 0.00000 0.00000
 0.00000 0.00000 0.00000 0.00000 0.00000 0.00000 0.00000 0.00000 0.00000 0.00000
 0.00000 0.00000 0.00000 0.00000 0.00000 0.00000 0.00000 0.00000 0.00000 0.00000
 0.00000 0.00000 0.00000 0.00000 0.00000 0.00000 0.00000 0.00000 0.00000 0.00000
 0.00000 0.00000 0.00000 0.00000 0.00000 0.00000 0.00000 0.00000 0.00000 0.00000
 0.00000 0.00000 0.00000 0.00000 0.00000 0.00000 0.00000 0.00000 0.00000 0.00000
 0.00000 0.00000 0.00000 0.00000 0.00000 0.00000
 == 10-th k-point orbital energies
 -0.94322 -0.41433 -0.33120 -0.31074 -0.30703 -0.30679 -0.26767 -0.24719 -0.22222 -0.21487
 -0.21143 -0.20980 -0.20408 -0.20164 -0.19756 -0.19212 -0.19196 -0.18967 -0.18945 -0.18370
 -0.18031 -0.17899 -0.17612 -0.17233 -0.17051 -0.16927 -0.16755 -0.16563 -0.16188 -0.16130
 -0.15951 -0.15562 -0.15433 -0.15199 -0.15029 -0.14817 -0.14722 -0.14630 -0.14536 -0.14359
 -0.14337 -0.14124 -0.14094 -0.14014 -0.14008 -0.13803 -0.13336 -0.13167 -0.13100 -0.12940
 -0.12759 -0.12657 -0.12332 -0.12278 -0.12235 -0.12145 -0.11700 -0.11687 -0.11631 -0.11546
 -0.11407 -0.11220 -0.10842 -0.10803 -0.10638 -0.10562 -0.10416 -0.10168 -0.09131 -0.05080
 -0.04913 -0.04391 -0.01865 -0.01195 0.00060 0.03869 0.04131 0.06547 0.09259 0.11249
 0.13749 0.18338 0.18568 0.19787 0.22699 0.23858 0.25613 0.26614 0.28358 0.28700
 0.29444 0.31693 0.33268 0.34815 0.38421 0.38999 0.41037 0.41978 0.42794 0.43267
 0.45304 0.48878 0.50705 0.51004 0.51455 0.53036 0.53416 0.54414 0.55647 0.57294
 0.57903 0.58587 0.60073 0.61783 0.63197 0.63528 0.66802 0.67082 0.68654 0.69795
 0.70411 0.73591 0.73850 0.75081 0.75930 0.78474 0.78548 0.80481 0.81477 0.83260
 0.84302 0.85201 0.87152 0.89876 0.90682 0.92344 0.93496 0.94963 0.97053 0.98938
 0.99409 1.01492 1.02626 1.04372 1.08081 1.08710 1.09937 1.10138 1.11098 1.11382
 1.13676 1.14602 1.15750 1.16624 1.17193 1.20551 1.20868 1.22074 1.23175 1.23980
 1.25100 1.26122 1.28070 1.28527 1.29932 1.30769 1.32622 1.32776 1.33639 1.34253
 1.35404 1.36326 1.36507 1.37655 1.38178 1.40104 1.40279 1.40778 1.41469 1.41718
 1.43885 1.46266 1.46448 1.46853 1.48982 1.49054 1.51376 1.52390 1.53812 1.54163
 1.55420 1.56469 1.57895 1.60326 1.60767 1.61172 1.64050 1.64294 1.65135 1.66680
 1.68222 1.68744 1.70457 1.70936 1.71810 1.72646 1.73597 1.74883 1.75895 1.76157
 1.78963 1.79730 1.81884 1.82474 1.84239 1.84734 1.85554 1.85987 1.86378 1.87783
 1.88681 1.90019 1.91050 1.91395 1.92888 1.95361 1.95728 1.96783 1.97707 1.98436
 1.98699 2.00656 2.01001 2.02053 2.03793 2.04146 2.05267 2.05340 2.07236 2.09027
 2.09544 2.10416 2.12081 2.12936 2.14156 2.15386 2.15725 2.15931 2.16895 2.17352
 2.18362 2.20491 2.22624 2.23346 2.23909 2.24331 2.24916 2.27698 2.28112 2.28482
 2.30486 2.31769 2.32337 2.33430 2.33594 2.37076 2.37689 2.40792 2.41634 2.45229
 2.47729 2.50396 2.52913 2.53490 2.55737 2.56779 2.57290 2.66332 2.67033 2.67193
 2.69301 2.71477 2.72700 2.74326 2.74766 2.77122 2.82284 2.84524 2.86143 2.92496
 2.96057 3.09832 3.10449 3.14400 3.15840 3.19420 3.20433 3.20999 3.24362 3.25302
 3.26929 3.32525 3.33691 3.34768 3.36644 3.36704 3.39723 3.40386 3.42404 3.43097
 3.44232 3.44790 3.45074 3.48596 3.52334 3.55727 3.58332 3.64302 3.86443 4.00575
 4.06123 4.07783 4.30909 4.32371 4.51707 7.85932
 Occupations: 
 1.00000 1.00000 1.00000 1.00000 1.00000 1.00000 1.00000 1.00000 1.00000 1.00000
 1.00000 1.00000 1.00000 1.00000 1.00000 1.00000 1.00000 1.00000 1.00000 1.00000
 1.00000 1.00000 1.00000 1.00000 1.00000 1.00000 1.00000 1.00000 1.00000 1.00000
 1.00000 1.00000 1.00000 1.00000 1.00000 1.00000 1.00000 1.00000 1.00000 1.00000
 1.00000 1.00000 1.00000 1.00000 1.00000 1.00000 1.00000 1.00000 1.00000 1.00000
 1.00000 1.00000 1.00000 1.00000 1.00000 1.00000 1.00000 1.00000 1.00000 1.00000
 1.00000 1.00000 1.00000 1.00000 1.00000 1.00000 1.00000 1.00000 1.00000 0.92764
 0.70686 0.01288 0.00000 0.00000 0.00000 0.00000 0.00000 0.00000 0.00000 0.00000
 0.00000 0.00000 0.00000 0.00000 0.00000 0.00000 0.00000 0.00000 0.00000 0.00000
 0.00000 0.00000 0.00000 0.00000 0.00000 0.00000 0.00000 0.00000 0.00000 0.00000
 0.00000 0.00000 0.00000 0.00000 0.00000 0.00000 0.00000 0.00000 0.00000 0.00000
 0.00000 0.00000 0.00000 0.00000 0.00000 0.00000 0.00000 0.00000 0.00000 0.00000
 0.00000 0.00000 0.00000 0.00000 0.00000 0.00000 0.00000 0.00000 0.00000 0.00000
 0.00000 0.00000 0.00000 0.00000 0.00000 0.00000 0.00000 0.00000 0.00000 0.00000
 0.00000 0.00000 0.00000 0.00000 0.00000 0.00000 0.00000 0.00000 0.00000 0.00000
 0.00000 0.00000 0.00000 0.00000 0.00000 0.00000 0.00000 0.00000 0.00000 0.00000
 0.00000 0.00000 0.00000 0.00000 0.00000 0.00000 0.00000 0.00000 0.00000 0.00000
 0.00000 0.00000 0.00000 0.00000 0.00000 0.00000 0.00000 0.00000 0.00000 0.00000
 0.00000 0.00000 0.00000 0.00000 0.00000 0.00000 0.00000 0.00000 0.00000 0.00000
 0.00000 0.00000 0.00000 0.00000 0.00000 0.00000 0.00000 0.00000 0.00000 0.00000
 0.00000 0.00000 0.00000 0.00000 0.00000 0.00000 0.00000 0.00000 0.00000 0.00000
 0.00000 0.00000 0.00000 0.00000 0.00000 0.00000 0.00000 0.00000 0.00000 0.00000
 0.00000 0.00000 0.00000 0.00000 0.00000 0.00000 0.00000 0.00000 0.00000 0.00000
 0.00000 0.00000 0.00000 0.00000 0.00000 0.00000 0.00000 0.00000 0.00000 0.00000
 0.00000 0.00000 0.00000 0.00000 0.00000 0.00000 0.00000 0.00000 0.00000 0.00000
 0.00000 0.00000 0.00000 0.00000 0.00000 0.00000 0.00000 0.00000 0.00000 0.00000
 0.00000 0.00000 0.00000 0.00000 0.00000 0.00000 0.00000 0.00000 0.00000 0.00000
 0.00000 0.00000 0.00000 0.00000 0.00000 0.00000 0.00000 0.00000 0.00000 0.00000
 0.00000 0.00000 0.00000 0.00000 0.00000 0.00000 0.00000 0.00000 0.00000 0.00000
 0.00000 0.00000 0.00000 0.00000 0.00000 0.00000 0.00000 0.00000 0.00000 0.00000
 0.00000 0.00000 0.00000 0.00000 0.00000 0.00000 0.00000 0.00000 0.00000 0.00000
 0.00000 0.00000 0.00000 0.00000 0.00000 0.00000 0.00000 0.00000 0.00000 0.00000
 0.00000 0.00000 0.00000 0.00000 0.00000 0.00000
 == 11-th k-point orbital energies
 -0.94322 -0.41587 -0.35315 -0.32081 -0.30748 -0.30664 -0.27111 -0.23145 -0.22995 -0.22004
 -0.21748 -0.21584 -0.21318 -0.20854 -0.20184 -0.20100 -0.19885 -0.19662 -0.19576 -0.19244
 -0.18562 -0.18506 -0.17218 -0.16573 -0.16363 -0.16277 -0.16099 -0.15850 -0.15741 -0.15534
 -0.15510 -0.15212 -0.15159 -0.15087 -0.14928 -0.14866 -0.14687 -0.14491 -0.14471 -0.14318
 -0.13904 -0.13667 -0.13063 -0.13016 -0.12891 -0.12682 -0.12657 -0.12367 -0.12296 -0.12002
 -0.11865 -0.11667 -0.11598 -0.11341 -0.11273 -0.11168 -0.11166 -0.11016 -0.10998 -0.10825
 -0.10744 -0.10695 -0.10573 -0.10416 -0.10348 -0.10230 -0.10062 -0.09688 -0.07199 -0.05538
 -0.05132 -0.04848 -0.02155 -0.01660 0.00624 0.03164 0.03253 0.04784 0.08157 0.08173
 0.14758 0.15231 0.16088 0.16464 0.18011 0.18581 0.21350 0.23306 0.23552 0.24533
 0.31794 0.32844 0.34089 0.36318 0.38451 0.39344 0.40619 0.42340 0.42409 0.46787
 0.48291 0.48880 0.49253 0.51219 0.52514 0.52860 0.54761 0.56969 0.57043 0.58538
 0.63083 0.63110 0.64564 0.66800 0.68149 0.68285 0.68938 0.70762 0.71212 0.71703
 0.74016 0.74894 0.75739 0.76731 0.78786 0.78953 0.79276 0.80094 0.82111 0.82850
 0.84428 0.84726 0.85675 0.89911 0.90818 0.92509 0.93271 0.93510 0.94879 0.95901
 0.96823 0.97996 0.99091 1.01097 1.04594 1.05276 1.06674 1.06718 1.07886 1.09021
 1.12360 1.12620 1.13316 1.13588 1.15546 1.17233 1.17239 1.18938 1.19639 1.20244
 1.22284 1.22657 1.23538 1.25365 1.27214 1.28316 1.29173 1.30813 1.31837 1.31887
 1.33920 1.35436 1.36224 1.37266 1.38578 1.38804 1.42800 1.43015 1.43886 1.44916
 1.46423 1.47435 1.50299 1.50923 1.51903 1.52866 1.52871 1.54303 1.55601 1.58187
 1.58659 1.59069 1.62322 1.64117 1.64178 1.67307 1.67769 1.67779 1.69652 1.71646
 1.73259 1.73485 1.75569 1.76268 1.77200 1.78987 1.81034 1.81427 1.84078 1.84352
 1.86670 1.87136 1.87798 1.87871 1.88556 1.89179 1.90311 1.90323 1.92155 1.92394
 1.93273 1.93325 1.93512 1.94993 1.95665 1.96525 1.97459 1.99341 1.99354 2.01888
 2.04055 2.04797 2.05381 2.07368 2.07537 2.08160 2.09145 2.10400 2.10766 2.11580
 2.12218 2.12662 2.12731 2.13462 2.14795 2.14899 2.15092 2.16020 2.16463 2.18617
 2.18829 2.20844 2.21712 2.23687 2.24773 2.25137 2.25605 2.28676 2.29738 2.31110
 2.31810 2.33593 2.36003 2.36406 2.36562 2.41132 2.41666 2.43852 2.44638 2.46793
 2.48929 2.51029 2.57082 2.59021 2.61569 2.62265 2.63697 2.64669 2.69400 2.73112
 2.75155 2.75733 2.77423 2.78945 2.82176 2.83661 2.84101 2.88993 2.89484 2.92485
 2.97083 3.01953 3.04811 3.14589 3.15509 3.19111 3.22264 3.22498 3.25451 3.27635
 3.30858 3.34561 3.34877 3.36938 3.37273 3.38775 3.40103 3.41416 3.41729 3.41891
 3.42251 3.43246 3.44010 3.44877 3.45661 3.48573 3.52900 3.59119 3.63721 3.94435
 3.99460 4.06667 4.18877 4.29630 4.50385 7.84417
 Occupations: 
 1.00000 1.00000 1.00000 1.00000 1.00000 1.00000 1.00000 1.00000 1.00000 1.00000
 1.00000 1.00000 1.00000 1.00000 1.00000 1.00000 1.00000 1.00000 1.00000 1.00000
 1.00000 1.00000 1.00000 1.00000 1.00000 1.00000 1.00000 1.00000 1.00000 1.00000
 1.00000 1.00000 1.00000 1.00000 1.00000 1.00000 1.00000 1.00000 1.00000 1.00000
 1.00000 1.00000 1.00000 1.00000 1.00000 1.00000 1.00000 1.00000 1.00000 1.00000
 1.00000 1.00000 1.00000 1.00000 1.00000 1.00000 1.00000 1.00000 1.00000 1.00000
 1.00000 1.00000 1.00000 1.00000 1.00000 1.00000 1.00000 1.00000 1.00000 0.99920
 0.95559 0.55692 0.00000 0.00000 0.00000 0.00000 0.00000 0.00000 0.00000 0.00000
 0.00000 0.00000 0.00000 0.00000 0.00000 0.00000 0.00000 0.00000 0.00000 0.00000
 0.00000 0.00000 0.00000 0.00000 0.00000 0.00000 0.00000 0.00000 0.00000 0.00000
 0.00000 0.00000 0.00000 0.00000 0.00000 0.00000 0.00000 0.00000 0.00000 0.00000
 0.00000 0.00000 0.00000 0.00000 0.00000 0.00000 0.00000 0.00000 0.00000 0.00000
 0.00000 0.00000 0.00000 0.00000 0.00000 0.00000 0.00000 0.00000 0.00000 0.00000
 0.00000 0.00000 0.00000 0.00000 0.00000 0.00000 0.00000 0.00000 0.00000 0.00000
 0.00000 0.00000 0.00000 0.00000 0.00000 0.00000 0.00000 0.00000 0.00000 0.00000
 0.00000 0.00000 0.00000 0.00000 0.00000 0.00000 0.00000 0.00000 0.00000 0.00000
 0.00000 0.00000 0.00000 0.00000 0.00000 0.00000 0.00000 0.00000 0.00000 0.00000
 0.00000 0.00000 0.00000 0.00000 0.00000 0.00000 0.00000 0.00000 0.00000 0.00000
 0.00000 0.00000 0.00000 0.00000 0.00000 0.00000 0.00000 0.00000 0.00000 0.00000
 0.00000 0.00000 0.00000 0.00000 0.00000 0.00000 0.00000 0.00000 0.00000 0.00000
 0.00000 0.00000 0.00000 0.00000 0.00000 0.00000 0.00000 0.00000 0.00000 0.00000
 0.00000 0.00000 0.00000 0.00000 0.00000 0.00000 0.00000 0.00000 0.00000 0.00000
 0.00000 0.00000 0.00000 0.00000 0.00000 0.00000 0.00000 0.00000 0.00000 0.00000
 0.00000 0.00000 0.00000 0.00000 0.00000 0.00000 0.00000 0.00000 0.00000 0.00000
 0.00000 0.00000 0.00000 0.00000 0.00000 0.00000 0.00000 0.00000 0.00000 0.00000
 0.00000 0.00000 0.00000 0.00000 0.00000 0.00000 0.00000 0.00000 0.00000 0.00000
 0.00000 0.00000 0.00000 0.00000 0.00000 0.00000 0.00000 0.00000 0.00000 0.00000
 0.00000 0.00000 0.00000 0.00000 0.00000 0.00000 0.00000 0.00000 0.00000 0.00000
 0.00000 0.00000 0.00000 0.00000 0.00000 0.00000 0.00000 0.00000 0.00000 0.00000
 0.00000 0.00000 0.00000 0.00000 0.00000 0.00000 0.00000 0.00000 0.00000 0.00000
 0.00000 0.00000 0.00000 0.00000 0.00000 0.00000 0.00000 0.00000 0.00000 0.00000
 0.00000 0.00000 0.00000 0.00000 0.00000 0.00000 0.00000 0.00000 0.00000 0.00000
 0.00000 0.00000 0.00000 0.00000 0.00000 0.00000
 == 12-th k-point orbital energies
 -0.94321 -0.41693 -0.36285 -0.32433 -0.30641 -0.30640 -0.27888 -0.23814 -0.22230 -0.22230
 -0.21848 -0.21760 -0.21759 -0.21145 -0.20472 -0.20472 -0.20063 -0.20062 -0.20027 -0.19667
 -0.18691 -0.18691 -0.17213 -0.16453 -0.16453 -0.16268 -0.15824 -0.15583 -0.15583 -0.15410
 -0.15409 -0.15185 -0.15095 -0.15095 -0.14838 -0.14682 -0.14682 -0.14298 -0.14041 -0.14041
 -0.13593 -0.13593 -0.12663 -0.12662 -0.12497 -0.12497 -0.12476 -0.12242 -0.11608 -0.11608
 -0.11200 -0.11124 -0.11124 -0.10881 -0.10770 -0.10770 -0.10687 -0.10687 -0.10536 -0.10536
 -0.10398 -0.10304 -0.10304 -0.09819 -0.09819 -0.09721 -0.09519 -0.08002 -0.05467 -0.05467
 -0.04530 -0.01791 -0.01791 -0.00818 -0.00258 0.00862 0.00862 0.01165 0.07061 0.07061
 0.13587 0.13738 0.13738 0.15316 0.17427 0.17427 0.20089 0.21503 0.21503 0.22786
 0.30019 0.32062 0.32062 0.36692 0.38386 0.38386 0.39764 0.45733 0.47202 0.47202
 0.47436 0.51841 0.52009 0.52009 0.55706 0.55707 0.56540 0.56684 0.57211 0.57211
 0.61826 0.65054 0.65693 0.65694 0.69049 0.69049 0.69143 0.73424 0.75126 0.75309
 0.75309 0.77348 0.78042 0.78042 0.78975 0.78976 0.82691 0.83072 0.83072 0.84134
 0.84301 0.84301 0.86826 0.86826 0.88372 0.88531 0.88531 0.90141 0.91021 0.95949
 0.95949 0.97272 0.99936 0.99936 1.02811 1.02811 1.06569 1.06569 1.07970 1.09723
 1.10856 1.10856 1.12705 1.12705 1.13591 1.13591 1.17138 1.17138 1.19317 1.21095
 1.23104 1.23104 1.25010 1.25823 1.25823 1.27524 1.27524 1.28193 1.29606 1.31067
 1.31067 1.33587 1.36753 1.36753 1.42948 1.45037 1.45037 1.45583 1.45583 1.47387
 1.48397 1.49032 1.49032 1.51966 1.51966 1.56355 1.56355 1.58491 1.58491 1.58768
 1.60240 1.64026 1.64026 1.68136 1.68164 1.68164 1.68412 1.72065 1.72913 1.72913
 1.77002 1.78765 1.78765 1.79606 1.81832 1.81832 1.86058 1.86058 1.87791 1.87791
 1.89270 1.92045 1.92045 1.92134 1.94114 1.94550 1.94550 1.95520 1.95520 1.96008
 1.96008 1.96025 1.96052 2.00525 2.01003 2.01003 2.03178 2.03399 2.03399 2.03842
 2.05272 2.05272 2.06787 2.07312 2.07312 2.07361 2.07828 2.07828 2.08441 2.09847
 2.09847 2.10803 2.11141 2.11141 2.14491 2.16992 2.17247 2.17247 2.18376 2.18599
 2.18599 2.20660 2.20660 2.20820 2.20820 2.21701 2.22795 2.22795 2.29813 2.30146
 2.30146 2.33269 2.33480 2.33480 2.40867 2.41151 2.41151 2.42559 2.47297 2.47297
 2.54568 2.57104 2.57104 2.61711 2.61799 2.61799 2.75330 2.75330 2.75335 2.75837
 2.75837 2.75952 2.77346 2.82354 2.84540 2.89156 2.93493 2.93763 2.93763 2.93897
 2.97706 2.97706 3.07593 3.07593 3.20801 3.21851 3.21851 3.23209 3.27606 3.30602
 3.30602 3.42338 3.42338 3.42572 3.43121 3.43121 3.43187 3.44626 3.44626 3.44884
 3.44884 3.45378 3.45378 3.45998 3.46040 3.46040 3.53082 3.56335 3.56335 3.74063
 3.81341 3.81341 4.07434 4.24722 4.48899 7.84031
 Occupations: 
 1.00000 1.00000 1.00000 1.00000 1.00000 1.00000 1.00000 1.00000 1.00000 1.00000
 1.00000 1.00000 1.00000 1.00000 1.00000 1.00000 1.00000 1.00000 1.00000 1.00000
 1.00000 1.00000 1.00000 1.00000 1.00000 1.00000 1.00000 1.00000 1.00000 1.00000
 1.00000 1.00000 1.00000 1.00000 1.00000 1.00000 1.00000 1.00000 1.00000 1.00000
 1.00000 1.00000 1.00000 1.00000 1.00000 1.00000 1.00000 1.00000 1.00000 1.00000
 1.00000 1.00000 1.00000 1.00000 1.00000 1.00000 1.00000 1.00000 1.00000 1.00000
 1.00000 1.00000 1.00000 1.00000 1.00000 1.00000 1.00000 1.00000 0.99837 0.99837
 0.04957 0.00000 0.00000 0.00000 0.00000 0.00000 0.00000 0.00000 0.00000 0.00000
 0.00000 0.00000 0.00000 0.00000 0.00000 0.00000 0.00000 0.00000 0.00000 0.00000
 0.00000 0.00000 0.00000 0.00000 0.00000 0.00000 0.00000 0.00000 0.00000 0.00000
 0.00000 0.00000 0.00000 0.00000 0.00000 0.00000 0.00000 0.00000 0.00000 0.00000
 0.00000 0.00000 0.00000 0.00000 0.00000 0.00000 0.00000 0.00000 0.00000 0.00000
 0.00000 0.00000 0.00000 0.00000 0.00000 0.00000 0.00000 0.00000 0.00000 0.00000
 0.00000 0.00000 0.00000 0.00000 0.00000 0.00000 0.00000 0.00000 0.00000 0.00000
 0.00000 0.00000 0.00000 0.00000 0.00000 0.00000 0.00000 0.00000 0.00000 0.00000
 0.00000 0.00000 0.00000 0.00000 0.00000 0.00000 0.00000 0.00000 0.00000 0.00000
 0.00000 0.00000 0.00000 0.00000 0.00000 0.00000 0.00000 0.00000 0.00000 0.00000
 0.00000 0.00000 0.00000 0.00000 0.00000 0.00000 0.00000 0.00000 0.00000 0.00000
 0.00000 0.00000 0.00000 0.00000 0.00000 0.00000 0.00000 0.00000 0.00000 0.00000
 0.00000 0.00000 0.00000 0.00000 0.00000 0.00000 0.00000 0.00000 0.00000 0.00000
 0.00000 0.00000 0.00000 0.00000 0.00000 0.00000 0.00000 0.00000 0.00000 0.00000
 0.00000 0.00000 0.00000 0.00000 0.00000 0.00000 0.00000 0.00000 0.00000 0.00000
 0.00000 0.00000 0.00000 0.00000 0.00000 0.00000 0.00000 0.00000 0.00000 0.00000
 0.00000 0.00000 0.00000 0.00000 0.00000 0.00000 0.00000 0.00000 0.00000 0.00000
 0.00000 0.00000 0.00000 0.00000 0.00000 0.00000 0.00000 0.00000 0.00000 0.00000
 0.00000 0.00000 0.00000 0.00000 0.00000 0.00000 0.00000 0.00000 0.00000 0.00000
 0.00000 0.00000 0.00000 0.00000 0.00000 0.00000 0.00000 0.00000 0.00000 0.00000
 0.00000 0.00000 0.00000 0.00000 0.00000 0.00000 0.00000 0.00000 0.00000 0.00000
 0.00000 0.00000 0.00000 0.00000 0.00000 0.00000 0.00000 0.00000 0.00000 0.00000
 0.00000 0.00000 0.00000 0.00000 0.00000 0.00000 0.00000 0.00000 0.00000 0.00000
 0.00000 0.00000 0.00000 0.00000 0.00000 0.00000 0.00000 0.00000 0.00000 0.00000
 0.00000 0.00000 0.00000 0.00000 0.00000 0.00000 0.00000 0.00000 0.00000 0.00000
 0.00000 0.00000 0.00000 0.00000 0.00000 0.00000
 == 13-th k-point orbital energies
 -0.94322 -0.41587 -0.35315 -0.32081 -0.30748 -0.30664 -0.27111 -0.23145 -0.22995 -0.22004
 -0.21748 -0.21584 -0.21318 -0.20854 -0.20184 -0.20100 -0.19885 -0.19662 -0.19576 -0.19244
 -0.18562 -0.18506 -0.17218 -0.16573 -0.16363 -0.16277 -0.16099 -0.15850 -0.15741 -0.15534
 -0.15510 -0.15212 -0.15159 -0.15087 -0.14928 -0.14866 -0.14687 -0.14491 -0.14471 -0.14318
 -0.13904 -0.13667 -0.13063 -0.13016 -0.12891 -0.12682 -0.12657 -0.12367 -0.12296 -0.12002
 -0.11865 -0.11667 -0.11598 -0.11341 -0.11273 -0.11168 -0.11166 -0.11016 -0.10998 -0.10825
 -0.10744 -0.10695 -0.10573 -0.10416 -0.10348 -0.10230 -0.10062 -0.09688 -0.07199 -0.05538
 -0.05132 -0.04848 -0.02155 -0.01660 0.00624 0.03164 0.03253 0.04784 0.08157 0.08173
 0.14758 0.15231 0.16088 0.16464 0.18011 0.18581 0.21350 0.23306 0.23552 0.24533
 0.31794 0.32844 0.34089 0.36318 0.38451 0.39344 0.40619 0.42340 0.42409 0.46787
 0.48291 0.48880 0.49253 0.51219 0.52514 0.52860 0.54761 0.56969 0.57043 0.58538
 0.63083 0.63110 0.64564 0.66800 0.68149 0.68285 0.68938 0.70762 0.71212 0.71703
 0.74016 0.74894 0.75739 0.76731 0.78786 0.78953 0.79276 0.80094 0.82111 0.82850
 0.84428 0.84726 0.85675 0.89911 0.90818 0.92509 0.93271 0.93510 0.94879 0.95901
 0.96823 0.97996 0.99091 1.01097 1.04594 1.05276 1.06674 1.06718 1.07886 1.09021
 1.12360 1.12620 1.13316 1.13588 1.15546 1.17233 1.17239 1.18938 1.19639 1.20244
 1.22284 1.22657 1.23538 1.25365 1.27214 1.28316 1.29173 1.30813 1.31837 1.31887
 1.33920 1.35436 1.36224 1.37266 1.38578 1.38804 1.42800 1.43015 1.43886 1.44916
 1.46423 1.47435 1.50299 1.50923 1.51903 1.52866 1.52871 1.54303 1.55601 1.58187
 1.58659 1.59069 1.62322 1.64117 1.64178 1.67307 1.67769 1.67779 1.69652 1.71646
 1.73259 1.73485 1.75569 1.76268 1.77200 1.78987 1.81034 1.81427 1.84078 1.84352
 1.86670 1.87136 1.87798 1.87871 1.88556 1.89179 1.90311 1.90323 1.92155 1.92394
 1.93273 1.93325 1.93512 1.94993 1.95665 1.96525 1.97459 1.99341 1.99354 2.01888
 2.04055 2.04797 2.05381 2.07368 2.07537 2.08160 2.09145 2.10400 2.10766 2.11580
 2.12218 2.12662 2.12731 2.13462 2.14795 2.14899 2.15092 2.16020 2.16463 2.18617
 2.18829 2.20844 2.21712 2.23687 2.24773 2.25137 2.25605 2.28676 2.29738 2.31110
 2.31810 2.33593 2.36003 2.36406 2.36562 2.41132 2.41666 2.43852 2.44638 2.46793
 2.48929 2.51029 2.57082 2.59021 2.61569 2.62265 2.63697 2.64669 2.69400 2.73112
 2.75155 2.75733 2.77423 2.78945 2.82176 2.83661 2.84101 2.88993 2.89484 2.92485
 2.97083 3.01953 3.04811 3.14589 3.15509 3.19111 3.22264 3.22498 3.25451 3.27635
 3.30858 3.34561 3.34877 3.36938 3.37273 3.38775 3.40103 3.41416 3.41729 3.41891
 3.42251 3.43246 3.44010 3.44877 3.45661 3.48573 3.52900 3.59119 3.63721 3.94435
 3.99460 4.06667 4.18877 4.29630 4.50385 7.84417
 Occupations: 
 1.00000 1.00000 1.00000 1.00000 1.00000 1.00000 1.00000 1.00000 1.00000 1.00000
 1.00000 1.00000 1.00000 1.00000 1.00000 1.00000 1.00000 1.00000 1.00000 1.00000
 1.00000 1.00000 1.00000 1.00000 1.00000 1.00000 1.00000 1.00000 1.00000 1.00000
 1.00000 1.00000 1.00000 1.00000 1.00000 1.00000 1.00000 1.00000 1.00000 1.00000
 1.00000 1.00000 1.00000 1.00000 1.00000 1.00000 1.00000 1.00000 1.00000 1.00000
 1.00000 1.00000 1.00000 1.00000 1.00000 1.00000 1.00000 1.00000 1.00000 1.00000
 1.00000 1.00000 1.00000 1.00000 1.00000 1.00000 1.00000 1.00000 1.00000 0.99920
 0.95559 0.55692 0.00000 0.00000 0.00000 0.00000 0.00000 0.00000 0.00000 0.00000
 0.00000 0.00000 0.00000 0.00000 0.00000 0.00000 0.00000 0.00000 0.00000 0.00000
 0.00000 0.00000 0.00000 0.00000 0.00000 0.00000 0.00000 0.00000 0.00000 0.00000
 0.00000 0.00000 0.00000 0.00000 0.00000 0.00000 0.00000 0.00000 0.00000 0.00000
 0.00000 0.00000 0.00000 0.00000 0.00000 0.00000 0.00000 0.00000 0.00000 0.00000
 0.00000 0.00000 0.00000 0.00000 0.00000 0.00000 0.00000 0.00000 0.00000 0.00000
 0.00000 0.00000 0.00000 0.00000 0.00000 0.00000 0.00000 0.00000 0.00000 0.00000
 0.00000 0.00000 0.00000 0.00000 0.00000 0.00000 0.00000 0.00000 0.00000 0.00000
 0.00000 0.00000 0.00000 0.00000 0.00000 0.00000 0.00000 0.00000 0.00000 0.00000
 0.00000 0.00000 0.00000 0.00000 0.00000 0.00000 0.00000 0.00000 0.00000 0.00000
 0.00000 0.00000 0.00000 0.00000 0.00000 0.00000 0.00000 0.00000 0.00000 0.00000
 0.00000 0.00000 0.00000 0.00000 0.00000 0.00000 0.00000 0.00000 0.00000 0.00000
 0.00000 0.00000 0.00000 0.00000 0.00000 0.00000 0.00000 0.00000 0.00000 0.00000
 0.00000 0.00000 0.00000 0.00000 0.00000 0.00000 0.00000 0.00000 0.00000 0.00000
 0.00000 0.00000 0.00000 0.00000 0.00000 0.00000 0.00000 0.00000 0.00000 0.00000
 0.00000 0.00000 0.00000 0.00000 0.00000 0.00000 0.00000 0.00000 0.00000 0.00000
 0.00000 0.00000 0.00000 0.00000 0.00000 0.00000 0.00000 0.00000 0.00000 0.00000
 0.00000 0.00000 0.00000 0.00000 0.00000 0.00000 0.00000 0.00000 0.00000 0.00000
 0.00000 0.00000 0.00000 0.00000 0.00000 0.00000 0.00000 0.00000 0.00000 0.00000
 0.00000 0.00000 0.00000 0.00000 0.00000 0.00000 0.00000 0.00000 0.00000 0.00000
 0.00000 0.00000 0.00000 0.00000 0.00000 0.00000 0.00000 0.00000 0.00000 0.00000
 0.00000 0.00000 0.00000 0.00000 0.00000 0.00000 0.00000 0.00000 0.00000 0.00000
 0.00000 0.00000 0.00000 0.00000 0.00000 0.00000 0.00000 0.00000 0.00000 0.00000
 0.00000 0.00000 0.00000 0.00000 0.00000 0.00000 0.00000 0.00000 0.00000 0.00000
 0.00000 0.00000 0.00000 0.00000 0.00000 0.00000 0.00000 0.00000 0.00000 0.00000
 0.00000 0.00000 0.00000 0.00000 0.00000 0.00000
 == 14-th k-point orbital energies
 -0.94322 -0.41433 -0.33120 -0.31074 -0.30703 -0.30679 -0.26767 -0.24719 -0.22222 -0.21487
 -0.21143 -0.20980 -0.20408 -0.20164 -0.19756 -0.19212 -0.19196 -0.18967 -0.18945 -0.18370
 -0.18031 -0.17899 -0.17612 -0.17233 -0.17051 -0.16927 -0.16755 -0.16563 -0.16188 -0.16130
 -0.15951 -0.15562 -0.15433 -0.15199 -0.15029 -0.14817 -0.14722 -0.14630 -0.14536 -0.14359
 -0.14337 -0.14124 -0.14094 -0.14014 -0.14008 -0.13803 -0.13336 -0.13167 -0.13100 -0.12940
 -0.12759 -0.12657 -0.12332 -0.12278 -0.12235 -0.12145 -0.11700 -0.11687 -0.11631 -0.11546
 -0.11407 -0.11220 -0.10842 -0.10803 -0.10638 -0.10562 -0.10416 -0.10168 -0.09131 -0.05080
 -0.04913 -0.04391 -0.01865 -0.01195 0.00060 0.03869 0.04131 0.06547 0.09259 0.11249
 0.13749 0.18338 0.18568 0.19787 0.22699 0.23858 0.25613 0.26614 0.28358 0.28700
 0.29444 0.31693 0.33268 0.34815 0.38421 0.38999 0.41037 0.41978 0.42794 0.43267
 0.45304 0.48878 0.50705 0.51004 0.51455 0.53036 0.53416 0.54414 0.55647 0.57294
 0.57903 0.58587 0.60073 0.61783 0.63197 0.63528 0.66802 0.67082 0.68654 0.69795
 0.70411 0.73591 0.73850 0.75081 0.75930 0.78474 0.78548 0.80481 0.81477 0.83260
 0.84302 0.85201 0.87152 0.89876 0.90682 0.92344 0.93496 0.94963 0.97053 0.98938
 0.99409 1.01492 1.02626 1.04372 1.08081 1.08710 1.09937 1.10138 1.11098 1.11382
 1.13676 1.14602 1.15750 1.16624 1.17193 1.20551 1.20868 1.22074 1.23175 1.23980
 1.25100 1.26122 1.28070 1.28527 1.29932 1.30769 1.32622 1.32776 1.33639 1.34253
 1.35404 1.36326 1.36507 1.37655 1.38178 1.40104 1.40279 1.40778 1.41469 1.41718
 1.43885 1.46266 1.46448 1.46853 1.48982 1.49054 1.51376 1.52390 1.53812 1.54163
 1.55420 1.56469 1.57895 1.60326 1.60767 1.61172 1.64050 1.64294 1.65135 1.66680
 1.68222 1.68744 1.70457 1.70936 1.71810 1.72646 1.73597 1.74883 1.75895 1.76157
 1.78963 1.79730 1.81884 1.82474 1.84239 1.84734 1.85554 1.85987 1.86378 1.87783
 1.88681 1.90019 1.91050 1.91395 1.92888 1.95361 1.95728 1.96783 1.97707 1.98436
 1.98699 2.00656 2.01001 2.02053 2.03793 2.04146 2.05267 2.05340 2.07236 2.09027
 2.09544 2.10416 2.12081 2.12936 2.14156 2.15386 2.15725 2.15931 2.16895 2.17352
 2.18362 2.20491 2.22624 2.23346 2.23909 2.24331 2.24916 2.27698 2.28112 2.28482
 2.30486 2.31769 2.32337 2.33430 2.33594 2.37076 2.37689 2.40792 2.41634 2.45229
 2.47729 2.50396 2.52913 2.53490 2.55737 2.56779 2.57290 2.66332 2.67033 2.67193
 2.69301 2.71477 2.72700 2.74326 2.74766 2.77122 2.82284 2.84524 2.86143 2.92496
 2.96057 3.09832 3.10449 3.14400 3.15840 3.19420 3.20433 3.20999 3.24362 3.25302
 3.26929 3.32525 3.33691 3.34768 3.36644 3.36704 3.39723 3.40386 3.42404 3.43097
 3.44232 3.44790 3.45074 3.48596 3.52334 3.55727 3.58332 3.64302 3.86443 4.00575
 4.06123 4.07783 4.30909 4.32371 4.51707 7.85932
 Occupations: 
 1.00000 1.00000 1.00000 1.00000 1.00000 1.00000 1.00000 1.00000 1.00000 1.00000
 1.00000 1.00000 1.00000 1.00000 1.00000 1.00000 1.00000 1.00000 1.00000 1.00000
 1.00000 1.00000 1.00000 1.00000 1.00000 1.00000 1.00000 1.00000 1.00000 1.00000
 1.00000 1.00000 1.00000 1.00000 1.00000 1.00000 1.00000 1.00000 1.00000 1.00000
 1.00000 1.00000 1.00000 1.00000 1.00000 1.00000 1.00000 1.00000 1.00000 1.00000
 1.00000 1.00000 1.00000 1.00000 1.00000 1.00000 1.00000 1.00000 1.00000 1.00000
 1.00000 1.00000 1.00000 1.00000 1.00000 1.00000 1.00000 1.00000 1.00000 0.92764
 0.70686 0.01288 0.00000 0.00000 0.00000 0.00000 0.00000 0.00000 0.00000 0.00000
 0.00000 0.00000 0.00000 0.00000 0.00000 0.00000 0.00000 0.00000 0.00000 0.00000
 0.00000 0.00000 0.00000 0.00000 0.00000 0.00000 0.00000 0.00000 0.00000 0.00000
 0.00000 0.00000 0.00000 0.00000 0.00000 0.00000 0.00000 0.00000 0.00000 0.00000
 0.00000 0.00000 0.00000 0.00000 0.00000 0.00000 0.00000 0.00000 0.00000 0.00000
 0.00000 0.00000 0.00000 0.00000 0.00000 0.00000 0.00000 0.00000 0.00000 0.00000
 0.00000 0.00000 0.00000 0.00000 0.00000 0.00000 0.00000 0.00000 0.00000 0.00000
 0.00000 0.00000 0.00000 0.00000 0.00000 0.00000 0.00000 0.00000 0.00000 0.00000
 0.00000 0.00000 0.00000 0.00000 0.00000 0.00000 0.00000 0.00000 0.00000 0.00000
 0.00000 0.00000 0.00000 0.00000 0.00000 0.00000 0.00000 0.00000 0.00000 0.00000
 0.00000 0.00000 0.00000 0.00000 0.00000 0.00000 0.00000 0.00000 0.00000 0.00000
 0.00000 0.00000 0.00000 0.00000 0.00000 0.00000 0.00000 0.00000 0.00000 0.00000
 0.00000 0.00000 0.00000 0.00000 0.00000 0.00000 0.00000 0.00000 0.00000 0.00000
 0.00000 0.00000 0.00000 0.00000 0.00000 0.00000 0.00000 0.00000 0.00000 0.00000
 0.00000 0.00000 0.00000 0.00000 0.00000 0.00000 0.00000 0.00000 0.00000 0.00000
 0.00000 0.00000 0.00000 0.00000 0.00000 0.00000 0.00000 0.00000 0.00000 0.00000
 0.00000 0.00000 0.00000 0.00000 0.00000 0.00000 0.00000 0.00000 0.00000 0.00000
 0.00000 0.00000 0.00000 0.00000 0.00000 0.00000 0.00000 0.00000 0.00000 0.00000
 0.00000 0.00000 0.00000 0.00000 0.00000 0.00000 0.00000 0.00000 0.00000 0.00000
 0.00000 0.00000 0.00000 0.00000 0.00000 0.00000 0.00000 0.00000 0.00000 0.00000
 0.00000 0.00000 0.00000 0.00000 0.00000 0.00000 0.00000 0.00000 0.00000 0.00000
 0.00000 0.00000 0.00000 0.00000 0.00000 0.00000 0.00000 0.00000 0.00000 0.00000
 0.00000 0.00000 0.00000 0.00000 0.00000 0.00000 0.00000 0.00000 0.00000 0.00000
 0.00000 0.00000 0.00000 0.00000 0.00000 0.00000 0.00000 0.00000 0.00000 0.00000
 0.00000 0.00000 0.00000 0.00000 0.00000 0.00000 0.00000 0.00000 0.00000 0.00000
 0.00000 0.00000 0.00000 0.00000 0.00000 0.00000
 == 15-th k-point orbital energies
 -0.94321 -0.41391 -0.32591 -0.30987 -0.30790 -0.28616 -0.28035 -0.24344 -0.22856 -0.22605
 -0.20842 -0.20095 -0.19879 -0.19737 -0.19363 -0.18933 -0.18838 -0.18540 -0.18454 -0.18194
 -0.18110 -0.17987 -0.17686 -0.17503 -0.17472 -0.17300 -0.17124 -0.16791 -0.16334 -0.16228
 -0.16121 -0.15948 -0.15825 -0.15666 -0.15544 -0.15360 -0.15148 -0.14982 -0.14812 -0.14707
 -0.14485 -0.14472 -0.14390 -0.14142 -0.13953 -0.13499 -0.13219 -0.13132 -0.13005 -0.12780
 -0.12658 -0.12621 -0.12542 -0.12309 -0.12093 -0.12014 -0.11789 -0.11695 -0.11465 -0.11414
 -0.11369 -0.11069 -0.11031 -0.10918 -0.10798 -0.10697 -0.10548 -0.10495 -0.09437 -0.08885
 -0.06764 -0.03733 -0.01009 0.01308 0.03216 0.03656 0.05461 0.08927 0.09175 0.11475
 0.14152 0.14473 0.16858 0.20123 0.21169 0.23029 0.24279 0.27466 0.29344 0.32394
 0.32867 0.35057 0.36118 0.38193 0.39673 0.40380 0.41105 0.42852 0.43395 0.44912
 0.45334 0.47124 0.48114 0.48320 0.49471 0.50907 0.51167 0.53586 0.53974 0.54629
 0.55431 0.58624 0.58982 0.60286 0.62337 0.63785 0.63985 0.65372 0.69348 0.69467
 0.70648 0.72824 0.74628 0.75713 0.77145 0.77596 0.79040 0.79547 0.81637 0.82609
 0.85512 0.87330 0.88391 0.89468 0.92327 0.93890 0.95544 0.96245 0.97360 0.98156
 0.99775 1.00648 1.02901 1.04379 1.05728 1.06546 1.07260 1.08910 1.10997 1.12379
 1.13061 1.14763 1.15282 1.16138 1.18296 1.18882 1.19450 1.19470 1.20744 1.22553
 1.23870 1.24577 1.26801 1.28172 1.30049 1.30578 1.30953 1.33196 1.34299 1.34484
 1.35469 1.37576 1.38711 1.41841 1.42964 1.43565 1.44534 1.45271 1.45903 1.46127
 1.46738 1.47943 1.48583 1.49023 1.51913 1.52991 1.53988 1.54816 1.56353 1.57186
 1.57231 1.58037 1.58835 1.59875 1.60594 1.61357 1.61493 1.63023 1.64470 1.65876
 1.66744 1.66881 1.67490 1.67970 1.68558 1.70687 1.71036 1.73370 1.74476 1.75245
 1.75571 1.76642 1.77801 1.78629 1.79354 1.82105 1.82288 1.82349 1.83010 1.84373
 1.85298 1.86577 1.86881 1.88115 1.88382 1.88941 1.91334 1.91895 1.92775 1.93959
 1.95025 1.97703 1.98950 2.00192 2.00923 2.01530 2.03245 2.04848 2.04986 2.06086
 2.06337 2.07722 2.08594 2.08719 2.10474 2.11875 2.13189 2.14815 2.16687 2.16815
 2.18042 2.18750 2.21340 2.22817 2.25161 2.25917 2.27448 2.28670 2.30202 2.32102
 2.32815 2.34432 2.34743 2.35168 2.37057 2.38408 2.38665 2.40276 2.42927 2.45782
 2.47095 2.48416 2.51572 2.52512 2.52791 2.56296 2.58159 2.58847 2.60396 2.63475
 2.64777 2.67645 2.67767 2.68113 2.72777 2.85953 2.91437 2.98477 2.99641 3.01382
 3.04378 3.06097 3.11541 3.15410 3.18457 3.19663 3.20753 3.22850 3.25369 3.27257
 3.30691 3.32122 3.32590 3.33502 3.33987 3.34630 3.37450 3.37894 3.38554 3.38969
 3.39210 3.39327 3.43213 3.48563 3.54590 3.59716 3.61845 3.65291 3.79303 3.92682
 3.95009 4.28295 4.32285 4.32578 4.51463 7.86824
 Occupations: 
 1.00000 1.00000 1.00000 1.00000 1.00000 1.00000 1.00000 1.00000 1.00000 1.00000
 1.00000 1.00000 1.00000 1.00000 1.00000 1.00000 1.00000 1.00000 1.00000 1.00000
 1.00000 1.00000 1.00000 1.00000 1.00000 1.00000 1.00000 1.00000 1.00000 1.00000
 1.00000 1.00000 1.00000 1.00000 1.00000 1.00000 1.00000 1.00000 1.00000 1.00000
 1.00000 1.00000 1.00000 1.00000 1.00000 1.00000 1.00000 1.00000 1.00000 1.00000
 1.00000 1.00000 1.00000 1.00000 1.00000 1.00000 1.00000 1.00000 1.00000 1.00000
 1.00000 1.00000 1.00000 1.00000 1.00000 1.00000 1.00000 1.00000 1.00000 1.00000
 1.00000 0.00002 0.00000 0.00000 0.00000 0.00000 0.00000 0.00000 0.00000 0.00000
 0.00000 0.00000 0.00000 0.00000 0.00000 0.00000 0.00000 0.00000 0.00000 0.00000
 0.00000 0.00000 0.00000 0.00000 0.00000 0.00000 0.00000 0.00000 0.00000 0.00000
 0.00000 0.00000 0.00000 0.00000 0.00000 0.00000 0.00000 0.00000 0.00000 0.00000
 0.00000 0.00000 0.00000 0.00000 0.00000 0.00000 0.00000 0.00000 0.00000 0.00000
 0.00000 0.00000 0.00000 0.00000 0.00000 0.00000 0.00000 0.00000 0.00000 0.00000
 0.00000 0.00000 0.00000 0.00000 0.00000 0.00000 0.00000 0.00000 0.00000 0.00000
 0.00000 0.00000 0.00000 0.00000 0.00000 0.00000 0.00000 0.00000 0.00000 0.00000
 0.00000 0.00000 0.00000 0.00000 0.00000 0.00000 0.00000 0.00000 0.00000 0.00000
 0.00000 0.00000 0.00000 0.00000 0.00000 0.00000 0.00000 0.00000 0.00000 0.00000
 0.00000 0.00000 0.00000 0.00000 0.00000 0.00000 0.00000 0.00000 0.00000 0.00000
 0.00000 0.00000 0.00000 0.00000 0.00000 0.00000 0.00000 0.00000 0.00000 0.00000
 0.00000 0.00000 0.00000 0.00000 0.00000 0.00000 0.00000 0.00000 0.00000 0.00000
 0.00000 0.00000 0.00000 0.00000 0.00000 0.00000 0.00000 0.00000 0.00000 0.00000
 0.00000 0.00000 0.00000 0.00000 0.00000 0.00000 0.00000 0.00000 0.00000 0.00000
 0.00000 0.00000 0.00000 0.00000 0.00000 0.00000 0.00000 0.00000 0.00000 0.00000
 0.00000 0.00000 0.00000 0.00000 0.00000 0.00000 0.00000 0.00000 0.00000 0.00000
 0.00000 0.00000 0.00000 0.00000 0.00000 0.00000 0.00000 0.00000 0.00000 0.00000
 0.00000 0.00000 0.00000 0.00000 0.00000 0.00000 0.00000 0.00000 0.00000 0.00000
 0.00000 0.00000 0.00000 0.00000 0.00000 0.00000 0.00000 0.00000 0.00000 0.00000
 0.00000 0.00000 0.00000 0.00000 0.00000 0.00000 0.00000 0.00000 0.00000 0.00000
 0.00000 0.00000 0.00000 0.00000 0.00000 0.00000 0.00000 0.00000 0.00000 0.00000
 0.00000 0.00000 0.00000 0.00000 0.00000 0.00000 0.00000 0.00000 0.00000 0.00000
 0.00000 0.00000 0.00000 0.00000 0.00000 0.00000 0.00000 0.00000 0.00000 0.00000
 0.00000 0.00000 0.00000 0.00000 0.00000 0.00000 0.00000 0.00000 0.00000 0.00000
 0.00000 0.00000 0.00000 0.00000 0.00000 0.00000
 == 16-th k-point orbital energies
 -0.94322 -0.41462 -0.33653 -0.31342 -0.30854 -0.30730 -0.25542 -0.24114 -0.23844 -0.21631
 -0.21404 -0.21107 -0.20691 -0.20078 -0.19642 -0.19478 -0.19365 -0.19196 -0.19031 -0.18655
 -0.18195 -0.18073 -0.17392 -0.17010 -0.16890 -0.16753 -0.16590 -0.16323 -0.16097 -0.15980
 -0.15770 -0.15620 -0.15348 -0.15246 -0.15175 -0.15067 -0.14838 -0.14570 -0.14428 -0.14332
 -0.14161 -0.13928 -0.13831 -0.13606 -0.13485 -0.13413 -0.13310 -0.13120 -0.13079 -0.13017
 -0.12573 -0.12378 -0.12331 -0.12185 -0.11932 -0.11872 -0.11617 -0.11462 -0.11281 -0.11123
 -0.10992 -0.10924 -0.10798 -0.10731 -0.10617 -0.10470 -0.10239 -0.09540 -0.09424 -0.07426
 -0.07279 -0.03997 -0.00048 0.00191 0.02031 0.03433 0.05585 0.06107 0.07088 0.08960
 0.14937 0.15879 0.17801 0.18624 0.21997 0.22892 0.23313 0.25990 0.27522 0.29047
 0.29203 0.32809 0.35751 0.36378 0.38462 0.39027 0.41150 0.42046 0.42884 0.43556
 0.44839 0.48664 0.49386 0.50870 0.51984 0.52902 0.53379 0.54533 0.57440 0.57659
 0.58903 0.59232 0.61036 0.63078 0.64201 0.64540 0.65242 0.66891 0.68694 0.69380
 0.69818 0.70984 0.75136 0.77689 0.79477 0.80341 0.81510 0.82458 0.82595 0.83708
 0.85127 0.85509 0.86647 0.89359 0.91046 0.92434 0.92908 0.93781 0.94866 0.97377
 0.99650 1.01055 1.01413 1.02568 1.03552 1.05000 1.06748 1.09694 1.10540 1.12320
 1.12960 1.14623 1.14799 1.16326 1.16553 1.17399 1.19611 1.19927 1.21413 1.24418
 1.24802 1.25526 1.26137 1.27174 1.28713 1.30699 1.31381 1.32233 1.32770 1.33256
 1.33733 1.34858 1.36747 1.37215 1.39221 1.40667 1.40923 1.42708 1.43927 1.44856
 1.45670 1.46702 1.47587 1.48327 1.48947 1.49788 1.51034 1.52381 1.52828 1.54438
 1.57526 1.60241 1.61708 1.62539 1.64854 1.65459 1.66037 1.66654 1.67184 1.68137
 1.68521 1.70423 1.71981 1.72338 1.72643 1.73638 1.74956 1.76124 1.76596 1.77706
 1.79009 1.81015 1.81100 1.81364 1.83203 1.84014 1.84791 1.85732 1.86039 1.86917
 1.88023 1.90525 1.90884 1.91748 1.93398 1.94147 1.94972 1.96891 1.97770 1.98451
 1.99586 2.00368 2.01688 2.02859 2.02975 2.03916 2.04340 2.06417 2.06760 2.08218
 2.09443 2.11592 2.13127 2.13809 2.15144 2.16210 2.16517 2.17586 2.17907 2.18511
 2.19199 2.20309 2.22132 2.22851 2.23889 2.24769 2.25097 2.26414 2.28038 2.30223
 2.30942 2.31737 2.32107 2.36537 2.37546 2.38584 2.39845 2.40068 2.41500 2.43476
 2.44777 2.49810 2.50221 2.54384 2.54900 2.57803 2.59882 2.64065 2.64460 2.65290
 2.71246 2.71930 2.72556 2.75867 2.76119 2.85249 2.88463 2.91179 2.93918 2.96906
 2.97931 3.00233 3.04837 3.13994 3.18237 3.21080 3.23540 3.25596 3.27605 3.28776
 3.32757 3.33385 3.33655 3.34746 3.37270 3.37775 3.38207 3.38419 3.38636 3.39155
 3.40306 3.41337 3.42679 3.47210 3.50279 3.51855 3.64556 3.68812 3.73987 3.75511
 4.03195 4.25244 4.27212 4.32038 4.51221 7.85502
 Occupations: 
 1.00000 1.00000 1.00000 1.00000 1.00000 1.00000 1.00000 1.00000 1.00000 1.00000
 1.00000 1.00000 1.00000 1.00000 1.00000 1.00000 1.00000 1.00000 1.00000 1.00000
 1.00000 1.00000 1.00000 1.00000 1.00000 1.00000 1.00000 1.00000 1.00000 1.00000
 1.00000 1.00000 1.00000 1.00000 1.00000 1.00000 1.00000 1.00000 1.00000 1.00000
 1.00000 1.00000 1.00000 1.00000 1.00000 1.00000 1.00000 1.00000 1.00000 1.00000
 1.00000 1.00000 1.00000 1.00000 1.00000 1.00000 1.00000 1.00000 1.00000 1.00000
 1.00000 1.00000 1.00000 1.00000 1.00000 1.00000 1.00000 1.00000 1.00000 1.00000
 1.00000 0.00025 0.00000 0.00000 0.00000 0.00000 0.00000 0.00000 0.00000 0.00000
 0.00000 0.00000 0.00000 0.00000 0.00000 0.00000 0.00000 0.00000 0.00000 0.00000
 0.00000 0.00000 0.00000 0.00000 0.00000 0.00000 0.00000 0.00000 0.00000 0.00000
 0.00000 0.00000 0.00000 0.00000 0.00000 0.00000 0.00000 0.00000 0.00000 0.00000
 0.00000 0.00000 0.00000 0.00000 0.00000 0.00000 0.00000 0.00000 0.00000 0.00000
 0.00000 0.00000 0.00000 0.00000 0.00000 0.00000 0.00000 0.00000 0.00000 0.00000
 0.00000 0.00000 0.00000 0.00000 0.00000 0.00000 0.00000 0.00000 0.00000 0.00000
 0.00000 0.00000 0.00000 0.00000 0.00000 0.00000 0.00000 0.00000 0.00000 0.00000
 0.00000 0.00000 0.00000 0.00000 0.00000 0.00000 0.00000 0.00000 0.00000 0.00000
 0.00000 0.00000 0.00000 0.00000 0.00000 0.00000 0.00000 0.00000 0.00000 0.00000
 0.00000 0.00000 0.00000 0.00000 0.00000 0.00000 0.00000 0.00000 0.00000 0.00000
 0.00000 0.00000 0.00000 0.00000 0.00000 0.00000 0.00000 0.00000 0.00000 0.00000
 0.00000 0.00000 0.00000 0.00000 0.00000 0.00000 0.00000 0.00000 0.00000 0.00000
 0.00000 0.00000 0.00000 0.00000 0.00000 0.00000 0.00000 0.00000 0.00000 0.00000
 0.00000 0.00000 0.00000 0.00000 0.00000 0.00000 0.00000 0.00000 0.00000 0.00000
 0.00000 0.00000 0.00000 0.00000 0.00000 0.00000 0.00000 0.00000 0.00000 0.00000
 0.00000 0.00000 0.00000 0.00000 0.00000 0.00000 0.00000 0.00000 0.00000 0.00000
 0.00000 0.00000 0.00000 0.00000 0.00000 0.00000 0.00000 0.00000 0.00000 0.00000
 0.00000 0.00000 0.00000 0.00000 0.00000 0.00000 0.00000 0.00000 0.00000 0.00000
 0.00000 0.00000 0.00000 0.00000 0.00000 0.00000 0.00000 0.00000 0.00000 0.00000
 0.00000 0.00000 0.00000 0.00000 0.00000 0.00000 0.00000 0.00000 0.00000 0.00000
 0.00000 0.00000 0.00000 0.00000 0.00000 0.00000 0.00000 0.00000 0.00000 0.00000
 0.00000 0.00000 0.00000 0.00000 0.00000 0.00000 0.00000 0.00000 0.00000 0.00000
 0.00000 0.00000 0.00000 0.00000 0.00000 0.00000 0.00000 0.00000 0.00000 0.00000
 0.00000 0.00000 0.00000 0.00000 0.00000 0.00000 0.00000 0.00000 0.00000 0.00000
 0.00000 0.00000 0.00000 0.00000 0.00000 0.00000
 == 17-th k-point orbital energies
 -0.94322 -0.41587 -0.35315 -0.32081 -0.30748 -0.30664 -0.27111 -0.23145 -0.22995 -0.22004
 -0.21748 -0.21584 -0.21318 -0.20854 -0.20184 -0.20100 -0.19885 -0.19662 -0.19576 -0.19244
 -0.18562 -0.18506 -0.17218 -0.16573 -0.16363 -0.16277 -0.16099 -0.15850 -0.15741 -0.15534
 -0.15510 -0.15212 -0.15159 -0.15087 -0.14928 -0.14866 -0.14687 -0.14491 -0.14471 -0.14318
 -0.13904 -0.13667 -0.13063 -0.13016 -0.12891 -0.12682 -0.12657 -0.12367 -0.12296 -0.12002
 -0.11865 -0.11667 -0.11598 -0.11341 -0.11273 -0.11168 -0.11166 -0.11016 -0.10998 -0.10825
 -0.10744 -0.10695 -0.10573 -0.10416 -0.10348 -0.10230 -0.10062 -0.09688 -0.07199 -0.05538
 -0.05132 -0.04848 -0.02155 -0.01660 0.00624 0.03164 0.03253 0.04784 0.08157 0.08173
 0.14758 0.15231 0.16088 0.16464 0.18011 0.18581 0.21350 0.23306 0.23552 0.24533
 0.31794 0.32844 0.34089 0.36318 0.38451 0.39344 0.40619 0.42340 0.42409 0.46787
 0.48291 0.48880 0.49253 0.51219 0.52514 0.52860 0.54761 0.56969 0.57043 0.58538
 0.63083 0.63110 0.64564 0.66800 0.68149 0.68285 0.68938 0.70762 0.71212 0.71703
 0.74016 0.74894 0.75739 0.76731 0.78786 0.78953 0.79276 0.80094 0.82111 0.82850
 0.84428 0.84726 0.85675 0.89911 0.90818 0.92509 0.93271 0.93510 0.94879 0.95901
 0.96823 0.97996 0.99091 1.01097 1.04594 1.05276 1.06674 1.06718 1.07886 1.09021
 1.12360 1.12620 1.13316 1.13588 1.15546 1.17233 1.17239 1.18938 1.19639 1.20244
 1.22284 1.22657 1.23538 1.25365 1.27214 1.28316 1.29173 1.30813 1.31837 1.31887
 1.33920 1.35436 1.36224 1.37266 1.38578 1.38804 1.42800 1.43015 1.43886 1.44916
 1.46423 1.47435 1.50299 1.50923 1.51903 1.52866 1.52871 1.54303 1.55601 1.58187
 1.58659 1.59069 1.62322 1.64117 1.64178 1.67307 1.67769 1.67779 1.69652 1.71646
 1.73259 1.73485 1.75569 1.76268 1.77200 1.78987 1.81034 1.81427 1.84078 1.84352
 1.86670 1.87136 1.87798 1.87871 1.88556 1.89179 1.90311 1.90323 1.92155 1.92394
 1.93273 1.93325 1.93512 1.94993 1.95665 1.96525 1.97459 1.99341 1.99354 2.01888
 2.04055 2.04797 2.05381 2.07368 2.07537 2.08160 2.09145 2.10400 2.10766 2.11580
 2.12218 2.12662 2.12731 2.13462 2.14795 2.14899 2.15092 2.16020 2.16463 2.18617
 2.18829 2.20844 2.21712 2.23687 2.24773 2.25137 2.25605 2.28676 2.29738 2.31110
 2.31810 2.33593 2.36003 2.36406 2.36562 2.41132 2.41666 2.43852 2.44638 2.46793
 2.48929 2.51029 2.57082 2.59021 2.61569 2.62265 2.63697 2.64669 2.69400 2.73112
 2.75155 2.75733 2.77423 2.78945 2.82176 2.83661 2.84101 2.88993 2.89484 2.92485
 2.97083 3.01953 3.04811 3.14589 3.15509 3.19111 3.22264 3.22498 3.25451 3.27635
 3.30858 3.34561 3.34877 3.36938 3.37273 3.38775 3.40103 3.41416 3.41729 3.41891
 3.42251 3.43246 3.44010 3.44877 3.45661 3.48573 3.52900 3.59119 3.63721 3.94435
 3.99460 4.06667 4.18877 4.29630 4.50385 7.84417
 Occupations: 
 1.00000 1.00000 1.00000 1.00000 1.00000 1.00000 1.00000 1.00000 1.00000 1.00000
 1.00000 1.00000 1.00000 1.00000 1.00000 1.00000 1.00000 1.00000 1.00000 1.00000
 1.00000 1.00000 1.00000 1.00000 1.00000 1.00000 1.00000 1.00000 1.00000 1.00000
 1.00000 1.00000 1.00000 1.00000 1.00000 1.00000 1.00000 1.00000 1.00000 1.00000
 1.00000 1.00000 1.00000 1.00000 1.00000 1.00000 1.00000 1.00000 1.00000 1.00000
 1.00000 1.00000 1.00000 1.00000 1.00000 1.00000 1.00000 1.00000 1.00000 1.00000
 1.00000 1.00000 1.00000 1.00000 1.00000 1.00000 1.00000 1.00000 1.00000 0.99920
 0.95559 0.55692 0.00000 0.00000 0.00000 0.00000 0.00000 0.00000 0.00000 0.00000
 0.00000 0.00000 0.00000 0.00000 0.00000 0.00000 0.00000 0.00000 0.00000 0.00000
 0.00000 0.00000 0.00000 0.00000 0.00000 0.00000 0.00000 0.00000 0.00000 0.00000
 0.00000 0.00000 0.00000 0.00000 0.00000 0.00000 0.00000 0.00000 0.00000 0.00000
 0.00000 0.00000 0.00000 0.00000 0.00000 0.00000 0.00000 0.00000 0.00000 0.00000
 0.00000 0.00000 0.00000 0.00000 0.00000 0.00000 0.00000 0.00000 0.00000 0.00000
 0.00000 0.00000 0.00000 0.00000 0.00000 0.00000 0.00000 0.00000 0.00000 0.00000
 0.00000 0.00000 0.00000 0.00000 0.00000 0.00000 0.00000 0.00000 0.00000 0.00000
 0.00000 0.00000 0.00000 0.00000 0.00000 0.00000 0.00000 0.00000 0.00000 0.00000
 0.00000 0.00000 0.00000 0.00000 0.00000 0.00000 0.00000 0.00000 0.00000 0.00000
 0.00000 0.00000 0.00000 0.00000 0.00000 0.00000 0.00000 0.00000 0.00000 0.00000
 0.00000 0.00000 0.00000 0.00000 0.00000 0.00000 0.00000 0.00000 0.00000 0.00000
 0.00000 0.00000 0.00000 0.00000 0.00000 0.00000 0.00000 0.00000 0.00000 0.00000
 0.00000 0.00000 0.00000 0.00000 0.00000 0.00000 0.00000 0.00000 0.00000 0.00000
 0.00000 0.00000 0.00000 0.00000 0.00000 0.00000 0.00000 0.00000 0.00000 0.00000
 0.00000 0.00000 0.00000 0.00000 0.00000 0.00000 0.00000 0.00000 0.00000 0.00000
 0.00000 0.00000 0.00000 0.00000 0.00000 0.00000 0.00000 0.00000 0.00000 0.00000
 0.00000 0.00000 0.00000 0.00000 0.00000 0.00000 0.00000 0.00000 0.00000 0.00000
 0.00000 0.00000 0.00000 0.00000 0.00000 0.00000 0.00000 0.00000 0.00000 0.00000
 0.00000 0.00000 0.00000 0.00000 0.00000 0.00000 0.00000 0.00000 0.00000 0.00000
 0.00000 0.00000 0.00000 0.00000 0.00000 0.00000 0.00000 0.00000 0.00000 0.00000
 0.00000 0.00000 0.00000 0.00000 0.00000 0.00000 0.00000 0.00000 0.00000 0.00000
 0.00000 0.00000 0.00000 0.00000 0.00000 0.00000 0.00000 0.00000 0.00000 0.00000
 0.00000 0.00000 0.00000 0.00000 0.00000 0.00000 0.00000 0.00000 0.00000 0.00000
 0.00000 0.00000 0.00000 0.00000 0.00000 0.00000 0.00000 0.00000 0.00000 0.00000
 0.00000 0.00000 0.00000 0.00000 0.00000 0.00000
 == 18-th k-point orbital energies
 -0.94322 -0.41587 -0.35315 -0.32081 -0.30749 -0.30663 -0.27111 -0.23145 -0.22995 -0.22004
 -0.21748 -0.21584 -0.21318 -0.20854 -0.20184 -0.20100 -0.19885 -0.19662 -0.19576 -0.19244
 -0.18562 -0.18506 -0.17218 -0.16573 -0.16363 -0.16277 -0.16099 -0.15850 -0.15741 -0.15534
 -0.15510 -0.15212 -0.15159 -0.15087 -0.14928 -0.14866 -0.14686 -0.14491 -0.14471 -0.14318
 -0.13904 -0.13667 -0.13063 -0.13017 -0.12890 -0.12682 -0.12657 -0.12367 -0.12296 -0.12002
 -0.11865 -0.11667 -0.11598 -0.11341 -0.11273 -0.11168 -0.11166 -0.11017 -0.10998 -0.10825
 -0.10744 -0.10695 -0.10573 -0.10416 -0.10348 -0.10230 -0.10061 -0.09688 -0.07199 -0.05538
 -0.05132 -0.04848 -0.02155 -0.01660 0.00624 0.03164 0.03253 0.04784 0.08157 0.08173
 0.14758 0.15231 0.16088 0.16464 0.18011 0.18581 0.21350 0.23306 0.23552 0.24533
 0.31794 0.32844 0.34089 0.36318 0.38451 0.39344 0.40619 0.42340 0.42409 0.46787
 0.48291 0.48880 0.49253 0.51218 0.52515 0.52860 0.54761 0.56969 0.57043 0.58538
 0.63083 0.63110 0.64564 0.66800 0.68149 0.68286 0.68938 0.70762 0.71212 0.71703
 0.74016 0.74894 0.75740 0.76731 0.78786 0.78953 0.79276 0.80094 0.82111 0.82850
 0.84428 0.84726 0.85675 0.89911 0.90818 0.92509 0.93271 0.93510 0.94879 0.95901
 0.96823 0.97996 0.99091 1.01097 1.04594 1.05276 1.06674 1.06718 1.07886 1.09021
 1.12360 1.12620 1.13316 1.13588 1.15546 1.17233 1.17239 1.18938 1.19639 1.20244
 1.22284 1.22657 1.23538 1.25365 1.27214 1.28316 1.29174 1.30813 1.31837 1.31887
 1.33920 1.35436 1.36224 1.37266 1.38578 1.38804 1.42800 1.43015 1.43886 1.44916
 1.46423 1.47435 1.50299 1.50923 1.51903 1.52866 1.52871 1.54303 1.55601 1.58187
 1.58659 1.59069 1.62322 1.64117 1.64178 1.67307 1.67769 1.67779 1.69652 1.71646
 1.73259 1.73485 1.75569 1.76268 1.77200 1.78987 1.81034 1.81427 1.84078 1.84352
 1.86670 1.87136 1.87798 1.87871 1.88557 1.89179 1.90311 1.90323 1.92155 1.92394
 1.93273 1.93325 1.93512 1.94993 1.95665 1.96525 1.97459 1.99341 1.99354 2.01888
 2.04055 2.04797 2.05382 2.07368 2.07537 2.08160 2.09145 2.10400 2.10766 2.11580
 2.12218 2.12662 2.12731 2.13462 2.14795 2.14899 2.15092 2.16020 2.16463 2.18617
 2.18829 2.20844 2.21712 2.23687 2.24773 2.25137 2.25605 2.28676 2.29738 2.31110
 2.31810 2.33593 2.36003 2.36406 2.36562 2.41132 2.41666 2.43852 2.44638 2.46793
 2.48929 2.51029 2.57082 2.59021 2.61569 2.62265 2.63697 2.64669 2.69400 2.73112
 2.75155 2.75733 2.77423 2.78945 2.82176 2.83661 2.84101 2.88993 2.89484 2.92485
 2.97083 3.01953 3.04811 3.14589 3.15509 3.19111 3.22264 3.22498 3.25451 3.27635
 3.30858 3.34561 3.34877 3.36938 3.37273 3.38775 3.40103 3.41416 3.41729 3.41891
 3.42251 3.43246 3.44010 3.44877 3.45661 3.48573 3.52900 3.59119 3.63721 3.94434
 3.99460 4.06667 4.18877 4.29630 4.50385 7.84417
 Occupations: 
 1.00000 1.00000 1.00000 1.00000 1.00000 1.00000 1.00000 1.00000 1.00000 1.00000
 1.00000 1.00000 1.00000 1.00000 1.00000 1.00000 1.00000 1.00000 1.00000 1.00000
 1.00000 1.00000 1.00000 1.00000 1.00000 1.00000 1.00000 1.00000 1.00000 1.00000
 1.00000 1.00000 1.00000 1.00000 1.00000 1.00000 1.00000 1.00000 1.00000 1.00000
 1.00000 1.00000 1.00000 1.00000 1.00000 1.00000 1.00000 1.00000 1.00000 1.00000
 1.00000 1.00000 1.00000 1.00000 1.00000 1.00000 1.00000 1.00000 1.00000 1.00000
 1.00000 1.00000 1.00000 1.00000 1.00000 1.00000 1.00000 1.00000 1.00000 0.99920
 0.95549 0.55651 0.00000 0.00000 0.00000 0.00000 0.00000 0.00000 0.00000 0.00000
 0.00000 0.00000 0.00000 0.00000 0.00000 0.00000 0.00000 0.00000 0.00000 0.00000
 0.00000 0.00000 0.00000 0.00000 0.00000 0.00000 0.00000 0.00000 0.00000 0.00000
 0.00000 0.00000 0.00000 0.00000 0.00000 0.00000 0.00000 0.00000 0.00000 0.00000
 0.00000 0.00000 0.00000 0.00000 0.00000 0.00000 0.00000 0.00000 0.00000 0.00000
 0.00000 0.00000 0.00000 0.00000 0.00000 0.00000 0.00000 0.00000 0.00000 0.00000
 0.00000 0.00000 0.00000 0.00000 0.00000 0.00000 0.00000 0.00000 0.00000 0.00000
 0.00000 0.00000 0.00000 0.00000 0.00000 0.00000 0.00000 0.00000 0.00000 0.00000
 0.00000 0.00000 0.00000 0.00000 0.00000 0.00000 0.00000 0.00000 0.00000 0.00000
 0.00000 0.00000 0.00000 0.00000 0.00000 0.00000 0.00000 0.00000 0.00000 0.00000
 0.00000 0.00000 0.00000 0.00000 0.00000 0.00000 0.00000 0.00000 0.00000 0.00000
 0.00000 0.00000 0.00000 0.00000 0.00000 0.00000 0.00000 0.00000 0.00000 0.00000
 0.00000 0.00000 0.00000 0.00000 0.00000 0.00000 0.00000 0.00000 0.00000 0.00000
 0.00000 0.00000 0.00000 0.00000 0.00000 0.00000 0.00000 0.00000 0.00000 0.00000
 0.00000 0.00000 0.00000 0.00000 0.00000 0.00000 0.00000 0.00000 0.00000 0.00000
 0.00000 0.00000 0.00000 0.00000 0.00000 0.00000 0.00000 0.00000 0.00000 0.00000
 0.00000 0.00000 0.00000 0.00000 0.00000 0.00000 0.00000 0.00000 0.00000 0.00000
 0.00000 0.00000 0.00000 0.00000 0.00000 0.00000 0.00000 0.00000 0.00000 0.00000
 0.00000 0.00000 0.00000 0.00000 0.00000 0.00000 0.00000 0.00000 0.00000 0.00000
 0.00000 0.00000 0.00000 0.00000 0.00000 0.00000 0.00000 0.00000 0.00000 0.00000
 0.00000 0.00000 0.00000 0.00000 0.00000 0.00000 0.00000 0.00000 0.00000 0.00000
 0.00000 0.00000 0.00000 0.00000 0.00000 0.00000 0.00000 0.00000 0.00000 0.00000
 0.00000 0.00000 0.00000 0.00000 0.00000 0.00000 0.00000 0.00000 0.00000 0.00000
 0.00000 0.00000 0.00000 0.00000 0.00000 0.00000 0.00000 0.00000 0.00000 0.00000
 0.00000 0.00000 0.00000 0.00000 0.00000 0.00000 0.00000 0.00000 0.00000 0.00000
 0.00000 0.00000 0.00000 0.00000 0.00000 0.00000
 == 19-th k-point orbital energies
 -0.94322 -0.41462 -0.33653 -0.31342 -0.30854 -0.30729 -0.25542 -0.24114 -0.23844 -0.21631
 -0.21404 -0.21107 -0.20691 -0.20078 -0.19642 -0.19478 -0.19365 -0.19196 -0.19031 -0.18655
 -0.18195 -0.18073 -0.17392 -0.17010 -0.16890 -0.16753 -0.16590 -0.16323 -0.16097 -0.15980
 -0.15770 -0.15620 -0.15348 -0.15246 -0.15175 -0.15067 -0.14838 -0.14570 -0.14429 -0.14332
 -0.14161 -0.13928 -0.13832 -0.13606 -0.13485 -0.13413 -0.13310 -0.13120 -0.13079 -0.13017
 -0.12573 -0.12378 -0.12332 -0.12185 -0.11932 -0.11872 -0.11617 -0.11462 -0.11281 -0.11122
 -0.10992 -0.10924 -0.10797 -0.10731 -0.10617 -0.10470 -0.10239 -0.09540 -0.09424 -0.07426
 -0.07279 -0.03997 -0.00048 0.00191 0.02031 0.03433 0.05585 0.06107 0.07088 0.08960
 0.14937 0.15879 0.17801 0.18624 0.21997 0.22892 0.23313 0.25990 0.27522 0.29047
 0.29203 0.32809 0.35751 0.36378 0.38462 0.39027 0.41150 0.42046 0.42884 0.43556
 0.44839 0.48664 0.49386 0.50870 0.51984 0.52902 0.53379 0.54533 0.57440 0.57660
 0.58903 0.59232 0.61036 0.63078 0.64201 0.64540 0.65242 0.66892 0.68694 0.69380
 0.69818 0.70984 0.75136 0.77689 0.79477 0.80342 0.81510 0.82458 0.82595 0.83708
 0.85127 0.85509 0.86647 0.89359 0.91046 0.92434 0.92908 0.93781 0.94866 0.97377
 0.99650 1.01055 1.01413 1.02568 1.03552 1.05000 1.06748 1.09694 1.10540 1.12320
 1.12960 1.14623 1.14799 1.16326 1.16553 1.17399 1.19611 1.19927 1.21413 1.24418
 1.24802 1.25526 1.26137 1.27174 1.28713 1.30699 1.31381 1.32233 1.32770 1.33256
 1.33733 1.34858 1.36747 1.37215 1.39221 1.40667 1.40923 1.42708 1.43927 1.44856
 1.45670 1.46702 1.47587 1.48327 1.48947 1.49788 1.51034 1.52381 1.52828 1.54438
 1.57526 1.60241 1.61708 1.62539 1.64854 1.65459 1.66037 1.66654 1.67184 1.68137
 1.68521 1.70423 1.71981 1.72338 1.72643 1.73638 1.74956 1.76124 1.76596 1.77706
 1.79009 1.81015 1.81100 1.81364 1.83203 1.84014 1.84791 1.85732 1.86039 1.86917
 1.88023 1.90525 1.90884 1.91748 1.93398 1.94147 1.94972 1.96891 1.97770 1.98451
 1.99586 2.00368 2.01688 2.02859 2.02975 2.03916 2.04340 2.06417 2.06760 2.08218
 2.09443 2.11592 2.13127 2.13809 2.15144 2.16210 2.16517 2.17586 2.17907 2.18511
 2.19199 2.20309 2.22132 2.22851 2.23889 2.24769 2.25097 2.26414 2.28038 2.30224
 2.30942 2.31737 2.32107 2.36537 2.37546 2.38584 2.39845 2.40068 2.41500 2.43476
 2.44777 2.49810 2.50221 2.54384 2.54900 2.57803 2.59882 2.64065 2.64460 2.65290
 2.71246 2.71930 2.72556 2.75867 2.76119 2.85249 2.88463 2.91179 2.93918 2.96906
 2.97932 3.00233 3.04837 3.13994 3.18237 3.21080 3.23540 3.25596 3.27605 3.28776
 3.32757 3.33385 3.33655 3.34746 3.37270 3.37775 3.38207 3.38419 3.38636 3.39155
 3.40306 3.41337 3.42679 3.47210 3.50279 3.51855 3.64556 3.68812 3.73987 3.75511
 4.03195 4.25244 4.27212 4.32038 4.51221 7.85502
 Occupations: 
 1.00000 1.00000 1.00000 1.00000 1.00000 1.00000 1.00000 1.00000 1.00000 1.00000
 1.00000 1.00000 1.00000 1.00000 1.00000 1.00000 1.00000 1.00000 1.00000 1.00000
 1.00000 1.00000 1.00000 1.00000 1.00000 1.00000 1.00000 1.00000 1.00000 1.00000
 1.00000 1.00000 1.00000 1.00000 1.00000 1.00000 1.00000 1.00000 1.00000 1.00000
 1.00000 1.00000 1.00000 1.00000 1.00000 1.00000 1.00000 1.00000 1.00000 1.00000
 1.00000 1.00000 1.00000 1.00000 1.00000 1.00000 1.00000 1.00000 1.00000 1.00000
 1.00000 1.00000 1.00000 1.00000 1.00000 1.00000 1.00000 1.00000 1.00000 1.00000
 1.00000 0.00025 0.00000 0.00000 0.00000 0.00000 0.00000 0.00000 0.00000 0.00000
 0.00000 0.00000 0.00000 0.00000 0.00000 0.00000 0.00000 0.00000 0.00000 0.00000
 0.00000 0.00000 0.00000 0.00000 0.00000 0.00000 0.00000 0.00000 0.00000 0.00000
 0.00000 0.00000 0.00000 0.00000 0.00000 0.00000 0.00000 0.00000 0.00000 0.00000
 0.00000 0.00000 0.00000 0.00000 0.00000 0.00000 0.00000 0.00000 0.00000 0.00000
 0.00000 0.00000 0.00000 0.00000 0.00000 0.00000 0.00000 0.00000 0.00000 0.00000
 0.00000 0.00000 0.00000 0.00000 0.00000 0.00000 0.00000 0.00000 0.00000 0.00000
 0.00000 0.00000 0.00000 0.00000 0.00000 0.00000 0.00000 0.00000 0.00000 0.00000
 0.00000 0.00000 0.00000 0.00000 0.00000 0.00000 0.00000 0.00000 0.00000 0.00000
 0.00000 0.00000 0.00000 0.00000 0.00000 0.00000 0.00000 0.00000 0.00000 0.00000
 0.00000 0.00000 0.00000 0.00000 0.00000 0.00000 0.00000 0.00000 0.00000 0.00000
 0.00000 0.00000 0.00000 0.00000 0.00000 0.00000 0.00000 0.00000 0.00000 0.00000
 0.00000 0.00000 0.00000 0.00000 0.00000 0.00000 0.00000 0.00000 0.00000 0.00000
 0.00000 0.00000 0.00000 0.00000 0.00000 0.00000 0.00000 0.00000 0.00000 0.00000
 0.00000 0.00000 0.00000 0.00000 0.00000 0.00000 0.00000 0.00000 0.00000 0.00000
 0.00000 0.00000 0.00000 0.00000 0.00000 0.00000 0.00000 0.00000 0.00000 0.00000
 0.00000 0.00000 0.00000 0.00000 0.00000 0.00000 0.00000 0.00000 0.00000 0.00000
 0.00000 0.00000 0.00000 0.00000 0.00000 0.00000 0.00000 0.00000 0.00000 0.00000
 0.00000 0.00000 0.00000 0.00000 0.00000 0.00000 0.00000 0.00000 0.00000 0.00000
 0.00000 0.00000 0.00000 0.00000 0.00000 0.00000 0.00000 0.00000 0.00000 0.00000
 0.00000 0.00000 0.00000 0.00000 0.00000 0.00000 0.00000 0.00000 0.00000 0.00000
 0.00000 0.00000 0.00000 0.00000 0.00000 0.00000 0.00000 0.00000 0.00000 0.00000
 0.00000 0.00000 0.00000 0.00000 0.00000 0.00000 0.00000 0.00000 0.00000 0.00000
 0.00000 0.00000 0.00000 0.00000 0.00000 0.00000 0.00000 0.00000 0.00000 0.00000
 0.00000 0.00000 0.00000 0.00000 0.00000 0.00000 0.00000 0.00000 0.00000 0.00000
 0.00000 0.00000 0.00000 0.00000 0.00000 0.00000
 == 20-th k-point orbital energies
 -0.94321 -0.41391 -0.32591 -0.30988 -0.30789 -0.28616 -0.28035 -0.24344 -0.22856 -0.22605
 -0.20842 -0.20094 -0.19879 -0.19737 -0.19363 -0.18933 -0.18838 -0.18540 -0.18454 -0.18194
 -0.18110 -0.17987 -0.17686 -0.17503 -0.17472 -0.17300 -0.17124 -0.16791 -0.16334 -0.16228
 -0.16121 -0.15949 -0.15825 -0.15666 -0.15544 -0.15360 -0.15148 -0.14982 -0.14812 -0.14707
 -0.14485 -0.14472 -0.14390 -0.14142 -0.13953 -0.13499 -0.13219 -0.13132 -0.13005 -0.12780
 -0.12658 -0.12622 -0.12542 -0.12309 -0.12093 -0.12014 -0.11789 -0.11695 -0.11466 -0.11414
 -0.11369 -0.11069 -0.11031 -0.10918 -0.10797 -0.10697 -0.10548 -0.10495 -0.09437 -0.08885
 -0.06764 -0.03733 -0.01009 0.01308 0.03216 0.03656 0.05462 0.08927 0.09175 0.11475
 0.14152 0.14473 0.16858 0.20123 0.21169 0.23029 0.24279 0.27466 0.29344 0.32394
 0.32867 0.35057 0.36118 0.38193 0.39673 0.40380 0.41105 0.42852 0.43395 0.44912
 0.45334 0.47124 0.48114 0.48320 0.49471 0.50907 0.51167 0.53587 0.53973 0.54629
 0.55431 0.58624 0.58982 0.60286 0.62337 0.63785 0.63985 0.65372 0.69348 0.69467
 0.70648 0.72824 0.74628 0.75713 0.77145 0.77596 0.79040 0.79547 0.81637 0.82609
 0.85512 0.87330 0.88391 0.89468 0.92327 0.93890 0.95544 0.96245 0.97360 0.98156
 0.99775 1.00648 1.02901 1.04379 1.05728 1.06546 1.07260 1.08910 1.10997 1.12379
 1.13061 1.14763 1.15282 1.16138 1.18296 1.18882 1.19450 1.19470 1.20744 1.22553
 1.23870 1.24577 1.26801 1.28172 1.30049 1.30578 1.30953 1.33196 1.34299 1.34484
 1.35469 1.37576 1.38711 1.41841 1.42964 1.43565 1.44534 1.45271 1.45903 1.46127
 1.46738 1.47943 1.48583 1.49023 1.51913 1.52991 1.53988 1.54816 1.56353 1.57186
 1.57231 1.58037 1.58835 1.59875 1.60594 1.61357 1.61493 1.63023 1.64470 1.65876
 1.66744 1.66881 1.67490 1.67970 1.68558 1.70687 1.71036 1.73370 1.74476 1.75245
 1.75571 1.76642 1.77801 1.78629 1.79354 1.82105 1.82288 1.82349 1.83010 1.84373
 1.85298 1.86577 1.86881 1.88115 1.88382 1.88941 1.91334 1.91895 1.92775 1.93959
 1.95025 1.97703 1.98950 2.00192 2.00923 2.01530 2.03245 2.04848 2.04986 2.06086
 2.06337 2.07722 2.08594 2.08719 2.10474 2.11875 2.13189 2.14815 2.16687 2.16815
 2.18042 2.18750 2.21340 2.22817 2.25161 2.25917 2.27448 2.28670 2.30202 2.32102
 2.32815 2.34432 2.34743 2.35168 2.37057 2.38408 2.38665 2.40276 2.42927 2.45782
 2.47095 2.48416 2.51572 2.52512 2.52791 2.56296 2.58159 2.58847 2.60396 2.63475
 2.64777 2.67645 2.67767 2.68113 2.72777 2.85953 2.91437 2.98477 2.99641 3.01382
 3.04378 3.06097 3.11541 3.15410 3.18457 3.19663 3.20753 3.22850 3.25369 3.27257
 3.30691 3.32122 3.32590 3.33502 3.33987 3.34630 3.37450 3.37894 3.38554 3.38969
 3.39210 3.39327 3.43213 3.48563 3.54590 3.59716 3.61845 3.65291 3.79303 3.92682
 3.95009 4.28295 4.32285 4.32578 4.51463 7.86824
 Occupations: 
 1.00000 1.00000 1.00000 1.00000 1.00000 1.00000 1.00000 1.00000 1.00000 1.00000
 1.00000 1.00000 1.00000 1.00000 1.00000 1.00000 1.00000 1.00000 1.00000 1.00000
 1.00000 1.00000 1.00000 1.00000 1.00000 1.00000 1.00000 1.00000 1.00000 1.00000
 1.00000 1.00000 1.00000 1.00000 1.00000 1.00000 1.00000 1.00000 1.00000 1.00000
 1.00000 1.00000 1.00000 1.00000 1.00000 1.00000 1.00000 1.00000 1.00000 1.00000
 1.00000 1.00000 1.00000 1.00000 1.00000 1.00000 1.00000 1.00000 1.00000 1.00000
 1.00000 1.00000 1.00000 1.00000 1.00000 1.00000 1.00000 1.00000 1.00000 1.00000
 1.00000 0.00002 0.00000 0.00000 0.00000 0.00000 0.00000 0.00000 0.00000 0.00000
 0.00000 0.00000 0.00000 0.00000 0.00000 0.00000 0.00000 0.00000 0.00000 0.00000
 0.00000 0.00000 0.00000 0.00000 0.00000 0.00000 0.00000 0.00000 0.00000 0.00000
 0.00000 0.00000 0.00000 0.00000 0.00000 0.00000 0.00000 0.00000 0.00000 0.00000
 0.00000 0.00000 0.00000 0.00000 0.00000 0.00000 0.00000 0.00000 0.00000 0.00000
 0.00000 0.00000 0.00000 0.00000 0.00000 0.00000 0.00000 0.00000 0.00000 0.00000
 0.00000 0.00000 0.00000 0.00000 0.00000 0.00000 0.00000 0.00000 0.00000 0.00000
 0.00000 0.00000 0.00000 0.00000 0.00000 0.00000 0.00000 0.00000 0.00000 0.00000
 0.00000 0.00000 0.00000 0.00000 0.00000 0.00000 0.00000 0.00000 0.00000 0.00000
 0.00000 0.00000 0.00000 0.00000 0.00000 0.00000 0.00000 0.00000 0.00000 0.00000
 0.00000 0.00000 0.00000 0.00000 0.00000 0.00000 0.00000 0.00000 0.00000 0.00000
 0.00000 0.00000 0.00000 0.00000 0.00000 0.00000 0.00000 0.00000 0.00000 0.00000
 0.00000 0.00000 0.00000 0.00000 0.00000 0.00000 0.00000 0.00000 0.00000 0.00000
 0.00000 0.00000 0.00000 0.00000 0.00000 0.00000 0.00000 0.00000 0.00000 0.00000
 0.00000 0.00000 0.00000 0.00000 0.00000 0.00000 0.00000 0.00000 0.00000 0.00000
 0.00000 0.00000 0.00000 0.00000 0.00000 0.00000 0.00000 0.00000 0.00000 0.00000
 0.00000 0.00000 0.00000 0.00000 0.00000 0.00000 0.00000 0.00000 0.00000 0.00000
 0.00000 0.00000 0.00000 0.00000 0.00000 0.00000 0.00000 0.00000 0.00000 0.00000
 0.00000 0.00000 0.00000 0.00000 0.00000 0.00000 0.00000 0.00000 0.00000 0.00000
 0.00000 0.00000 0.00000 0.00000 0.00000 0.00000 0.00000 0.00000 0.00000 0.00000
 0.00000 0.00000 0.00000 0.00000 0.00000 0.00000 0.00000 0.00000 0.00000 0.00000
 0.00000 0.00000 0.00000 0.00000 0.00000 0.00000 0.00000 0.00000 0.00000 0.00000
 0.00000 0.00000 0.00000 0.00000 0.00000 0.00000 0.00000 0.00000 0.00000 0.00000
 0.00000 0.00000 0.00000 0.00000 0.00000 0.00000 0.00000 0.00000 0.00000 0.00000
 0.00000 0.00000 0.00000 0.00000 0.00000 0.00000 0.00000 0.00000 0.00000 0.00000
 0.00000 0.00000 0.00000 0.00000 0.00000 0.00000
 == 21-th k-point orbital energies
 -0.94321 -0.41391 -0.32591 -0.30987 -0.30790 -0.28616 -0.28035 -0.24344 -0.22856 -0.22605
 -0.20842 -0.20095 -0.19879 -0.19737 -0.19363 -0.18933 -0.18838 -0.18540 -0.18454 -0.18194
 -0.18110 -0.17987 -0.17686 -0.17503 -0.17472 -0.17300 -0.17124 -0.16791 -0.16334 -0.16228
 -0.16121 -0.15948 -0.15825 -0.15666 -0.15544 -0.15360 -0.15148 -0.14982 -0.14812 -0.14707
 -0.14485 -0.14472 -0.14390 -0.14142 -0.13953 -0.13499 -0.13219 -0.13132 -0.13005 -0.12780
 -0.12658 -0.12621 -0.12542 -0.12309 -0.12093 -0.12014 -0.11789 -0.11695 -0.11465 -0.11414
 -0.11369 -0.11069 -0.11031 -0.10918 -0.10798 -0.10697 -0.10548 -0.10495 -0.09437 -0.08885
 -0.06764 -0.03733 -0.01009 0.01308 0.03216 0.03656 0.05461 0.08927 0.09175 0.11475
 0.14152 0.14473 0.16858 0.20123 0.21169 0.23029 0.24279 0.27466 0.29344 0.32394
 0.32867 0.35057 0.36118 0.38193 0.39673 0.40380 0.41105 0.42852 0.43395 0.44912
 0.45334 0.47124 0.48114 0.48320 0.49471 0.50907 0.51167 0.53586 0.53974 0.54629
 0.55431 0.58624 0.58982 0.60286 0.62337 0.63785 0.63985 0.65372 0.69348 0.69467
 0.70648 0.72824 0.74628 0.75713 0.77145 0.77596 0.79040 0.79547 0.81637 0.82609
 0.85512 0.87330 0.88391 0.89468 0.92327 0.93890 0.95544 0.96245 0.97360 0.98156
 0.99775 1.00648 1.02901 1.04379 1.05728 1.06546 1.07260 1.08910 1.10997 1.12379
 1.13061 1.14763 1.15282 1.16138 1.18296 1.18882 1.19450 1.19470 1.20744 1.22553
 1.23870 1.24577 1.26801 1.28172 1.30049 1.30578 1.30953 1.33196 1.34299 1.34484
 1.35469 1.37576 1.38711 1.41841 1.42964 1.43565 1.44534 1.45271 1.45903 1.46127
 1.46738 1.47943 1.48583 1.49023 1.51913 1.52991 1.53988 1.54816 1.56353 1.57186
 1.57231 1.58037 1.58835 1.59875 1.60594 1.61357 1.61493 1.63023 1.64470 1.65876
 1.66744 1.66881 1.67490 1.67970 1.68558 1.70687 1.71036 1.73370 1.74476 1.75245
 1.75571 1.76642 1.77801 1.78629 1.79354 1.82105 1.82288 1.82349 1.83010 1.84373
 1.85298 1.86577 1.86881 1.88115 1.88382 1.88941 1.91334 1.91895 1.92775 1.93959
 1.95025 1.97703 1.98950 2.00192 2.00923 2.01530 2.03245 2.04848 2.04986 2.06086
 2.06337 2.07722 2.08594 2.08719 2.10474 2.11875 2.13189 2.14815 2.16687 2.16815
 2.18042 2.18750 2.21340 2.22817 2.25161 2.25917 2.27448 2.28670 2.30202 2.32102
 2.32815 2.34432 2.34743 2.35168 2.37057 2.38408 2.38665 2.40276 2.42927 2.45782
 2.47095 2.48416 2.51572 2.52512 2.52791 2.56296 2.58159 2.58847 2.60396 2.63475
 2.64777 2.67645 2.67767 2.68113 2.72777 2.85953 2.91437 2.98477 2.99641 3.01382
 3.04378 3.06097 3.11541 3.15410 3.18457 3.19663 3.20753 3.22850 3.25369 3.27257
 3.30691 3.32122 3.32590 3.33502 3.33987 3.34630 3.37450 3.37894 3.38554 3.38969
 3.39210 3.39327 3.43213 3.48563 3.54590 3.59716 3.61845 3.65291 3.79303 3.92682
 3.95009 4.28295 4.32285 4.32578 4.51463 7.86824
 Occupations: 
 1.00000 1.00000 1.00000 1.00000 1.00000 1.00000 1.00000 1.00000 1.00000 1.00000
 1.00000 1.00000 1.00000 1.00000 1.00000 1.00000 1.00000 1.00000 1.00000 1.00000
 1.00000 1.00000 1.00000 1.00000 1.00000 1.00000 1.00000 1.00000 1.00000 1.00000
 1.00000 1.00000 1.00000 1.00000 1.00000 1.00000 1.00000 1.00000 1.00000 1.00000
 1.00000 1.00000 1.00000 1.00000 1.00000 1.00000 1.00000 1.00000 1.00000 1.00000
 1.00000 1.00000 1.00000 1.00000 1.00000 1.00000 1.00000 1.00000 1.00000 1.00000
 1.00000 1.00000 1.00000 1.00000 1.00000 1.00000 1.00000 1.00000 1.00000 1.00000
 1.00000 0.00002 0.00000 0.00000 0.00000 0.00000 0.00000 0.00000 0.00000 0.00000
 0.00000 0.00000 0.00000 0.00000 0.00000 0.00000 0.00000 0.00000 0.00000 0.00000
 0.00000 0.00000 0.00000 0.00000 0.00000 0.00000 0.00000 0.00000 0.00000 0.00000
 0.00000 0.00000 0.00000 0.00000 0.00000 0.00000 0.00000 0.00000 0.00000 0.00000
 0.00000 0.00000 0.00000 0.00000 0.00000 0.00000 0.00000 0.00000 0.00000 0.00000
 0.00000 0.00000 0.00000 0.00000 0.00000 0.00000 0.00000 0.00000 0.00000 0.00000
 0.00000 0.00000 0.00000 0.00000 0.00000 0.00000 0.00000 0.00000 0.00000 0.00000
 0.00000 0.00000 0.00000 0.00000 0.00000 0.00000 0.00000 0.00000 0.00000 0.00000
 0.00000 0.00000 0.00000 0.00000 0.00000 0.00000 0.00000 0.00000 0.00000 0.00000
 0.00000 0.00000 0.00000 0.00000 0.00000 0.00000 0.00000 0.00000 0.00000 0.00000
 0.00000 0.00000 0.00000 0.00000 0.00000 0.00000 0.00000 0.00000 0.00000 0.00000
 0.00000 0.00000 0.00000 0.00000 0.00000 0.00000 0.00000 0.00000 0.00000 0.00000
 0.00000 0.00000 0.00000 0.00000 0.00000 0.00000 0.00000 0.00000 0.00000 0.00000
 0.00000 0.00000 0.00000 0.00000 0.00000 0.00000 0.00000 0.00000 0.00000 0.00000
 0.00000 0.00000 0.00000 0.00000 0.00000 0.00000 0.00000 0.00000 0.00000 0.00000
 0.00000 0.00000 0.00000 0.00000 0.00000 0.00000 0.00000 0.00000 0.00000 0.00000
 0.00000 0.00000 0.00000 0.00000 0.00000 0.00000 0.00000 0.00000 0.00000 0.00000
 0.00000 0.00000 0.00000 0.00000 0.00000 0.00000 0.00000 0.00000 0.00000 0.00000
 0.00000 0.00000 0.00000 0.00000 0.00000 0.00000 0.00000 0.00000 0.00000 0.00000
 0.00000 0.00000 0.00000 0.00000 0.00000 0.00000 0.00000 0.00000 0.00000 0.00000
 0.00000 0.00000 0.00000 0.00000 0.00000 0.00000 0.00000 0.00000 0.00000 0.00000
 0.00000 0.00000 0.00000 0.00000 0.00000 0.00000 0.00000 0.00000 0.00000 0.00000
 0.00000 0.00000 0.00000 0.00000 0.00000 0.00000 0.00000 0.00000 0.00000 0.00000
 0.00000 0.00000 0.00000 0.00000 0.00000 0.00000 0.00000 0.00000 0.00000 0.00000
 0.00000 0.00000 0.00000 0.00000 0.00000 0.00000 0.00000 0.00000 0.00000 0.00000
 0.00000 0.00000 0.00000 0.00000 0.00000 0.00000
 == 22-th k-point orbital energies
 -0.94322 -0.41433 -0.33120 -0.31074 -0.30703 -0.30679 -0.26767 -0.24719 -0.22222 -0.21487
 -0.21143 -0.20980 -0.20408 -0.20164 -0.19756 -0.19212 -0.19196 -0.18967 -0.18945 -0.18370
 -0.18031 -0.17899 -0.17612 -0.17233 -0.17051 -0.16927 -0.16755 -0.16563 -0.16188 -0.16130
 -0.15951 -0.15562 -0.15433 -0.15199 -0.15029 -0.14817 -0.14722 -0.14630 -0.14536 -0.14359
 -0.14337 -0.14124 -0.14094 -0.14014 -0.14008 -0.13803 -0.13336 -0.13167 -0.13100 -0.12940
 -0.12759 -0.12657 -0.12332 -0.12278 -0.12235 -0.12145 -0.11700 -0.11687 -0.11631 -0.11546
 -0.11407 -0.11220 -0.10842 -0.10803 -0.10638 -0.10562 -0.10416 -0.10168 -0.09131 -0.05080
 -0.04913 -0.04391 -0.01865 -0.01195 0.00060 0.03869 0.04131 0.06547 0.09259 0.11249
 0.13749 0.18338 0.18568 0.19787 0.22699 0.23858 0.25613 0.26614 0.28358 0.28700
 0.29444 0.31693 0.33268 0.34815 0.38421 0.38999 0.41037 0.41978 0.42794 0.43267
 0.45304 0.48878 0.50705 0.51004 0.51455 0.53036 0.53416 0.54414 0.55647 0.57294
 0.57903 0.58587 0.60073 0.61783 0.63197 0.63528 0.66802 0.67082 0.68654 0.69795
 0.70411 0.73591 0.73850 0.75081 0.75930 0.78474 0.78548 0.80481 0.81477 0.83260
 0.84302 0.85201 0.87152 0.89876 0.90682 0.92344 0.93496 0.94963 0.97053 0.98938
 0.99409 1.01492 1.02626 1.04372 1.08081 1.08710 1.09937 1.10138 1.11098 1.11382
 1.13676 1.14602 1.15750 1.16624 1.17193 1.20551 1.20868 1.22074 1.23175 1.23980
 1.25100 1.26122 1.28070 1.28527 1.29932 1.30769 1.32622 1.32776 1.33639 1.34253
 1.35404 1.36326 1.36507 1.37655 1.38178 1.40104 1.40279 1.40778 1.41469 1.41718
 1.43885 1.46266 1.46448 1.46853 1.48982 1.49054 1.51376 1.52390 1.53812 1.54163
 1.55420 1.56469 1.57895 1.60326 1.60767 1.61172 1.64050 1.64294 1.65135 1.66680
 1.68222 1.68744 1.70457 1.70936 1.71810 1.72646 1.73597 1.74883 1.75895 1.76157
 1.78963 1.79730 1.81884 1.82474 1.84239 1.84734 1.85554 1.85987 1.86378 1.87783
 1.88681 1.90019 1.91050 1.91395 1.92888 1.95361 1.95728 1.96783 1.97707 1.98436
 1.98699 2.00656 2.01001 2.02053 2.03793 2.04146 2.05267 2.05340 2.07236 2.09027
 2.09544 2.10416 2.12081 2.12936 2.14156 2.15386 2.15725 2.15931 2.16895 2.17352
 2.18362 2.20491 2.22624 2.23346 2.23909 2.24331 2.24916 2.27698 2.28112 2.28482
 2.30486 2.31769 2.32337 2.33430 2.33594 2.37076 2.37689 2.40792 2.41634 2.45229
 2.47729 2.50396 2.52913 2.53490 2.55737 2.56779 2.57290 2.66332 2.67033 2.67193
 2.69301 2.71477 2.72700 2.74326 2.74766 2.77122 2.82284 2.84524 2.86143 2.92496
 2.96057 3.09832 3.10449 3.14400 3.15840 3.19420 3.20433 3.20999 3.24362 3.25302
 3.26929 3.32525 3.33691 3.34768 3.36644 3.36704 3.39723 3.40386 3.42404 3.43097
 3.44232 3.44790 3.45074 3.48596 3.52334 3.55727 3.58332 3.64302 3.86443 4.00575
 4.06123 4.07783 4.30909 4.32371 4.51707 7.85932
 Occupations: 
 1.00000 1.00000 1.00000 1.00000 1.00000 1.00000 1.00000 1.00000 1.00000 1.00000
 1.00000 1.00000 1.00000 1.00000 1.00000 1.00000 1.00000 1.00000 1.00000 1.00000
 1.00000 1.00000 1.00000 1.00000 1.00000 1.00000 1.00000 1.00000 1.00000 1.00000
 1.00000 1.00000 1.00000 1.00000 1.00000 1.00000 1.00000 1.00000 1.00000 1.00000
 1.00000 1.00000 1.00000 1.00000 1.00000 1.00000 1.00000 1.00000 1.00000 1.00000
 1.00000 1.00000 1.00000 1.00000 1.00000 1.00000 1.00000 1.00000 1.00000 1.00000
 1.00000 1.00000 1.00000 1.00000 1.00000 1.00000 1.00000 1.00000 1.00000 0.92764
 0.70686 0.01288 0.00000 0.00000 0.00000 0.00000 0.00000 0.00000 0.00000 0.00000
 0.00000 0.00000 0.00000 0.00000 0.00000 0.00000 0.00000 0.00000 0.00000 0.00000
 0.00000 0.00000 0.00000 0.00000 0.00000 0.00000 0.00000 0.00000 0.00000 0.00000
 0.00000 0.00000 0.00000 0.00000 0.00000 0.00000 0.00000 0.00000 0.00000 0.00000
 0.00000 0.00000 0.00000 0.00000 0.00000 0.00000 0.00000 0.00000 0.00000 0.00000
 0.00000 0.00000 0.00000 0.00000 0.00000 0.00000 0.00000 0.00000 0.00000 0.00000
 0.00000 0.00000 0.00000 0.00000 0.00000 0.00000 0.00000 0.00000 0.00000 0.00000
 0.00000 0.00000 0.00000 0.00000 0.00000 0.00000 0.00000 0.00000 0.00000 0.00000
 0.00000 0.00000 0.00000 0.00000 0.00000 0.00000 0.00000 0.00000 0.00000 0.00000
 0.00000 0.00000 0.00000 0.00000 0.00000 0.00000 0.00000 0.00000 0.00000 0.00000
 0.00000 0.00000 0.00000 0.00000 0.00000 0.00000 0.00000 0.00000 0.00000 0.00000
 0.00000 0.00000 0.00000 0.00000 0.00000 0.00000 0.00000 0.00000 0.00000 0.00000
 0.00000 0.00000 0.00000 0.00000 0.00000 0.00000 0.00000 0.00000 0.00000 0.00000
 0.00000 0.00000 0.00000 0.00000 0.00000 0.00000 0.00000 0.00000 0.00000 0.00000
 0.00000 0.00000 0.00000 0.00000 0.00000 0.00000 0.00000 0.00000 0.00000 0.00000
 0.00000 0.00000 0.00000 0.00000 0.00000 0.00000 0.00000 0.00000 0.00000 0.00000
 0.00000 0.00000 0.00000 0.00000 0.00000 0.00000 0.00000 0.00000 0.00000 0.00000
 0.00000 0.00000 0.00000 0.00000 0.00000 0.00000 0.00000 0.00000 0.00000 0.00000
 0.00000 0.00000 0.00000 0.00000 0.00000 0.00000 0.00000 0.00000 0.00000 0.00000
 0.00000 0.00000 0.00000 0.00000 0.00000 0.00000 0.00000 0.00000 0.00000 0.00000
 0.00000 0.00000 0.00000 0.00000 0.00000 0.00000 0.00000 0.00000 0.00000 0.00000
 0.00000 0.00000 0.00000 0.00000 0.00000 0.00000 0.00000 0.00000 0.00000 0.00000
 0.00000 0.00000 0.00000 0.00000 0.00000 0.00000 0.00000 0.00000 0.00000 0.00000
 0.00000 0.00000 0.00000 0.00000 0.00000 0.00000 0.00000 0.00000 0.00000 0.00000
 0.00000 0.00000 0.00000 0.00000 0.00000 0.00000 0.00000 0.00000 0.00000 0.00000
 0.00000 0.00000 0.00000 0.00000 0.00000 0.00000
 == 23-th k-point orbital energies
 -0.94322 -0.41462 -0.33653 -0.31342 -0.30854 -0.30729 -0.25542 -0.24114 -0.23844 -0.21631
 -0.21404 -0.21107 -0.20691 -0.20078 -0.19642 -0.19478 -0.19365 -0.19196 -0.19031 -0.18655
 -0.18195 -0.18073 -0.17392 -0.17010 -0.16890 -0.16753 -0.16590 -0.16323 -0.16097 -0.15980
 -0.15770 -0.15620 -0.15348 -0.15246 -0.15175 -0.15067 -0.14838 -0.14570 -0.14429 -0.14332
 -0.14161 -0.13928 -0.13832 -0.13606 -0.13485 -0.13413 -0.13310 -0.13120 -0.13079 -0.13017
 -0.12573 -0.12378 -0.12332 -0.12185 -0.11932 -0.11872 -0.11617 -0.11462 -0.11281 -0.11122
 -0.10992 -0.10924 -0.10797 -0.10731 -0.10617 -0.10470 -0.10239 -0.09540 -0.09424 -0.07426
 -0.07279 -0.03997 -0.00048 0.00191 0.02031 0.03433 0.05585 0.06107 0.07088 0.08960
 0.14937 0.15879 0.17801 0.18624 0.21997 0.22892 0.23313 0.25990 0.27522 0.29047
 0.29203 0.32809 0.35751 0.36378 0.38462 0.39027 0.41150 0.42046 0.42884 0.43556
 0.44839 0.48664 0.49386 0.50870 0.51984 0.52902 0.53379 0.54533 0.57440 0.57660
 0.58903 0.59232 0.61036 0.63078 0.64201 0.64540 0.65242 0.66892 0.68694 0.69380
 0.69818 0.70984 0.75136 0.77689 0.79477 0.80342 0.81510 0.82458 0.82595 0.83708
 0.85127 0.85509 0.86647 0.89359 0.91046 0.92434 0.92908 0.93781 0.94866 0.97377
 0.99650 1.01055 1.01413 1.02568 1.03552 1.05000 1.06748 1.09694 1.10540 1.12320
 1.12960 1.14623 1.14799 1.16326 1.16553 1.17399 1.19611 1.19927 1.21413 1.24418
 1.24802 1.25526 1.26137 1.27174 1.28713 1.30699 1.31381 1.32233 1.32770 1.33256
 1.33733 1.34858 1.36747 1.37215 1.39221 1.40667 1.40923 1.42708 1.43927 1.44856
 1.45670 1.46702 1.47587 1.48327 1.48947 1.49788 1.51034 1.52381 1.52828 1.54438
 1.57526 1.60241 1.61708 1.62539 1.64854 1.65459 1.66037 1.66654 1.67184 1.68137
 1.68521 1.70423 1.71981 1.72338 1.72643 1.73638 1.74956 1.76124 1.76596 1.77706
 1.79009 1.81015 1.81100 1.81364 1.83203 1.84014 1.84791 1.85732 1.86039 1.86917
 1.88023 1.90525 1.90884 1.91748 1.93398 1.94147 1.94972 1.96891 1.97770 1.98451
 1.99586 2.00368 2.01688 2.02859 2.02975 2.03916 2.04340 2.06417 2.06760 2.08218
 2.09443 2.11592 2.13127 2.13809 2.15144 2.16210 2.16517 2.17586 2.17907 2.18511
 2.19199 2.20309 2.22132 2.22851 2.23889 2.24769 2.25097 2.26414 2.28038 2.30224
 2.30942 2.31737 2.32107 2.36537 2.37546 2.38584 2.39845 2.40068 2.41500 2.43476
 2.44777 2.49810 2.50221 2.54384 2.54900 2.57803 2.59882 2.64065 2.64460 2.65290
 2.71246 2.71930 2.72556 2.75867 2.76119 2.85249 2.88463 2.91179 2.93918 2.96906
 2.97932 3.00233 3.04837 3.13994 3.18237 3.21080 3.23540 3.25596 3.27605 3.28776
 3.32757 3.33385 3.33655 3.34746 3.37270 3.37775 3.38207 3.38419 3.38636 3.39155
 3.40306 3.41337 3.42679 3.47210 3.50279 3.51855 3.64556 3.68812 3.73987 3.75511
 4.03195 4.25244 4.27212 4.32038 4.51221 7.85502
 Occupations: 
 1.00000 1.00000 1.00000 1.00000 1.00000 1.00000 1.00000 1.00000 1.00000 1.00000
 1.00000 1.00000 1.00000 1.00000 1.00000 1.00000 1.00000 1.00000 1.00000 1.00000
 1.00000 1.00000 1.00000 1.00000 1.00000 1.00000 1.00000 1.00000 1.00000 1.00000
 1.00000 1.00000 1.00000 1.00000 1.00000 1.00000 1.00000 1.00000 1.00000 1.00000
 1.00000 1.00000 1.00000 1.00000 1.00000 1.00000 1.00000 1.00000 1.00000 1.00000
 1.00000 1.00000 1.00000 1.00000 1.00000 1.00000 1.00000 1.00000 1.00000 1.00000
 1.00000 1.00000 1.00000 1.00000 1.00000 1.00000 1.00000 1.00000 1.00000 1.00000
 1.00000 0.00025 0.00000 0.00000 0.00000 0.00000 0.00000 0.00000 0.00000 0.00000
 0.00000 0.00000 0.00000 0.00000 0.00000 0.00000 0.00000 0.00000 0.00000 0.00000
 0.00000 0.00000 0.00000 0.00000 0.00000 0.00000 0.00000 0.00000 0.00000 0.00000
 0.00000 0.00000 0.00000 0.00000 0.00000 0.00000 0.00000 0.00000 0.00000 0.00000
 0.00000 0.00000 0.00000 0.00000 0.00000 0.00000 0.00000 0.00000 0.00000 0.00000
 0.00000 0.00000 0.00000 0.00000 0.00000 0.00000 0.00000 0.00000 0.00000 0.00000
 0.00000 0.00000 0.00000 0.00000 0.00000 0.00000 0.00000 0.00000 0.00000 0.00000
 0.00000 0.00000 0.00000 0.00000 0.00000 0.00000 0.00000 0.00000 0.00000 0.00000
 0.00000 0.00000 0.00000 0.00000 0.00000 0.00000 0.00000 0.00000 0.00000 0.00000
 0.00000 0.00000 0.00000 0.00000 0.00000 0.00000 0.00000 0.00000 0.00000 0.00000
 0.00000 0.00000 0.00000 0.00000 0.00000 0.00000 0.00000 0.00000 0.00000 0.00000
 0.00000 0.00000 0.00000 0.00000 0.00000 0.00000 0.00000 0.00000 0.00000 0.00000
 0.00000 0.00000 0.00000 0.00000 0.00000 0.00000 0.00000 0.00000 0.00000 0.00000
 0.00000 0.00000 0.00000 0.00000 0.00000 0.00000 0.00000 0.00000 0.00000 0.00000
 0.00000 0.00000 0.00000 0.00000 0.00000 0.00000 0.00000 0.00000 0.00000 0.00000
 0.00000 0.00000 0.00000 0.00000 0.00000 0.00000 0.00000 0.00000 0.00000 0.00000
 0.00000 0.00000 0.00000 0.00000 0.00000 0.00000 0.00000 0.00000 0.00000 0.00000
 0.00000 0.00000 0.00000 0.00000 0.00000 0.00000 0.00000 0.00000 0.00000 0.00000
 0.00000 0.00000 0.00000 0.00000 0.00000 0.00000 0.00000 0.00000 0.00000 0.00000
 0.00000 0.00000 0.00000 0.00000 0.00000 0.00000 0.00000 0.00000 0.00000 0.00000
 0.00000 0.00000 0.00000 0.00000 0.00000 0.00000 0.00000 0.00000 0.00000 0.00000
 0.00000 0.00000 0.00000 0.00000 0.00000 0.00000 0.00000 0.00000 0.00000 0.00000
 0.00000 0.00000 0.00000 0.00000 0.00000 0.00000 0.00000 0.00000 0.00000 0.00000
 0.00000 0.00000 0.00000 0.00000 0.00000 0.00000 0.00000 0.00000 0.00000 0.00000
 0.00000 0.00000 0.00000 0.00000 0.00000 0.00000 0.00000 0.00000 0.00000 0.00000
 0.00000 0.00000 0.00000 0.00000 0.00000 0.00000
 == 24-th k-point orbital energies
 -0.94322 -0.41433 -0.33120 -0.31075 -0.30702 -0.30679 -0.26767 -0.24719 -0.22222 -0.21487
 -0.21143 -0.20980 -0.20408 -0.20164 -0.19756 -0.19212 -0.19196 -0.18967 -0.18946 -0.18370
 -0.18031 -0.17899 -0.17612 -0.17233 -0.17051 -0.16927 -0.16755 -0.16563 -0.16188 -0.16130
 -0.15951 -0.15562 -0.15434 -0.15199 -0.15029 -0.14817 -0.14722 -0.14630 -0.14536 -0.14359
 -0.14337 -0.14124 -0.14094 -0.14014 -0.14008 -0.13803 -0.13336 -0.13167 -0.13100 -0.12940
 -0.12759 -0.12657 -0.12332 -0.12278 -0.12235 -0.12145 -0.11700 -0.11687 -0.11631 -0.11546
 -0.11407 -0.11220 -0.10842 -0.10802 -0.10637 -0.10562 -0.10416 -0.10168 -0.09131 -0.05080
 -0.04913 -0.04391 -0.01865 -0.01195 0.00060 0.03868 0.04132 0.06546 0.09259 0.11249
 0.13749 0.18338 0.18568 0.19787 0.22698 0.23858 0.25613 0.26614 0.28358 0.28700
 0.29444 0.31693 0.33268 0.34815 0.38421 0.38999 0.41037 0.41978 0.42794 0.43267
 0.45304 0.48878 0.50705 0.51004 0.51455 0.53036 0.53416 0.54414 0.55647 0.57294
 0.57903 0.58587 0.60072 0.61783 0.63197 0.63528 0.66802 0.67082 0.68654 0.69795
 0.70411 0.73591 0.73850 0.75080 0.75930 0.78474 0.78548 0.80481 0.81477 0.83260
 0.84302 0.85201 0.87152 0.89877 0.90682 0.92344 0.93496 0.94963 0.97053 0.98938
 0.99409 1.01492 1.02626 1.04372 1.08081 1.08710 1.09937 1.10138 1.11098 1.11382
 1.13676 1.14602 1.15750 1.16624 1.17193 1.20551 1.20868 1.22074 1.23175 1.23980
 1.25100 1.26122 1.28070 1.28527 1.29932 1.30769 1.32622 1.32776 1.33639 1.34253
 1.35404 1.36326 1.36507 1.37655 1.38178 1.40103 1.40280 1.40778 1.41469 1.41718
 1.43885 1.46266 1.46448 1.46853 1.48982 1.49054 1.51376 1.52390 1.53812 1.54163
 1.55420 1.56469 1.57895 1.60326 1.60767 1.61172 1.64050 1.64294 1.65135 1.66680
 1.68222 1.68744 1.70457 1.70936 1.71810 1.72646 1.73597 1.74883 1.75895 1.76157
 1.78963 1.79730 1.81884 1.82474 1.84239 1.84734 1.85554 1.85987 1.86378 1.87783
 1.88681 1.90019 1.91050 1.91395 1.92888 1.95361 1.95728 1.96783 1.97707 1.98436
 1.98699 2.00656 2.01001 2.02053 2.03793 2.04146 2.05267 2.05340 2.07236 2.09027
 2.09544 2.10416 2.12081 2.12936 2.14156 2.15386 2.15725 2.15931 2.16895 2.17352
 2.18363 2.20491 2.22624 2.23346 2.23909 2.24331 2.24916 2.27698 2.28112 2.28482
 2.30486 2.31769 2.32337 2.33430 2.33594 2.37076 2.37689 2.40792 2.41634 2.45229
 2.47729 2.50396 2.52913 2.53490 2.55737 2.56779 2.57290 2.66332 2.67033 2.67193
 2.69301 2.71477 2.72700 2.74326 2.74766 2.77122 2.82284 2.84524 2.86143 2.92496
 2.96057 3.09832 3.10449 3.14400 3.15840 3.19420 3.20433 3.20999 3.24362 3.25302
 3.26929 3.32525 3.33691 3.34768 3.36644 3.36704 3.39723 3.40386 3.42404 3.43097
 3.44232 3.44790 3.45074 3.48596 3.52334 3.55727 3.58332 3.64302 3.86443 4.00575
 4.06123 4.07783 4.30909 4.32371 4.51707 7.85932
 Occupations: 
 1.00000 1.00000 1.00000 1.00000 1.00000 1.00000 1.00000 1.00000 1.00000 1.00000
 1.00000 1.00000 1.00000 1.00000 1.00000 1.00000 1.00000 1.00000 1.00000 1.00000
 1.00000 1.00000 1.00000 1.00000 1.00000 1.00000 1.00000 1.00000 1.00000 1.00000
 1.00000 1.00000 1.00000 1.00000 1.00000 1.00000 1.00000 1.00000 1.00000 1.00000
 1.00000 1.00000 1.00000 1.00000 1.00000 1.00000 1.00000 1.00000 1.00000 1.00000
 1.00000 1.00000 1.00000 1.00000 1.00000 1.00000 1.00000 1.00000 1.00000 1.00000
 1.00000 1.00000 1.00000 1.00000 1.00000 1.00000 1.00000 1.00000 1.00000 0.92752
 0.70626 0.01287 0.00000 0.00000 0.00000 0.00000 0.00000 0.00000 0.00000 0.00000
 0.00000 0.00000 0.00000 0.00000 0.00000 0.00000 0.00000 0.00000 0.00000 0.00000
 0.00000 0.00000 0.00000 0.00000 0.00000 0.00000 0.00000 0.00000 0.00000 0.00000
 0.00000 0.00000 0.00000 0.00000 0.00000 0.00000 0.00000 0.00000 0.00000 0.00000
 0.00000 0.00000 0.00000 0.00000 0.00000 0.00000 0.00000 0.00000 0.00000 0.00000
 0.00000 0.00000 0.00000 0.00000 0.00000 0.00000 0.00000 0.00000 0.00000 0.00000
 0.00000 0.00000 0.00000 0.00000 0.00000 0.00000 0.00000 0.00000 0.00000 0.00000
 0.00000 0.00000 0.00000 0.00000 0.00000 0.00000 0.00000 0.00000 0.00000 0.00000
 0.00000 0.00000 0.00000 0.00000 0.00000 0.00000 0.00000 0.00000 0.00000 0.00000
 0.00000 0.00000 0.00000 0.00000 0.00000 0.00000 0.00000 0.00000 0.00000 0.00000
 0.00000 0.00000 0.00000 0.00000 0.00000 0.00000 0.00000 0.00000 0.00000 0.00000
 0.00000 0.00000 0.00000 0.00000 0.00000 0.00000 0.00000 0.00000 0.00000 0.00000
 0.00000 0.00000 0.00000 0.00000 0.00000 0.00000 0.00000 0.00000 0.00000 0.00000
 0.00000 0.00000 0.00000 0.00000 0.00000 0.00000 0.00000 0.00000 0.00000 0.00000
 0.00000 0.00000 0.00000 0.00000 0.00000 0.00000 0.00000 0.00000 0.00000 0.00000
 0.00000 0.00000 0.00000 0.00000 0.00000 0.00000 0.00000 0.00000 0.00000 0.00000
 0.00000 0.00000 0.00000 0.00000 0.00000 0.00000 0.00000 0.00000 0.00000 0.00000
 0.00000 0.00000 0.00000 0.00000 0.00000 0.00000 0.00000 0.00000 0.00000 0.00000
 0.00000 0.00000 0.00000 0.00000 0.00000 0.00000 0.00000 0.00000 0.00000 0.00000
 0.00000 0.00000 0.00000 0.00000 0.00000 0.00000 0.00000 0.00000 0.00000 0.00000
 0.00000 0.00000 0.00000 0.00000 0.00000 0.00000 0.00000 0.00000 0.00000 0.00000
 0.00000 0.00000 0.00000 0.00000 0.00000 0.00000 0.00000 0.00000 0.00000 0.00000
 0.00000 0.00000 0.00000 0.00000 0.00000 0.00000 0.00000 0.00000 0.00000 0.00000
 0.00000 0.00000 0.00000 0.00000 0.00000 0.00000 0.00000 0.00000 0.00000 0.00000
 0.00000 0.00000 0.00000 0.00000 0.00000 0.00000 0.00000 0.00000 0.00000 0.00000
 0.00000 0.00000 0.00000 0.00000 0.00000 0.00000

 The final Fermi energy from SCF is -1.31301 eV

           Ground-State Mulliken Net Atomic Charges

      Atom                 Charge (a.u.)          Spin (a.u.)
   --------------------------------------------------------
      1 Cu                (0.016970,0.000000)    (0.000000,0.000000)
      2 Cu               (0.016971,-0.000000)    (0.000000,0.000000)
      3 Cu               (0.016971,-0.000000)    (0.000000,0.000000)
      4 Cu               (0.024082,-0.000000)    (0.000000,0.000000)
      5 Cu               (-0.036609,0.000000)    (0.000000,0.000000)
      6 Cu              (-0.014692,-0.000000)    (0.000000,0.000000)
      7 Cu              (-0.036609,-0.000000)    (0.000000,0.000000)
      8 Cu              (-0.036609,-0.000000)    (0.000000,0.000000)
      9 Cu               (-0.253527,0.000000)    (0.000000,0.000000)
     10 Cu                (0.052957,0.000000)    (0.000000,0.000000)
     11 Cu               (0.052957,-0.000000)    (0.000000,0.000000)
     12 Cu               (0.052960,-0.000000)    (0.000000,0.000000)
     13  O              (-0.097482,-0.000000)    (0.000000,0.000000)
     14  C                (0.241662,0.000000)    (0.000000,0.000000)
   --------------------------------------------------------
  Sum of atomic charges =      (-0.000000,0.000000)
  Sum of spin   charges =       (0.000000,0.000000)



 Total job time:  2906.98 s.
 Mon Jul  6 17:17:45 2026


        *************************************************************
        *                                                           *
        *  Thank you very much for using QCPBC. Have a nice day.    *
        *                                                           *
        *************************************************************

