
Running job 1 of 1
                  Welcome to Q-Chem
           with Periodic Boundary Conditions
     A Quantum Leap Into The Future Of Chemistry

 Adam Rettig, Xintian Feng, Meng-Fu Chen, Hieu Dinh, Anton Ni,
 Stephen Quiton, Paul J. Robinson, Jinghong Zhang, Joonho Lee

Contributors to earlier versions of Q-Chem not listed above:
 Evgeny Epifanovsky, Leo Cunha, Jerome F. Gonthier, Kuan-Yu Liu
 Input file: /n/home10/lko/qcpbc/scratch//INPUT.scratch20260604023954/INPUT.0
 Scratch folder: /n/home10/lko/qcpbc/scratch//INPUT.scratch20260604023954
 Auxillary files located at: /n/home10/lko/qcpbc/qcpbc/qcaux
 Q-Chem begins on Thu Jun  4 02:40:07 2026

 -------------------------------------------------------------
 User input:
 -------------------------------------------------------------
 $lattice
  3
   5.1123820280 0.0000000000 0.0000000000
   2.5561910140 4.4274527101 0.0000000000
   0.0000000000 0.0000000000 34.1742424462
 $end
 $unitcell
  ABSOLUTE
  0 1
 Cu      1.278095506994685      0.737908785013432     15.000000000000000
 Cu      3.834286520984055      0.737908785013432     15.000000000000000
 Cu      2.556191013989370      2.951635140053729     15.000000000000000
 Cu      5.112382027978740      2.951635140053729     15.000000000000000
 Cu      0.000000000000000      1.475817570026865     17.087121223120498
 Cu      2.556191013989370      1.475817570026865     17.087121223120498
 Cu      1.278095506994685      3.689543925067162     17.087121223120498
 Cu      3.834286520984055      3.689543925067162     17.087121223120498
 Cu      0.000000000000000      0.000000000000000     19.174242446240996
 Cu      2.556191013989370      0.000000000000000     19.174242446240996
 Cu      1.278095506994685      2.213726355040297     19.174242446240996
 Cu      3.834286520984055      2.213726355040297     19.174242446240996
 H       1.278095506994685      0.737908785013432     20.062532446240997
 $end
 $rem
 jobtype sp
 unrestricted true 
 method pbe
 pseudo GTH-PBE
 basis DZVP-MOLOPT-PBE-GTH
 kecut 1500
 symmetry false
 scf_guess read
 DFT_D 6
 !gpw_method shellpair
 collinear_gscf true
 scf_convergence 8
 scf_algorithm diis
 !tscf true
 !theta 0.001
 max_scf_cycles 200
 mem_total 300000
 scf_print 2
 mp_mesh [5,5,1]
 occ_smearing Fermi
 smearing_sigma 0.001
 $end
 $rem_autosad
 incfock 1000
 scf_algorithm gdm_ls
 scf_convergence 5
 $end
 -------------------------------------------------------------
 Running PBC job

 Requested Exchange Correlation Functionals: 
  DFT Exchange:  1.00000 pbe_x
  DFT Correlation:  1.00000 pbe_c
 using 64 threads for computing.
 ---------------------------------------------------------------
      Coordinates of Atoms in Central Unit Cell (Angstroms)
    I     Atom         X            Y            Z
 ---------------------------------------------------------------
    1      Cu      1.278096     0.737909    15.000000
    2      Cu      3.834287     0.737909    15.000000
    3      Cu      2.556191     2.951635    15.000000
    4      Cu      5.112382     2.951635    15.000000
    5      Cu      0.000000     1.475818    17.087121
    6      Cu      2.556191     1.475818    17.087121
    7      Cu      1.278096     3.689544    17.087121
    8      Cu      3.834287     3.689544    17.087121
    9      Cu      0.000000     0.000000    19.174242
   10      Cu      2.556191     0.000000    19.174242
   11      Cu      1.278096     2.213726    19.174242
   12      Cu      3.834287     2.213726    19.174242
   13       H      1.278096     0.737909    20.062532
 ---------------------------------------------------------------
 --------------------------------------------------
              Lattice Vectors (Angstroms)
              X            Y            Z
 --------------------------------------------------
   a1       5.112382     0.000000     0.000000
   a2       2.556191     4.427453     0.000000
   a3       0.000000     0.000000    34.174242
 --------------------------------------------------
 --------------------------------------------------
       Reciprocal Lattice Vectors (Angstroms^-1)
              X            Y            Z
 --------------------------------------------------
   b1       1.229013    -0.709571     0.000000
   b2      -0.000000     1.419142     0.000000
   b3       0.000000     0.000000     0.183857
 --------------------------------------------------

 Single point calculation requested


 K-Points calculation started.

 There are 305 basis functions in the central unit cell.
 There are 363 image cells after screening.
 There are 225 image cells for CGTO evaluation after screening.
 Real-Space grid for FFT initialized based on kinetic energy cutoff (eV) = 1500.0
 Real-Space grid for FFT: (23,23,153)
 There are 678163 real-space grid points.

 Adding empirical dispersion correction 
 ----------------------------------------------------------------
 Doing -D3(BJ) with
 s6  =   1.00000
 s8  =   0.78750
 a1  =   0.42890
 a2  =   4.44070
 ----------------------------------------------------------------
 Spacegroup symmetry group: P3m1  (hall_number: 446)
    Reducing spacegroup symmetry to symmorphic group: C m = C 1 m 1  (hall_number: 30)
 Monkhorst-Pack mesh is [5,5,1]
 There are 25 k points.
 Smearing occupation scheme, kind: fermi, sigma: 0.0010000000, collinear GSCF occupation scheme
 k-points (Bohr^-1):
 == 0-th k-point nmo = 305 (-0.26015,-0.15020,0.00000) ==
 == 1-th k-point nmo = 305 (-0.26015,-0.00000,0.00000) ==
 == 2-th k-point nmo = 305 (-0.26015,0.15020,0.00000) ==
 == 3-th k-point nmo = 305 (-0.26015,0.30039,0.00000) ==
 == 4-th k-point nmo = 305 (-0.26015,0.45059,0.00000) ==
 == 5-th k-point nmo = 305 (-0.13007,-0.22529,0.00000) ==
 == 6-th k-point nmo = 305 (-0.13007,-0.07510,0.00000) ==
 == 7-th k-point nmo = 305 (-0.13007,0.07510,0.00000) ==
 == 8-th k-point nmo = 305 (-0.13007,0.22529,0.00000) ==
 == 9-th k-point nmo = 305 (-0.13007,0.37549,0.00000) ==
 == 10-th k-point nmo = 305 (0.00000,-0.30039,0.00000) ==
 == 11-th k-point nmo = 305 (0.00000,-0.15020,0.00000) ==
 == 12-th k-point nmo = 305 (0.00000,0.00000,0.00000) ==
 == 13-th k-point nmo = 305 (-0.00000,0.15020,0.00000) ==
 == 14-th k-point nmo = 305 (-0.00000,0.30039,0.00000) ==
 == 15-th k-point nmo = 305 (0.13007,-0.37549,0.00000) ==
 == 16-th k-point nmo = 305 (0.13007,-0.22529,0.00000) ==
 == 17-th k-point nmo = 305 (0.13007,-0.07510,0.00000) ==
 == 18-th k-point nmo = 305 (0.13007,0.07510,0.00000) ==
 == 19-th k-point nmo = 305 (0.13007,0.22529,0.00000) ==
 == 20-th k-point nmo = 305 (0.26015,-0.45059,0.00000) ==
 == 21-th k-point nmo = 305 (0.26015,-0.30039,0.00000) ==
 == 22-th k-point nmo = 305 (0.26015,-0.15020,0.00000) ==
 == 23-th k-point nmo = 305 (0.26015,0.00000,0.00000) ==
 == 24-th k-point nmo = 305 (0.26015,0.15020,0.00000) ==

 There are 66.500000 alpha and 66.500000 beta electrons per k-point
 Reading guess density from scratch folder
 Reading guess density from scratch data context

 Start computing CGTO
 CGTO with derivative is computed and kept in memory, which occupies 233641 MB (25.97% sparsity)

 smearing ON : fermi
  sigma: 1.000e-03
 electronic temperature: 1.000e-03 a.u.
 electronic temperature: 315.78 K
The total number of electrons in this calculation is 3325.00000
 ----------------------------------------------
 Guess energy: -578.0972844592
 ----------------------------------------------
 Guess energy components:
 D3 correction     Energy =  -0.17203322760635
 DFT Correlation   Energy =  -5.43679401070339
 DFT Exchange      Energy = -87.94978369638513
 Kinetic           Energy = 836.76137704449570
 Nuclear Repulsion Energy = 4556.62071783397732
 Pseudo Potential  Energy = -11019.01156176095355
 Total Coulomb     Energy = 5141.09079335802198
 ----------------------------------------------
  Cycle       Energy         DIIS error
 ----------------------------------------------
    1    -578.0955579852      2.85e-05  M = 1.000000
 Energy components after cycle 1:
 D3 correction     Energy =  -0.17203322760635
 DFT Correlation   Energy =  -5.43682001300395
 DFT Exchange      Energy = -87.90422752037763
 Kinetic           Energy = 836.25548939022087
 Nuclear Repulsion Energy = 4556.62071783397732
 Pseudo Potential  Energy = -11017.25995189466448
 Total Coulomb     Energy = 5139.80126744622066
    2    -578.0966916098      3.01e-04  M = 1.000000
 Energy components after cycle 2:
 D3 correction     Energy =  -0.17203322760635
 DFT Correlation   Energy =  -5.43696253073030
 DFT Exchange      Energy = -87.92122053849444
 Kinetic           Energy = 836.43486017624537
 Nuclear Repulsion Energy = 4556.62071783397732
 Pseudo Potential  Energy = -11018.18390493237712
 Total Coulomb     Energy = 5140.56185160919631
    3    -578.0971372988      1.66e-04  M = 1.000000
 Energy components after cycle 3:
 D3 correction     Energy =  -0.17203322760635
 DFT Correlation   Energy =  -5.43708269480612
 DFT Exchange      Energy = -87.93631658008773
 Kinetic           Energy = 836.60052814951268
 Nuclear Repulsion Energy = 4556.62071783397732
 Pseudo Potential  Energy = -11018.96394519282330
 Total Coulomb     Energy = 5141.19099441305025
    4    -578.0971590781      4.33e-05  M = 1.000000
 Energy components after cycle 4:
 D3 correction     Energy =  -0.17203322760635
 DFT Correlation   Energy =  -5.43686620995326
 DFT Exchange      Energy = -87.94231186609213
 Kinetic           Energy = 836.67677317940286
 Nuclear Repulsion Energy = 4556.62071783397732
 Pseudo Potential  Energy = -11018.82036863134635
 Total Coulomb     Energy = 5140.97692984352852
    5    -578.0971397290      1.31e-05  M = 1.000000
 Energy components after cycle 5:
 D3 correction     Energy =  -0.17203322760635
 DFT Correlation   Energy =  -5.43686199351022
 DFT Exchange      Energy = -87.94347413194888
 Kinetic           Energy = 836.69050356369928
 Nuclear Repulsion Energy = 4556.62071783397732
 Pseudo Potential  Energy = -11018.85492073303249
 Total Coulomb     Energy = 5140.99892895940593
    6    -578.0970879618      9.58e-06  M = 1.000000
 Energy components after cycle 6:
 D3 correction     Energy =  -0.17203322760635
 DFT Correlation   Energy =  -5.43688788153357
 DFT Exchange      Energy = -87.93997308331173
 Kinetic           Energy = 836.65151989320145
 Nuclear Repulsion Energy = 4556.62071783397732
 Pseudo Potential  Energy = -11018.76341946997672
 Total Coulomb     Energy = 5140.94298797347801
    7    -578.0970506874      4.75e-06  M = 1.000000
 Energy components after cycle 7:
 D3 correction     Energy =  -0.17203322760635
 DFT Correlation   Energy =  -5.43690559887488
 DFT Exchange      Energy = -87.94053506835236
 Kinetic           Energy = 836.65780165689557
 Nuclear Repulsion Energy = 4556.62071783397732
 Pseudo Potential  Energy = -11018.78542319759435
 Total Coulomb     Energy = 5140.95932691419148
    8    -578.0970211108      5.48e-06  M = 1.000000
 Energy components after cycle 8:
 D3 correction     Energy =  -0.17203322760635
 DFT Correlation   Energy =  -5.43690120940868
 DFT Exchange      Energy = -87.94067124697222
 Kinetic           Energy = 836.66000083913252
 Nuclear Repulsion Energy = 4556.62071783397732
 Pseudo Potential  Energy = -11018.78345033799451
 Total Coulomb     Energy = 5140.95531623804800
    9    -578.0970050006      3.25e-06  M = 1.000000
 Energy components after cycle 9:
 D3 correction     Energy =  -0.17203322760635
 DFT Correlation   Energy =  -5.43689743760973
 DFT Exchange      Energy = -87.94006540007591
 Kinetic           Energy = 836.65362798752108
 Nuclear Repulsion Energy = 4556.62071783397732
 Pseudo Potential  Energy = -11018.76351479598270
 Total Coulomb     Energy = 5140.94116003921499
   10    -578.0969847291      2.21e-06  M = 1.000000
 Energy components after cycle 10:
 D3 correction     Energy =  -0.17203322760635
 DFT Correlation   Energy =  -5.43690853500607
 DFT Exchange      Energy = -87.94071132626661
 Kinetic           Energy = 836.66087160154245
 Nuclear Repulsion Energy = 4556.62071783397732
 Pseudo Potential  Energy = -11018.79090557430027
 Total Coulomb     Energy = 5140.96198449860640
   11    -578.0969779154      1.43e-06  M = 1.000000
 Energy components after cycle 11:
 D3 correction     Energy =  -0.17203322760635
 DFT Correlation   Energy =  -5.43690371926288
 DFT Exchange      Energy = -87.94039312730997
 Kinetic           Energy = 836.65765296619702
 Nuclear Repulsion Energy = 4556.62071783397732
 Pseudo Potential  Energy = -11018.77524422989882
 Total Coulomb     Energy = 5140.94922558846338
   12    -578.0969709608      1.79e-06  M = 1.000000
 Energy components after cycle 12:
 D3 correction     Energy =  -0.17203322760635
 DFT Correlation   Energy =  -5.43690381058017
 DFT Exchange      Energy = -87.94043388671020
 Kinetic           Energy = 836.65824811703465
 Nuclear Repulsion Energy = 4556.62071783397732
 Pseudo Potential  Energy = -11018.77509831424322
 Total Coulomb     Energy = 5140.94853232732839
   13    -578.0969675699      1.70e-06  M = 1.000000
 Energy components after cycle 13:
 D3 correction     Energy =  -0.17203322760635
 DFT Correlation   Energy =  -5.43690516544966
 DFT Exchange      Energy = -87.94049558206804
 Kinetic           Energy = 836.65894745065339
 Nuclear Repulsion Energy = 4556.62071783397732
 Pseudo Potential  Energy = -11018.77655112896355
 Total Coulomb     Energy = 5140.94935224952678
   14    -578.0969668479      1.95e-06  M = 1.000000
 Energy components after cycle 14:
 D3 correction     Energy =  -0.17203322760635
 DFT Correlation   Energy =  -5.43691171025723
 DFT Exchange      Energy = -87.94038906000404
 Kinetic           Energy = 836.65747047007858
 Nuclear Repulsion Energy = 4556.62071783397732
 Pseudo Potential  Energy = -11018.78470513111643
 Total Coulomb     Energy = 5140.95888397705767
   15    -578.0969658453      8.75e-07  M = 1.000000
 Energy components after cycle 15:
 D3 correction     Energy =  -0.17203322760635
 DFT Correlation   Energy =  -5.43690402495536
 DFT Exchange      Energy = -87.94057735903672
 Kinetic           Energy = 836.65991181391348
 Nuclear Repulsion Energy = 4556.62071783397732
 Pseudo Potential  Energy = -11018.77926496512555
 Total Coulomb     Energy = 5140.95118408356575
   16    -578.0969660064      9.40e-07  M = 1.000000
 Energy components after cycle 16:
 D3 correction     Energy =  -0.17203322760635
 DFT Correlation   Energy =  -5.43690390002961
 DFT Exchange      Energy = -87.94107488705977
 Kinetic           Energy = 836.66550746360633
 Nuclear Repulsion Energy = 4556.62071783397732
 Pseudo Potential  Energy = -11018.79790260081609
 Total Coulomb     Energy = 5140.96472331152745
   17    -578.0969656569      2.19e-06  M = 1.000000
 Energy components after cycle 17:
 D3 correction     Energy =  -0.17203322760635
 DFT Correlation   Energy =  -5.43690630599347
 DFT Exchange      Energy = -87.94068802912150
 Kinetic           Energy = 836.66106304762934
 Nuclear Repulsion Energy = 4556.62071783397732
 Pseudo Potential  Energy = -11018.78569044537653
 Total Coulomb     Energy = 5140.95657146959911
   18    -578.0969656371      1.17e-06  M = 1.000000
 Energy components after cycle 18:
 D3 correction     Energy =  -0.17203322760635
 DFT Correlation   Energy =  -5.43690741304787
 DFT Exchange      Energy = -87.94056725133130
 Kinetic           Energy = 836.65968211834786
 Nuclear Repulsion Energy = 4556.62071783397732
 Pseudo Potential  Energy = -11018.78292732726732
 Total Coulomb     Energy = 5140.95506962987110
   19    -578.0969656611      4.42e-07  M = 1.000000
 Energy components after cycle 19:
 D3 correction     Energy =  -0.17203322760635
 DFT Correlation   Energy =  -5.43690717609044
 DFT Exchange      Energy = -87.94055780165431
 Kinetic           Energy = 836.65958810643247
 Nuclear Repulsion Energy = 4556.62071783397732
 Pseudo Potential  Energy = -11018.78318966337429
 Total Coulomb     Energy = 5140.95541626723934
   20    -578.0969656320      2.76e-07  M = 1.000000
 Energy components after cycle 20:
 D3 correction     Energy =  -0.17203322760635
 DFT Correlation   Energy =  -5.43690601540104
 DFT Exchange      Energy = -87.94060682798238
 Kinetic           Energy = 836.66017743373402
 Nuclear Repulsion Energy = 4556.62071783397732
 Pseudo Potential  Energy = -11018.78323802664818
 Total Coulomb     Energy = 5140.95492319793084
   21    -578.0969656372      2.34e-07  M = 1.000000
 Energy components after cycle 21:
 D3 correction     Energy =  -0.17203322760635
 DFT Correlation   Energy =  -5.43690650697264
 DFT Exchange      Energy = -87.94062240846969
 Kinetic           Energy = 836.66032947806320
 Nuclear Repulsion Energy = 4556.62071783397732
 Pseudo Potential  Energy = -11018.78439421650546
 Total Coulomb     Energy = 5140.95594341031119
   22    -578.0969656561      1.22e-07  M = 1.000000
 Energy components after cycle 22:
 D3 correction     Energy =  -0.17203322760635
 DFT Correlation   Energy =  -5.43690676611410
 DFT Exchange      Energy = -87.94063216288755
 Kinetic           Energy = 836.66043172465982
 Nuclear Repulsion Energy = 4556.62071783397732
 Pseudo Potential  Energy = -11018.78484966915312
 Total Coulomb     Energy = 5140.95630661099312
   23    -578.0969656719      7.66e-08  M = 1.000000
 Energy components after cycle 23:
 D3 correction     Energy =  -0.17203322760635
 DFT Correlation   Energy =  -5.43690662979324
 DFT Exchange      Energy = -87.94062024781749
 Kinetic           Energy = 836.66030292684752
 Nuclear Repulsion Energy = 4556.62071783397732
 Pseudo Potential  Energy = -11018.78448531475442
 Total Coulomb     Energy = 5140.95605898727445
   24    -578.0969656541      4.65e-08  M = 1.000000
 Energy components after cycle 24:
 D3 correction     Energy =  -0.17203322760635
 DFT Correlation   Energy =  -5.43690658976477
 DFT Exchange      Energy = -87.94061296910505
 Kinetic           Energy = 836.66022395033269
 Nuclear Repulsion Energy = 4556.62071783397732
 Pseudo Potential  Energy = -11018.78416902222125
 Total Coulomb     Energy = 5140.95581437027704
   25    -578.0969656545      5.70e-08  M = 1.000000
 Energy components after cycle 25:
 D3 correction     Energy =  -0.17203322760635
 DFT Correlation   Energy =  -5.43690661852217
 DFT Exchange      Energy = -87.94062097736000
 Kinetic           Energy = 836.66031220484831
 Nuclear Repulsion Energy = 4556.62071783397732
 Pseudo Potential  Energy = -11018.78440049094206
 Total Coulomb     Energy = 5140.95596562108585
   26    -578.0969656615      4.36e-08  M = 1.000000
 Energy components after cycle 26:
 D3 correction     Energy =  -0.17203322760635
 DFT Correlation   Energy =  -5.43690675318565
 DFT Exchange      Energy = -87.94062219459673
 Kinetic           Energy = 836.66031969864252
 Nuclear Repulsion Energy = 4556.62071783397732
 Pseudo Potential  Energy = -11018.78468222255106
 Total Coulomb     Energy = 5140.95624120386310
   27    -578.0969656577      3.43e-08  M = 1.000000
 Energy components after cycle 27:
 D3 correction     Energy =  -0.17203322760635
 DFT Correlation   Energy =  -5.43690653774929
 DFT Exchange      Energy = -87.94062475655360
 Kinetic           Energy = 836.66035744937017
 Nuclear Repulsion Energy = 4556.62071783397732
 Pseudo Potential  Energy = -11018.78447314902951
 Total Coulomb     Energy = 5140.95599672992103
   28    -578.0969656550      2.36e-08  M = 1.000000
 Energy components after cycle 28:
 D3 correction     Energy =  -0.17203322760635
 DFT Correlation   Energy =  -5.43690666848030
 DFT Exchange      Energy = -87.94062588702742
 Kinetic           Energy = 836.66036469803100
 Nuclear Repulsion Energy = 4556.62071783397732
 Pseudo Potential  Energy = -11018.78468618961961
 Total Coulomb     Energy = 5140.95620378568037
   29    -578.0969656544      2.45e-08  M = 1.000000
 Energy components after cycle 29:
 D3 correction     Energy =  -0.17203322760635
 DFT Correlation   Energy =  -5.43690670772572
 DFT Exchange      Energy = -87.94062018082080
 Kinetic           Energy = 836.66029988863147
 Nuclear Repulsion Energy = 4556.62071783397732
 Pseudo Potential  Energy = -11018.78449960863691
 Total Coulomb     Energy = 5140.95607634780390
   30    -578.0969656541      4.25e-08  M = 1.000000
 Energy components after cycle 30:
 D3 correction     Energy =  -0.17203322760635
 DFT Correlation   Energy =  -5.43690669506113
 DFT Exchange      Energy = -87.94061618325546
 Kinetic           Energy = 836.66025526564113
 Nuclear Repulsion Energy = 4556.62071783397732
 Pseudo Potential  Energy = -11018.78438326445576
 Total Coulomb     Energy = 5140.95600061665300
   31    -578.0969656504      2.82e-08  M = 1.000000
 Energy components after cycle 31:
 D3 correction     Energy =  -0.17203322760635
 DFT Correlation   Energy =  -5.43690661279978
 DFT Exchange      Energy = -87.94062122213201
 Kinetic           Energy = 836.66031491349077
 Nuclear Repulsion Energy = 4556.62071783397732
 Pseudo Potential  Energy = -11018.78445825701783
 Total Coulomb     Energy = 5140.95602092169247
   32    -578.0969656506      1.82e-08  M = 1.000000
 Energy components after cycle 32:
 D3 correction     Energy =  -0.17203322760635
 DFT Correlation   Energy =  -5.43690663482031
 DFT Exchange      Energy = -87.94062353996276
 Kinetic           Energy = 836.66034018219773
 Nuclear Repulsion Energy = 4556.62071783397732
 Pseudo Potential  Energy = -11018.78457587681987
 Total Coulomb     Energy = 5140.95611561239457
   33    -578.0969656481      1.75e-08  M = 1.000000
 Energy components after cycle 33:
 D3 correction     Energy =  -0.17203322760635
 DFT Correlation   Energy =  -5.43690664444456
 DFT Exchange      Energy = -87.94062399063947
 Kinetic           Energy = 836.66034453122916
 Nuclear Repulsion Energy = 4556.62071783397732
 Pseudo Potential  Energy = -11018.78455812737957
 Total Coulomb     Energy = 5140.95609397676799
   34    -578.0969656481      2.13e-08  M = 1.000000
 Energy components after cycle 34:
 D3 correction     Energy =  -0.17203322760635
 DFT Correlation   Energy =  -5.43690666914038
 DFT Exchange      Energy = -87.94062261012516
 Kinetic           Energy = 836.66032849499607
 Nuclear Repulsion Energy = 4556.62071783397732
 Pseudo Potential  Energy = -11018.78455413058873
 Total Coulomb     Energy = 5140.95610466036032
   35    -578.0969656474      1.43e-08  M = 1.000000
 Energy components after cycle 35:
 D3 correction     Energy =  -0.17203322760635
 DFT Correlation   Energy =  -5.43690664953266
 DFT Exchange      Energy = -87.94062021883855
 Kinetic           Energy = 836.66030228827378
 Nuclear Repulsion Energy = 4556.62071783397732
 Pseudo Potential  Energy = -11018.78448332791049
 Total Coulomb     Energy = 5140.95605765423807
   36    -578.0969656474      9.59e-09  M = 1.000000
 Energy components after cycle 36:
 D3 correction     Energy =  -0.17203322760635
 DFT Correlation   Energy =  -5.43690664953266
 DFT Exchange      Energy = -87.94062021883855
 Kinetic           Energy = 836.66030228827378
 Nuclear Repulsion Energy = 4556.62071783397732
 Pseudo Potential  Energy = -11018.78448332791049
 Total Coulomb     Energy = 5140.95605765423807
   36    -578.0969656474      9.59e-09  Convergence criterion met
 ----------------------------------------------
 Final energy components:
 D3 correction     Energy =  -0.17203322760635
 DFT Correlation   Energy =  -5.43690664953266
 DFT Exchange      Energy = -87.94062021883855
 Kinetic           Energy = 836.66030228827378
 Nuclear Repulsion Energy = 4556.62071783397732
 Pseudo Potential  Energy = -11018.78448332791049
 Total Coulomb     Energy = 5140.95605765423807
 ----------------------------------------------
 Final energy is -578.0969656474

 Electronic Entropic Energy (TS) is 0.0014154754

 Free Energy (E - TS) is -578.0983811228

 SCF time:   CPU 400284.51s  wall 6728.00s 
 ---------------------------------------------------------------------------
                 Molecular Orbital Energies and Occupations
 ---------------------------------------------------------------------------
 == 0-th k-point orbital energies
 Spin up:
 -0.33658 -0.30164 -0.27533 -0.24522 -0.22597 -0.22011 -0.21916 -0.21251 -0.21106 -0.20921
 -0.20337 -0.19836 -0.19788 -0.19194 -0.19024 -0.18933 -0.18216 -0.18037 -0.18008 -0.17950
 -0.17652 -0.17597 -0.17564 -0.16882 -0.16646 -0.16412 -0.16331 -0.16204 -0.15991 -0.15937
 -0.15761 -0.15592 -0.15582 -0.15432 -0.15215 -0.15190 -0.15029 -0.15027 -0.14954 -0.14937
 -0.14747 -0.14296 -0.14202 -0.14003 -0.13808 -0.13682 -0.13514 -0.13461 -0.13309 -0.13059
 -0.12944 -0.12824 -0.12640 -0.12571 -0.12414 -0.12365 -0.12281 -0.11924 -0.11673 -0.11552
 -0.11393 -0.11318 -0.11128 -0.11113 -0.07833 -0.05706 -0.05640 -0.03754 -0.01703 -0.01502
 0.01204 0.05846 0.07589 0.08612 0.15513 0.17402 0.19319 0.20010 0.21172 0.23503
 0.25177 0.25338 0.27302 0.27894 0.30110 0.31752 0.32847 0.33837 0.35864 0.40252
 0.40907 0.41110 0.41857 0.42539 0.44560 0.49236 0.50022 0.50755 0.53128 0.53532
 0.54123 0.54706 0.57018 0.59218 0.60765 0.62068 0.63309 0.65021 0.65994 0.67496
 0.68093 0.68562 0.69492 0.72572 0.74686 0.77799 0.78158 0.79579 0.80490 0.82174
 0.83033 0.84022 0.85615 0.88732 0.89525 0.92893 0.93885 0.94308 0.96688 0.97734
 0.99228 1.01750 1.01903 1.04412 1.06062 1.07820 1.10823 1.11146 1.12638 1.13817
 1.15103 1.15129 1.16130 1.17278 1.17628 1.20442 1.23151 1.23545 1.25911 1.26367
 1.27838 1.28649 1.30345 1.31207 1.31269 1.32237 1.32245 1.34024 1.34645 1.34835
 1.36978 1.37669 1.38136 1.38260 1.39893 1.39936 1.41062 1.43248 1.43555 1.45929
 1.47554 1.47629 1.48121 1.50537 1.50910 1.52537 1.53037 1.55496 1.56602 1.58732
 1.60569 1.60979 1.61730 1.62375 1.64336 1.66211 1.67197 1.68712 1.69501 1.70659
 1.71153 1.71809 1.73007 1.73485 1.76976 1.77108 1.80513 1.80744 1.82765 1.83052
 1.83870 1.84048 1.84824 1.85615 1.86954 1.88056 1.89530 1.90014 1.90394 1.92254
 1.94498 1.95415 1.96507 1.96654 1.97595 1.99371 1.99822 2.01487 2.02065 2.02745
 2.02843 2.04275 2.06424 2.06693 2.08399 2.12034 2.12196 2.13187 2.13651 2.14402
 2.14589 2.15031 2.16492 2.16962 2.19465 2.21526 2.21852 2.22586 2.25053 2.25792
 2.25971 2.26596 2.27578 2.29489 2.30159 2.32325 2.33791 2.34269 2.35424 2.36506
 2.40604 2.45676 2.46543 2.47488 2.47644 2.50288 2.52514 2.56097 2.62961 2.63949
 2.65470 2.65978 2.66840 2.70354 2.71499 2.73278 2.73856 2.74941 2.79423 2.81067
 2.82000 2.84850 3.05970 3.07075 3.10877 3.13592 3.19868 3.20433 3.21953 3.23730
 3.27822 3.31034 3.33181 3.33231 3.36136 3.39015 3.40204 3.40490 3.41869 3.43101
 3.43670 3.43873 3.47087 3.50289 3.53607 3.53983 3.57287 3.70525 3.77340 3.88474
 4.03405 4.06260 4.08366 4.29796 4.30564
 Occupations: 
 1.00000 1.00000 1.00000 1.00000 1.00000 1.00000 1.00000 1.00000 1.00000 1.00000
 1.00000 1.00000 1.00000 1.00000 1.00000 1.00000 1.00000 1.00000 1.00000 1.00000
 1.00000 1.00000 1.00000 1.00000 1.00000 1.00000 1.00000 1.00000 1.00000 1.00000
 1.00000 1.00000 1.00000 1.00000 1.00000 1.00000 1.00000 1.00000 1.00000 1.00000
 1.00000 1.00000 1.00000 1.00000 1.00000 1.00000 1.00000 1.00000 1.00000 1.00000
 1.00000 1.00000 1.00000 1.00000 1.00000 1.00000 1.00000 1.00000 1.00000 1.00000
 1.00000 1.00000 1.00000 1.00000 1.00000 0.74461 0.60212 0.00000 0.00000 0.00000
 0.00000 0.00000 0.00000 0.00000 0.00000 0.00000 0.00000 0.00000 0.00000 0.00000
 0.00000 0.00000 0.00000 0.00000 0.00000 0.00000 0.00000 0.00000 0.00000 0.00000
 0.00000 0.00000 0.00000 0.00000 0.00000 0.00000 0.00000 0.00000 0.00000 0.00000
 0.00000 0.00000 0.00000 0.00000 0.00000 0.00000 0.00000 0.00000 0.00000 0.00000
 0.00000 0.00000 0.00000 0.00000 0.00000 0.00000 0.00000 0.00000 0.00000 0.00000
 0.00000 0.00000 0.00000 0.00000 0.00000 0.00000 0.00000 0.00000 0.00000 0.00000
 0.00000 0.00000 0.00000 0.00000 0.00000 0.00000 0.00000 0.00000 0.00000 0.00000
 0.00000 0.00000 0.00000 0.00000 0.00000 0.00000 0.00000 0.00000 0.00000 0.00000
 0.00000 0.00000 0.00000 0.00000 0.00000 0.00000 0.00000 0.00000 0.00000 0.00000
 0.00000 0.00000 0.00000 0.00000 0.00000 0.00000 0.00000 0.00000 0.00000 0.00000
 0.00000 0.00000 0.00000 0.00000 0.00000 0.00000 0.00000 0.00000 0.00000 0.00000
 0.00000 0.00000 0.00000 0.00000 0.00000 0.00000 0.00000 0.00000 0.00000 0.00000
 0.00000 0.00000 0.00000 0.00000 0.00000 0.00000 0.00000 0.00000 0.00000 0.00000
 0.00000 0.00000 0.00000 0.00000 0.00000 0.00000 0.00000 0.00000 0.00000 0.00000
 0.00000 0.00000 0.00000 0.00000 0.00000 0.00000 0.00000 0.00000 0.00000 0.00000
 0.00000 0.00000 0.00000 0.00000 0.00000 0.00000 0.00000 0.00000 0.00000 0.00000
 0.00000 0.00000 0.00000 0.00000 0.00000 0.00000 0.00000 0.00000 0.00000 0.00000
 0.00000 0.00000 0.00000 0.00000 0.00000 0.00000 0.00000 0.00000 0.00000 0.00000
 0.00000 0.00000 0.00000 0.00000 0.00000 0.00000 0.00000 0.00000 0.00000 0.00000
 0.00000 0.00000 0.00000 0.00000 0.00000 0.00000 0.00000 0.00000 0.00000 0.00000
 0.00000 0.00000 0.00000 0.00000 0.00000 0.00000 0.00000 0.00000 0.00000 0.00000
 0.00000 0.00000 0.00000 0.00000 0.00000 0.00000 0.00000 0.00000 0.00000 0.00000
 0.00000 0.00000 0.00000 0.00000 0.00000 0.00000 0.00000 0.00000 0.00000 0.00000
 0.00000 0.00000 0.00000 0.00000 0.00000
 Spin down:
 -0.33658 -0.30164 -0.27533 -0.24522 -0.22597 -0.22011 -0.21916 -0.21251 -0.21106 -0.20921
 -0.20337 -0.19836 -0.19788 -0.19194 -0.19024 -0.18933 -0.18216 -0.18037 -0.18008 -0.17950
 -0.17652 -0.17597 -0.17564 -0.16882 -0.16646 -0.16412 -0.16331 -0.16204 -0.15991 -0.15937
 -0.15761 -0.15592 -0.15582 -0.15432 -0.15215 -0.15190 -0.15029 -0.15027 -0.14954 -0.14937
 -0.14747 -0.14296 -0.14202 -0.14003 -0.13808 -0.13682 -0.13514 -0.13461 -0.13309 -0.13059
 -0.12944 -0.12824 -0.12640 -0.12571 -0.12414 -0.12365 -0.12281 -0.11924 -0.11673 -0.11552
 -0.11393 -0.11318 -0.11128 -0.11113 -0.07833 -0.05706 -0.05640 -0.03754 -0.01703 -0.01502
 0.01204 0.05846 0.07589 0.08612 0.15513 0.17402 0.19319 0.20010 0.21172 0.23503
 0.25177 0.25338 0.27302 0.27894 0.30110 0.31752 0.32847 0.33837 0.35864 0.40252
 0.40907 0.41110 0.41857 0.42539 0.44560 0.49236 0.50022 0.50755 0.53128 0.53532
 0.54123 0.54706 0.57018 0.59218 0.60765 0.62068 0.63309 0.65021 0.65994 0.67496
 0.68093 0.68562 0.69492 0.72572 0.74686 0.77799 0.78158 0.79579 0.80490 0.82174
 0.83033 0.84022 0.85615 0.88732 0.89525 0.92893 0.93885 0.94308 0.96688 0.97734
 0.99228 1.01750 1.01903 1.04412 1.06062 1.07820 1.10823 1.11146 1.12638 1.13817
 1.15103 1.15129 1.16130 1.17278 1.17628 1.20442 1.23151 1.23545 1.25911 1.26367
 1.27838 1.28649 1.30345 1.31207 1.31269 1.32237 1.32245 1.34024 1.34645 1.34835
 1.36978 1.37669 1.38136 1.38260 1.39893 1.39936 1.41062 1.43248 1.43555 1.45929
 1.47554 1.47629 1.48121 1.50537 1.50910 1.52537 1.53037 1.55496 1.56602 1.58732
 1.60569 1.60979 1.61730 1.62375 1.64336 1.66211 1.67197 1.68712 1.69501 1.70659
 1.71153 1.71809 1.73007 1.73485 1.76976 1.77108 1.80513 1.80744 1.82765 1.83052
 1.83870 1.84048 1.84824 1.85615 1.86954 1.88056 1.89530 1.90014 1.90394 1.92254
 1.94498 1.95415 1.96507 1.96654 1.97595 1.99371 1.99822 2.01487 2.02065 2.02745
 2.02843 2.04275 2.06424 2.06693 2.08399 2.12034 2.12196 2.13187 2.13651 2.14402
 2.14589 2.15031 2.16492 2.16962 2.19465 2.21526 2.21852 2.22586 2.25053 2.25792
 2.25971 2.26596 2.27578 2.29489 2.30159 2.32325 2.33791 2.34269 2.35424 2.36506
 2.40604 2.45676 2.46543 2.47488 2.47644 2.50288 2.52514 2.56097 2.62961 2.63949
 2.65470 2.65978 2.66840 2.70354 2.71499 2.73278 2.73856 2.74941 2.79423 2.81067
 2.82000 2.84850 3.05970 3.07075 3.10877 3.13592 3.19868 3.20433 3.21953 3.23730
 3.27822 3.31034 3.33181 3.33231 3.36136 3.39015 3.40204 3.40490 3.41869 3.43101
 3.43670 3.43873 3.47087 3.50289 3.53607 3.53983 3.57287 3.70525 3.77340 3.88474
 4.03405 4.06260 4.08366 4.29796 4.30564
 Occupations:
 1.00000 1.00000 1.00000 1.00000 1.00000 1.00000 1.00000 1.00000 1.00000 1.00000
 1.00000 1.00000 1.00000 1.00000 1.00000 1.00000 1.00000 1.00000 1.00000 1.00000
 1.00000 1.00000 1.00000 1.00000 1.00000 1.00000 1.00000 1.00000 1.00000 1.00000
 1.00000 1.00000 1.00000 1.00000 1.00000 1.00000 1.00000 1.00000 1.00000 1.00000
 1.00000 1.00000 1.00000 1.00000 1.00000 1.00000 1.00000 1.00000 1.00000 1.00000
 1.00000 1.00000 1.00000 1.00000 1.00000 1.00000 1.00000 1.00000 1.00000 1.00000
 1.00000 1.00000 1.00000 1.00000 1.00000 0.74503 0.60339 0.00000 0.00000 0.00000
 0.00000 0.00000 0.00000 0.00000 0.00000 0.00000 0.00000 0.00000 0.00000 0.00000
 0.00000 0.00000 0.00000 0.00000 0.00000 0.00000 0.00000 0.00000 0.00000 0.00000
 0.00000 0.00000 0.00000 0.00000 0.00000 0.00000 0.00000 0.00000 0.00000 0.00000
 0.00000 0.00000 0.00000 0.00000 0.00000 0.00000 0.00000 0.00000 0.00000 0.00000
 0.00000 0.00000 0.00000 0.00000 0.00000 0.00000 0.00000 0.00000 0.00000 0.00000
 0.00000 0.00000 0.00000 0.00000 0.00000 0.00000 0.00000 0.00000 0.00000 0.00000
 0.00000 0.00000 0.00000 0.00000 0.00000 0.00000 0.00000 0.00000 0.00000 0.00000
 0.00000 0.00000 0.00000 0.00000 0.00000 0.00000 0.00000 0.00000 0.00000 0.00000
 0.00000 0.00000 0.00000 0.00000 0.00000 0.00000 0.00000 0.00000 0.00000 0.00000
 0.00000 0.00000 0.00000 0.00000 0.00000 0.00000 0.00000 0.00000 0.00000 0.00000
 0.00000 0.00000 0.00000 0.00000 0.00000 0.00000 0.00000 0.00000 0.00000 0.00000
 0.00000 0.00000 0.00000 0.00000 0.00000 0.00000 0.00000 0.00000 0.00000 0.00000
 0.00000 0.00000 0.00000 0.00000 0.00000 0.00000 0.00000 0.00000 0.00000 0.00000
 0.00000 0.00000 0.00000 0.00000 0.00000 0.00000 0.00000 0.00000 0.00000 0.00000
 0.00000 0.00000 0.00000 0.00000 0.00000 0.00000 0.00000 0.00000 0.00000 0.00000
 0.00000 0.00000 0.00000 0.00000 0.00000 0.00000 0.00000 0.00000 0.00000 0.00000
 0.00000 0.00000 0.00000 0.00000 0.00000 0.00000 0.00000 0.00000 0.00000 0.00000
 0.00000 0.00000 0.00000 0.00000 0.00000 0.00000 0.00000 0.00000 0.00000 0.00000
 0.00000 0.00000 0.00000 0.00000 0.00000 0.00000 0.00000 0.00000 0.00000 0.00000
 0.00000 0.00000 0.00000 0.00000 0.00000 0.00000 0.00000 0.00000 0.00000 0.00000
 0.00000 0.00000 0.00000 0.00000 0.00000 0.00000 0.00000 0.00000 0.00000 0.00000
 0.00000 0.00000 0.00000 0.00000 0.00000 0.00000 0.00000 0.00000 0.00000 0.00000
 0.00000 0.00000 0.00000 0.00000 0.00000 0.00000 0.00000 0.00000 0.00000 0.00000
 0.00000 0.00000 0.00000 0.00000 0.00000
 == 1-th k-point orbital energies
 Spin up:
 -0.34579 -0.30417 -0.25387 -0.24955 -0.24266 -0.22098 -0.22059 -0.21377 -0.21198 -0.20776
 -0.20249 -0.20210 -0.19877 -0.19418 -0.19330 -0.18999 -0.18191 -0.18118 -0.17974 -0.17882
 -0.17409 -0.17365 -0.17075 -0.16935 -0.16701 -0.16547 -0.16296 -0.16168 -0.16065 -0.15930
 -0.15807 -0.15692 -0.15544 -0.15360 -0.15281 -0.15024 -0.14799 -0.14713 -0.14609 -0.14443
 -0.14318 -0.14275 -0.14095 -0.13951 -0.13795 -0.13531 -0.13417 -0.13234 -0.13207 -0.13033
 -0.12791 -0.12501 -0.12453 -0.12253 -0.12160 -0.11896 -0.11781 -0.11738 -0.11627 -0.11496
 -0.11460 -0.11382 -0.10543 -0.10367 -0.09368 -0.08035 -0.07518 -0.02121 0.00741 0.01208
 0.01476 0.03290 0.05906 0.10901 0.13821 0.13999 0.18403 0.18715 0.21685 0.21960
 0.22128 0.27176 0.27821 0.28352 0.29501 0.31497 0.33347 0.35274 0.36519 0.38093
 0.40046 0.41279 0.43197 0.43770 0.45034 0.49963 0.50735 0.51145 0.52040 0.54063
 0.55908 0.56400 0.56709 0.58277 0.59937 0.61336 0.63687 0.64935 0.65679 0.66551
 0.68235 0.72512 0.73017 0.74344 0.75991 0.78699 0.80238 0.81347 0.82425 0.82858
 0.83307 0.84094 0.85919 0.89156 0.90636 0.91812 0.92311 0.92642 0.94720 0.97594
 0.98301 1.00274 1.01058 1.03842 1.04268 1.05768 1.08128 1.09805 1.11104 1.12242
 1.13298 1.15544 1.16694 1.17345 1.18544 1.19520 1.20208 1.22238 1.24347 1.24618
 1.24924 1.26254 1.26923 1.29386 1.30670 1.31215 1.32530 1.33680 1.34203 1.34875
 1.37542 1.38760 1.39535 1.40324 1.41405 1.43033 1.43893 1.44070 1.46337 1.46669
 1.47333 1.47827 1.48097 1.48911 1.50338 1.52755 1.54773 1.57339 1.59680 1.62128
 1.63006 1.64469 1.65014 1.65941 1.66601 1.67583 1.69756 1.70373 1.70602 1.71410
 1.72425 1.72467 1.74363 1.74541 1.76092 1.76635 1.77805 1.80653 1.81563 1.81987
 1.82443 1.83967 1.84254 1.84828 1.86348 1.87190 1.88520 1.89607 1.91403 1.93433
 1.94030 1.95619 1.96125 1.96786 1.98797 1.99206 2.00431 2.01048 2.01783 2.02833
 2.03709 2.04191 2.07178 2.08948 2.10333 2.11519 2.12597 2.13249 2.14226 2.15523
 2.16279 2.16940 2.17817 2.18104 2.21235 2.21476 2.22142 2.23111 2.23667 2.24078
 2.25559 2.26935 2.27495 2.29853 2.32191 2.33274 2.35560 2.36722 2.38565 2.38743
 2.39415 2.41784 2.46304 2.46668 2.48318 2.50484 2.52471 2.53681 2.59376 2.60967
 2.61407 2.69492 2.70307 2.70741 2.73594 2.75087 2.79264 2.83660 2.85063 2.89803
 2.90267 2.93281 2.97310 2.98548 3.08821 3.18730 3.23115 3.25633 3.26519 3.28307
 3.30715 3.31739 3.32264 3.33663 3.36046 3.36253 3.36663 3.36746 3.37791 3.38999
 3.40246 3.43620 3.47418 3.49026 3.51509 3.55879 3.66680 3.67382 3.70026 3.72085
 3.87924 4.06317 4.25486 4.26330 4.30166
 Occupations: 
 1.00000 1.00000 1.00000 1.00000 1.00000 1.00000 1.00000 1.00000 1.00000 1.00000
 1.00000 1.00000 1.00000 1.00000 1.00000 1.00000 1.00000 1.00000 1.00000 1.00000
 1.00000 1.00000 1.00000 1.00000 1.00000 1.00000 1.00000 1.00000 1.00000 1.00000
 1.00000 1.00000 1.00000 1.00000 1.00000 1.00000 1.00000 1.00000 1.00000 1.00000
 1.00000 1.00000 1.00000 1.00000 1.00000 1.00000 1.00000 1.00000 1.00000 1.00000
 1.00000 1.00000 1.00000 1.00000 1.00000 1.00000 1.00000 1.00000 1.00000 1.00000
 1.00000 1.00000 1.00000 1.00000 1.00000 1.00000 1.00000 0.00000 0.00000 0.00000
 0.00000 0.00000 0.00000 0.00000 0.00000 0.00000 0.00000 0.00000 0.00000 0.00000
 0.00000 0.00000 0.00000 0.00000 0.00000 0.00000 0.00000 0.00000 0.00000 0.00000
 0.00000 0.00000 0.00000 0.00000 0.00000 0.00000 0.00000 0.00000 0.00000 0.00000
 0.00000 0.00000 0.00000 0.00000 0.00000 0.00000 0.00000 0.00000 0.00000 0.00000
 0.00000 0.00000 0.00000 0.00000 0.00000 0.00000 0.00000 0.00000 0.00000 0.00000
 0.00000 0.00000 0.00000 0.00000 0.00000 0.00000 0.00000 0.00000 0.00000 0.00000
 0.00000 0.00000 0.00000 0.00000 0.00000 0.00000 0.00000 0.00000 0.00000 0.00000
 0.00000 0.00000 0.00000 0.00000 0.00000 0.00000 0.00000 0.00000 0.00000 0.00000
 0.00000 0.00000 0.00000 0.00000 0.00000 0.00000 0.00000 0.00000 0.00000 0.00000
 0.00000 0.00000 0.00000 0.00000 0.00000 0.00000 0.00000 0.00000 0.00000 0.00000
 0.00000 0.00000 0.00000 0.00000 0.00000 0.00000 0.00000 0.00000 0.00000 0.00000
 0.00000 0.00000 0.00000 0.00000 0.00000 0.00000 0.00000 0.00000 0.00000 0.00000
 0.00000 0.00000 0.00000 0.00000 0.00000 0.00000 0.00000 0.00000 0.00000 0.00000
 0.00000 0.00000 0.00000 0.00000 0.00000 0.00000 0.00000 0.00000 0.00000 0.00000
 0.00000 0.00000 0.00000 0.00000 0.00000 0.00000 0.00000 0.00000 0.00000 0.00000
 0.00000 0.00000 0.00000 0.00000 0.00000 0.00000 0.00000 0.00000 0.00000 0.00000
 0.00000 0.00000 0.00000 0.00000 0.00000 0.00000 0.00000 0.00000 0.00000 0.00000
 0.00000 0.00000 0.00000 0.00000 0.00000 0.00000 0.00000 0.00000 0.00000 0.00000
 0.00000 0.00000 0.00000 0.00000 0.00000 0.00000 0.00000 0.00000 0.00000 0.00000
 0.00000 0.00000 0.00000 0.00000 0.00000 0.00000 0.00000 0.00000 0.00000 0.00000
 0.00000 0.00000 0.00000 0.00000 0.00000 0.00000 0.00000 0.00000 0.00000 0.00000
 0.00000 0.00000 0.00000 0.00000 0.00000 0.00000 0.00000 0.00000 0.00000 0.00000
 0.00000 0.00000 0.00000 0.00000 0.00000 0.00000 0.00000 0.00000 0.00000 0.00000
 0.00000 0.00000 0.00000 0.00000 0.00000
 Spin down:
 -0.34579 -0.30417 -0.25387 -0.24955 -0.24266 -0.22098 -0.22059 -0.21377 -0.21198 -0.20776
 -0.20249 -0.20210 -0.19877 -0.19418 -0.19330 -0.18999 -0.18191 -0.18118 -0.17974 -0.17882
 -0.17409 -0.17365 -0.17075 -0.16935 -0.16701 -0.16547 -0.16296 -0.16168 -0.16065 -0.15930
 -0.15807 -0.15692 -0.15544 -0.15360 -0.15281 -0.15024 -0.14799 -0.14713 -0.14609 -0.14443
 -0.14318 -0.14275 -0.14095 -0.13951 -0.13795 -0.13531 -0.13417 -0.13234 -0.13207 -0.13033
 -0.12791 -0.12501 -0.12453 -0.12253 -0.12160 -0.11896 -0.11781 -0.11738 -0.11627 -0.11496
 -0.11460 -0.11382 -0.10543 -0.10367 -0.09368 -0.08035 -0.07518 -0.02121 0.00741 0.01208
 0.01476 0.03290 0.05906 0.10901 0.13821 0.13999 0.18403 0.18715 0.21685 0.21960
 0.22128 0.27176 0.27821 0.28352 0.29501 0.31497 0.33347 0.35274 0.36519 0.38093
 0.40046 0.41279 0.43197 0.43770 0.45034 0.49963 0.50735 0.51145 0.52040 0.54063
 0.55908 0.56400 0.56709 0.58277 0.59937 0.61336 0.63687 0.64935 0.65679 0.66551
 0.68235 0.72512 0.73017 0.74344 0.75991 0.78699 0.80238 0.81347 0.82425 0.82858
 0.83307 0.84094 0.85919 0.89156 0.90636 0.91812 0.92311 0.92642 0.94720 0.97594
 0.98301 1.00274 1.01058 1.03842 1.04268 1.05768 1.08128 1.09805 1.11104 1.12242
 1.13298 1.15544 1.16694 1.17345 1.18544 1.19520 1.20208 1.22238 1.24347 1.24618
 1.24924 1.26254 1.26923 1.29386 1.30670 1.31215 1.32530 1.33680 1.34203 1.34875
 1.37542 1.38760 1.39535 1.40324 1.41405 1.43033 1.43893 1.44070 1.46337 1.46669
 1.47333 1.47827 1.48097 1.48911 1.50338 1.52755 1.54773 1.57339 1.59680 1.62128
 1.63006 1.64469 1.65014 1.65941 1.66601 1.67583 1.69756 1.70373 1.70602 1.71410
 1.72425 1.72467 1.74363 1.74541 1.76092 1.76635 1.77805 1.80653 1.81563 1.81987
 1.82443 1.83967 1.84254 1.84828 1.86348 1.87190 1.88520 1.89607 1.91403 1.93433
 1.94030 1.95619 1.96125 1.96786 1.98797 1.99206 2.00431 2.01048 2.01783 2.02833
 2.03709 2.04191 2.07178 2.08948 2.10333 2.11519 2.12597 2.13249 2.14226 2.15523
 2.16279 2.16940 2.17817 2.18104 2.21235 2.21476 2.22142 2.23111 2.23667 2.24078
 2.25559 2.26935 2.27495 2.29853 2.32191 2.33274 2.35560 2.36722 2.38565 2.38743
 2.39415 2.41784 2.46304 2.46668 2.48318 2.50484 2.52471 2.53681 2.59376 2.60967
 2.61407 2.69492 2.70307 2.70741 2.73594 2.75087 2.79264 2.83660 2.85063 2.89803
 2.90267 2.93281 2.97310 2.98548 3.08821 3.18730 3.23115 3.25633 3.26519 3.28307
 3.30715 3.31739 3.32264 3.33663 3.36046 3.36253 3.36663 3.36746 3.37791 3.38999
 3.40246 3.43620 3.47418 3.49026 3.51509 3.55879 3.66680 3.67382 3.70026 3.72085
 3.87924 4.06317 4.25486 4.26330 4.30166
 Occupations:
 1.00000 1.00000 1.00000 1.00000 1.00000 1.00000 1.00000 1.00000 1.00000 1.00000
 1.00000 1.00000 1.00000 1.00000 1.00000 1.00000 1.00000 1.00000 1.00000 1.00000
 1.00000 1.00000 1.00000 1.00000 1.00000 1.00000 1.00000 1.00000 1.00000 1.00000
 1.00000 1.00000 1.00000 1.00000 1.00000 1.00000 1.00000 1.00000 1.00000 1.00000
 1.00000 1.00000 1.00000 1.00000 1.00000 1.00000 1.00000 1.00000 1.00000 1.00000
 1.00000 1.00000 1.00000 1.00000 1.00000 1.00000 1.00000 1.00000 1.00000 1.00000
 1.00000 1.00000 1.00000 1.00000 1.00000 1.00000 1.00000 0.00000 0.00000 0.00000
 0.00000 0.00000 0.00000 0.00000 0.00000 0.00000 0.00000 0.00000 0.00000 0.00000
 0.00000 0.00000 0.00000 0.00000 0.00000 0.00000 0.00000 0.00000 0.00000 0.00000
 0.00000 0.00000 0.00000 0.00000 0.00000 0.00000 0.00000 0.00000 0.00000 0.00000
 0.00000 0.00000 0.00000 0.00000 0.00000 0.00000 0.00000 0.00000 0.00000 0.00000
 0.00000 0.00000 0.00000 0.00000 0.00000 0.00000 0.00000 0.00000 0.00000 0.00000
 0.00000 0.00000 0.00000 0.00000 0.00000 0.00000 0.00000 0.00000 0.00000 0.00000
 0.00000 0.00000 0.00000 0.00000 0.00000 0.00000 0.00000 0.00000 0.00000 0.00000
 0.00000 0.00000 0.00000 0.00000 0.00000 0.00000 0.00000 0.00000 0.00000 0.00000
 0.00000 0.00000 0.00000 0.00000 0.00000 0.00000 0.00000 0.00000 0.00000 0.00000
 0.00000 0.00000 0.00000 0.00000 0.00000 0.00000 0.00000 0.00000 0.00000 0.00000
 0.00000 0.00000 0.00000 0.00000 0.00000 0.00000 0.00000 0.00000 0.00000 0.00000
 0.00000 0.00000 0.00000 0.00000 0.00000 0.00000 0.00000 0.00000 0.00000 0.00000
 0.00000 0.00000 0.00000 0.00000 0.00000 0.00000 0.00000 0.00000 0.00000 0.00000
 0.00000 0.00000 0.00000 0.00000 0.00000 0.00000 0.00000 0.00000 0.00000 0.00000
 0.00000 0.00000 0.00000 0.00000 0.00000 0.00000 0.00000 0.00000 0.00000 0.00000
 0.00000 0.00000 0.00000 0.00000 0.00000 0.00000 0.00000 0.00000 0.00000 0.00000
 0.00000 0.00000 0.00000 0.00000 0.00000 0.00000 0.00000 0.00000 0.00000 0.00000
 0.00000 0.00000 0.00000 0.00000 0.00000 0.00000 0.00000 0.00000 0.00000 0.00000
 0.00000 0.00000 0.00000 0.00000 0.00000 0.00000 0.00000 0.00000 0.00000 0.00000
 0.00000 0.00000 0.00000 0.00000 0.00000 0.00000 0.00000 0.00000 0.00000 0.00000
 0.00000 0.00000 0.00000 0.00000 0.00000 0.00000 0.00000 0.00000 0.00000 0.00000
 0.00000 0.00000 0.00000 0.00000 0.00000 0.00000 0.00000 0.00000 0.00000 0.00000
 0.00000 0.00000 0.00000 0.00000 0.00000 0.00000 0.00000 0.00000 0.00000 0.00000
 0.00000 0.00000 0.00000 0.00000 0.00000
 == 2-th k-point orbital energies
 Spin up:
 -0.33658 -0.30164 -0.27533 -0.24522 -0.22598 -0.22011 -0.21916 -0.21254 -0.21104 -0.20921
 -0.20338 -0.19839 -0.19785 -0.19200 -0.19024 -0.18929 -0.18215 -0.18037 -0.18006 -0.17952
 -0.17652 -0.17593 -0.17567 -0.16883 -0.16644 -0.16411 -0.16335 -0.16201 -0.15985 -0.15935
 -0.15758 -0.15592 -0.15576 -0.15430 -0.15218 -0.15191 -0.15035 -0.15029 -0.14950 -0.14939
 -0.14754 -0.14299 -0.14207 -0.14007 -0.13806 -0.13678 -0.13516 -0.13460 -0.13311 -0.13057
 -0.12937 -0.12830 -0.12633 -0.12564 -0.12415 -0.12368 -0.12282 -0.11922 -0.11673 -0.11554
 -0.11394 -0.11314 -0.11131 -0.11111 -0.07833 -0.05708 -0.05642 -0.03754 -0.01704 -0.01500
 0.01204 0.05847 0.07589 0.08612 0.15512 0.17401 0.19320 0.20010 0.21172 0.23503
 0.25176 0.25339 0.27302 0.27894 0.30109 0.31753 0.32847 0.33837 0.35864 0.40252
 0.40907 0.41109 0.41858 0.42538 0.44560 0.49236 0.50022 0.50754 0.53128 0.53532
 0.54123 0.54706 0.57018 0.59218 0.60765 0.62068 0.63309 0.65021 0.65994 0.67496
 0.68093 0.68562 0.69492 0.72571 0.74686 0.77799 0.78157 0.79579 0.80490 0.82174
 0.83033 0.84022 0.85615 0.88733 0.89525 0.92893 0.93885 0.94308 0.96688 0.97734
 0.99228 1.01751 1.01903 1.04412 1.06062 1.07820 1.10823 1.11146 1.12637 1.13818
 1.15102 1.15130 1.16130 1.17279 1.17628 1.20443 1.23151 1.23545 1.25911 1.26366
 1.27838 1.28649 1.30345 1.31207 1.31270 1.32236 1.32245 1.34024 1.34645 1.34835
 1.36978 1.37669 1.38136 1.38260 1.39893 1.39936 1.41062 1.43248 1.43555 1.45929
 1.47554 1.47629 1.48121 1.50537 1.50910 1.52538 1.53037 1.55495 1.56602 1.58732
 1.60569 1.60979 1.61730 1.62375 1.64336 1.66212 1.67197 1.68712 1.69501 1.70659
 1.71153 1.71809 1.73007 1.73485 1.76975 1.77108 1.80513 1.80744 1.82764 1.83052
 1.83870 1.84048 1.84824 1.85615 1.86953 1.88056 1.89529 1.90015 1.90394 1.92254
 1.94498 1.95416 1.96507 1.96654 1.97594 1.99371 1.99822 2.01486 2.02066 2.02744
 2.02843 2.04275 2.06423 2.06693 2.08399 2.12034 2.12196 2.13187 2.13650 2.14402
 2.14589 2.15031 2.16492 2.16961 2.19466 2.21526 2.21852 2.22586 2.25053 2.25792
 2.25971 2.26596 2.27578 2.29488 2.30159 2.32325 2.33791 2.34269 2.35425 2.36506
 2.40605 2.45676 2.46543 2.47488 2.47644 2.50289 2.52514 2.56097 2.62960 2.63951
 2.65470 2.65978 2.66840 2.70354 2.71499 2.73277 2.73856 2.74941 2.79419 2.81067
 2.82002 2.84852 3.05970 3.07076 3.10872 3.13599 3.19863 3.20431 3.21963 3.23725
 3.27823 3.31034 3.33182 3.33231 3.36136 3.39014 3.40207 3.40488 3.41868 3.43097
 3.43673 3.43878 3.47088 3.50291 3.53608 3.53981 3.57293 3.70512 3.77333 3.88485
 4.03400 4.06261 4.08368 4.29803 4.30557
 Occupations: 
 1.00000 1.00000 1.00000 1.00000 1.00000 1.00000 1.00000 1.00000 1.00000 1.00000
 1.00000 1.00000 1.00000 1.00000 1.00000 1.00000 1.00000 1.00000 1.00000 1.00000
 1.00000 1.00000 1.00000 1.00000 1.00000 1.00000 1.00000 1.00000 1.00000 1.00000
 1.00000 1.00000 1.00000 1.00000 1.00000 1.00000 1.00000 1.00000 1.00000 1.00000
 1.00000 1.00000 1.00000 1.00000 1.00000 1.00000 1.00000 1.00000 1.00000 1.00000
 1.00000 1.00000 1.00000 1.00000 1.00000 1.00000 1.00000 1.00000 1.00000 1.00000
 1.00000 1.00000 1.00000 1.00000 1.00000 0.74824 0.60488 0.00000 0.00000 0.00000
 0.00000 0.00000 0.00000 0.00000 0.00000 0.00000 0.00000 0.00000 0.00000 0.00000
 0.00000 0.00000 0.00000 0.00000 0.00000 0.00000 0.00000 0.00000 0.00000 0.00000
 0.00000 0.00000 0.00000 0.00000 0.00000 0.00000 0.00000 0.00000 0.00000 0.00000
 0.00000 0.00000 0.00000 0.00000 0.00000 0.00000 0.00000 0.00000 0.00000 0.00000
 0.00000 0.00000 0.00000 0.00000 0.00000 0.00000 0.00000 0.00000 0.00000 0.00000
 0.00000 0.00000 0.00000 0.00000 0.00000 0.00000 0.00000 0.00000 0.00000 0.00000
 0.00000 0.00000 0.00000 0.00000 0.00000 0.00000 0.00000 0.00000 0.00000 0.00000
 0.00000 0.00000 0.00000 0.00000 0.00000 0.00000 0.00000 0.00000 0.00000 0.00000
 0.00000 0.00000 0.00000 0.00000 0.00000 0.00000 0.00000 0.00000 0.00000 0.00000
 0.00000 0.00000 0.00000 0.00000 0.00000 0.00000 0.00000 0.00000 0.00000 0.00000
 0.00000 0.00000 0.00000 0.00000 0.00000 0.00000 0.00000 0.00000 0.00000 0.00000
 0.00000 0.00000 0.00000 0.00000 0.00000 0.00000 0.00000 0.00000 0.00000 0.00000
 0.00000 0.00000 0.00000 0.00000 0.00000 0.00000 0.00000 0.00000 0.00000 0.00000
 0.00000 0.00000 0.00000 0.00000 0.00000 0.00000 0.00000 0.00000 0.00000 0.00000
 0.00000 0.00000 0.00000 0.00000 0.00000 0.00000 0.00000 0.00000 0.00000 0.00000
 0.00000 0.00000 0.00000 0.00000 0.00000 0.00000 0.00000 0.00000 0.00000 0.00000
 0.00000 0.00000 0.00000 0.00000 0.00000 0.00000 0.00000 0.00000 0.00000 0.00000
 0.00000 0.00000 0.00000 0.00000 0.00000 0.00000 0.00000 0.00000 0.00000 0.00000
 0.00000 0.00000 0.00000 0.00000 0.00000 0.00000 0.00000 0.00000 0.00000 0.00000
 0.00000 0.00000 0.00000 0.00000 0.00000 0.00000 0.00000 0.00000 0.00000 0.00000
 0.00000 0.00000 0.00000 0.00000 0.00000 0.00000 0.00000 0.00000 0.00000 0.00000
 0.00000 0.00000 0.00000 0.00000 0.00000 0.00000 0.00000 0.00000 0.00000 0.00000
 0.00000 0.00000 0.00000 0.00000 0.00000 0.00000 0.00000 0.00000 0.00000 0.00000
 0.00000 0.00000 0.00000 0.00000 0.00000
 Spin down:
 -0.33658 -0.30164 -0.27533 -0.24522 -0.22598 -0.22011 -0.21916 -0.21254 -0.21104 -0.20921
 -0.20338 -0.19839 -0.19785 -0.19200 -0.19024 -0.18929 -0.18215 -0.18037 -0.18006 -0.17952
 -0.17652 -0.17593 -0.17567 -0.16883 -0.16644 -0.16411 -0.16335 -0.16201 -0.15985 -0.15935
 -0.15758 -0.15592 -0.15576 -0.15430 -0.15218 -0.15191 -0.15035 -0.15029 -0.14950 -0.14939
 -0.14754 -0.14299 -0.14207 -0.14007 -0.13806 -0.13678 -0.13516 -0.13460 -0.13311 -0.13057
 -0.12937 -0.12830 -0.12633 -0.12564 -0.12415 -0.12368 -0.12282 -0.11922 -0.11673 -0.11554
 -0.11394 -0.11314 -0.11131 -0.11111 -0.07833 -0.05708 -0.05642 -0.03754 -0.01704 -0.01500
 0.01204 0.05847 0.07589 0.08612 0.15512 0.17401 0.19320 0.20010 0.21172 0.23503
 0.25176 0.25339 0.27302 0.27894 0.30109 0.31753 0.32847 0.33837 0.35864 0.40252
 0.40907 0.41109 0.41858 0.42538 0.44560 0.49236 0.50022 0.50754 0.53128 0.53532
 0.54123 0.54706 0.57018 0.59218 0.60765 0.62068 0.63309 0.65021 0.65994 0.67496
 0.68093 0.68562 0.69492 0.72571 0.74686 0.77799 0.78157 0.79579 0.80490 0.82174
 0.83033 0.84022 0.85615 0.88733 0.89525 0.92893 0.93885 0.94308 0.96688 0.97734
 0.99228 1.01751 1.01903 1.04412 1.06062 1.07820 1.10823 1.11146 1.12637 1.13818
 1.15102 1.15130 1.16130 1.17279 1.17628 1.20443 1.23151 1.23545 1.25911 1.26366
 1.27838 1.28649 1.30345 1.31207 1.31270 1.32236 1.32245 1.34024 1.34645 1.34835
 1.36978 1.37669 1.38136 1.38260 1.39893 1.39936 1.41062 1.43248 1.43555 1.45929
 1.47554 1.47629 1.48121 1.50537 1.50910 1.52538 1.53037 1.55495 1.56602 1.58732
 1.60569 1.60979 1.61730 1.62375 1.64336 1.66212 1.67197 1.68712 1.69501 1.70659
 1.71153 1.71809 1.73007 1.73485 1.76975 1.77108 1.80513 1.80744 1.82764 1.83052
 1.83870 1.84048 1.84824 1.85615 1.86953 1.88056 1.89529 1.90015 1.90394 1.92254
 1.94498 1.95416 1.96507 1.96654 1.97594 1.99371 1.99822 2.01486 2.02066 2.02744
 2.02843 2.04275 2.06423 2.06693 2.08399 2.12034 2.12196 2.13187 2.13650 2.14402
 2.14589 2.15031 2.16492 2.16961 2.19466 2.21526 2.21852 2.22586 2.25053 2.25792
 2.25971 2.26596 2.27578 2.29488 2.30159 2.32325 2.33791 2.34269 2.35425 2.36506
 2.40605 2.45676 2.46543 2.47488 2.47644 2.50289 2.52514 2.56097 2.62960 2.63951
 2.65470 2.65978 2.66840 2.70354 2.71499 2.73277 2.73856 2.74941 2.79419 2.81067
 2.82002 2.84852 3.05970 3.07076 3.10872 3.13599 3.19863 3.20431 3.21963 3.23725
 3.27823 3.31034 3.33182 3.33231 3.36136 3.39014 3.40207 3.40488 3.41868 3.43097
 3.43673 3.43878 3.47088 3.50291 3.53608 3.53981 3.57293 3.70512 3.77333 3.88485
 4.03400 4.06261 4.08368 4.29803 4.30557
 Occupations:
 1.00000 1.00000 1.00000 1.00000 1.00000 1.00000 1.00000 1.00000 1.00000 1.00000
 1.00000 1.00000 1.00000 1.00000 1.00000 1.00000 1.00000 1.00000 1.00000 1.00000
 1.00000 1.00000 1.00000 1.00000 1.00000 1.00000 1.00000 1.00000 1.00000 1.00000
 1.00000 1.00000 1.00000 1.00000 1.00000 1.00000 1.00000 1.00000 1.00000 1.00000
 1.00000 1.00000 1.00000 1.00000 1.00000 1.00000 1.00000 1.00000 1.00000 1.00000
 1.00000 1.00000 1.00000 1.00000 1.00000 1.00000 1.00000 1.00000 1.00000 1.00000
 1.00000 1.00000 1.00000 1.00000 1.00000 0.74866 0.60615 0.00000 0.00000 0.00000
 0.00000 0.00000 0.00000 0.00000 0.00000 0.00000 0.00000 0.00000 0.00000 0.00000
 0.00000 0.00000 0.00000 0.00000 0.00000 0.00000 0.00000 0.00000 0.00000 0.00000
 0.00000 0.00000 0.00000 0.00000 0.00000 0.00000 0.00000 0.00000 0.00000 0.00000
 0.00000 0.00000 0.00000 0.00000 0.00000 0.00000 0.00000 0.00000 0.00000 0.00000
 0.00000 0.00000 0.00000 0.00000 0.00000 0.00000 0.00000 0.00000 0.00000 0.00000
 0.00000 0.00000 0.00000 0.00000 0.00000 0.00000 0.00000 0.00000 0.00000 0.00000
 0.00000 0.00000 0.00000 0.00000 0.00000 0.00000 0.00000 0.00000 0.00000 0.00000
 0.00000 0.00000 0.00000 0.00000 0.00000 0.00000 0.00000 0.00000 0.00000 0.00000
 0.00000 0.00000 0.00000 0.00000 0.00000 0.00000 0.00000 0.00000 0.00000 0.00000
 0.00000 0.00000 0.00000 0.00000 0.00000 0.00000 0.00000 0.00000 0.00000 0.00000
 0.00000 0.00000 0.00000 0.00000 0.00000 0.00000 0.00000 0.00000 0.00000 0.00000
 0.00000 0.00000 0.00000 0.00000 0.00000 0.00000 0.00000 0.00000 0.00000 0.00000
 0.00000 0.00000 0.00000 0.00000 0.00000 0.00000 0.00000 0.00000 0.00000 0.00000
 0.00000 0.00000 0.00000 0.00000 0.00000 0.00000 0.00000 0.00000 0.00000 0.00000
 0.00000 0.00000 0.00000 0.00000 0.00000 0.00000 0.00000 0.00000 0.00000 0.00000
 0.00000 0.00000 0.00000 0.00000 0.00000 0.00000 0.00000 0.00000 0.00000 0.00000
 0.00000 0.00000 0.00000 0.00000 0.00000 0.00000 0.00000 0.00000 0.00000 0.00000
 0.00000 0.00000 0.00000 0.00000 0.00000 0.00000 0.00000 0.00000 0.00000 0.00000
 0.00000 0.00000 0.00000 0.00000 0.00000 0.00000 0.00000 0.00000 0.00000 0.00000
 0.00000 0.00000 0.00000 0.00000 0.00000 0.00000 0.00000 0.00000 0.00000 0.00000
 0.00000 0.00000 0.00000 0.00000 0.00000 0.00000 0.00000 0.00000 0.00000 0.00000
 0.00000 0.00000 0.00000 0.00000 0.00000 0.00000 0.00000 0.00000 0.00000 0.00000
 0.00000 0.00000 0.00000 0.00000 0.00000 0.00000 0.00000 0.00000 0.00000 0.00000
 0.00000 0.00000 0.00000 0.00000 0.00000
 == 3-th k-point orbital energies
 Spin up:
 -0.31975 -0.29559 -0.27991 -0.25182 -0.23720 -0.22483 -0.21474 -0.20358 -0.20288 -0.20169
 -0.19941 -0.19400 -0.19307 -0.19196 -0.19128 -0.18588 -0.18531 -0.18382 -0.18308 -0.18216
 -0.17949 -0.17430 -0.17347 -0.16982 -0.16913 -0.16851 -0.16748 -0.16653 -0.16547 -0.16373
 -0.16259 -0.16099 -0.15759 -0.15697 -0.15557 -0.15468 -0.15339 -0.15273 -0.15070 -0.14875
 -0.14493 -0.14302 -0.14044 -0.13985 -0.13810 -0.13630 -0.13501 -0.13445 -0.13378 -0.13045
 -0.12885 -0.12835 -0.12641 -0.12370 -0.12290 -0.12271 -0.12025 -0.12001 -0.11858 -0.11681
 -0.11529 -0.11494 -0.11423 -0.11181 -0.10171 -0.08465 -0.05579 -0.03826 -0.00053 0.02016
 0.04415 0.06264 0.07246 0.11702 0.12479 0.13340 0.16637 0.20110 0.22036 0.22843
 0.25555 0.26853 0.29276 0.30707 0.32239 0.34400 0.36106 0.36431 0.38363 0.39307
 0.41354 0.42304 0.42839 0.44557 0.45387 0.45764 0.47127 0.47866 0.49319 0.50059
 0.50985 0.56046 0.57041 0.58018 0.58901 0.59488 0.59942 0.63750 0.64424 0.66824
 0.67853 0.69144 0.71156 0.72156 0.74631 0.76326 0.77724 0.78273 0.78793 0.84134
 0.85812 0.86775 0.87257 0.87717 0.90821 0.93595 0.93698 0.95466 0.97937 0.98507
 0.98955 1.01018 1.02233 1.04578 1.04798 1.05389 1.08404 1.08884 1.10409 1.12903
 1.13268 1.13872 1.16620 1.17819 1.19068 1.19115 1.19743 1.22102 1.24216 1.25408
 1.26894 1.27640 1.28316 1.29568 1.31296 1.32417 1.33191 1.33654 1.35402 1.38008
 1.41786 1.42300 1.43472 1.43835 1.44067 1.44691 1.45320 1.46261 1.46845 1.46965
 1.51351 1.51489 1.52284 1.52634 1.53420 1.54134 1.55742 1.57126 1.58197 1.58545
 1.58940 1.59316 1.60833 1.61547 1.63554 1.64239 1.65045 1.65419 1.65811 1.66359
 1.66898 1.71881 1.72588 1.73287 1.73803 1.74144 1.75949 1.76471 1.77146 1.77996
 1.78595 1.79847 1.81580 1.81780 1.82742 1.84910 1.85937 1.86226 1.86710 1.87523
 1.88192 1.88591 1.88974 1.93008 1.94875 1.97158 1.97622 1.97849 1.99199 2.00930
 2.02262 2.03385 2.03695 2.05335 2.06019 2.07166 2.08193 2.09928 2.11486 2.12261
 2.13931 2.15215 2.15759 2.17373 2.17934 2.20925 2.22610 2.23467 2.24110 2.26759
 2.28712 2.29746 2.30518 2.32465 2.33436 2.35099 2.35794 2.36676 2.37059 2.38057
 2.39229 2.39743 2.41542 2.42650 2.48635 2.50531 2.52139 2.56034 2.56197 2.58100
 2.62082 2.62616 2.64923 2.66305 2.66725 2.67049 2.82373 2.82972 2.89997 2.94905
 2.96633 2.99560 3.01350 3.10156 3.15048 3.16988 3.19889 3.21864 3.22549 3.25055
 3.28958 3.30237 3.31203 3.32304 3.32573 3.35177 3.36528 3.36885 3.37420 3.38002
 3.40090 3.41611 3.47445 3.52188 3.54836 3.56936 3.62345 3.69816 3.73044 3.82308
 3.89291 4.03079 4.27429 4.30906 4.31033
 Occupations: 
 1.00000 1.00000 1.00000 1.00000 1.00000 1.00000 1.00000 1.00000 1.00000 1.00000
 1.00000 1.00000 1.00000 1.00000 1.00000 1.00000 1.00000 1.00000 1.00000 1.00000
 1.00000 1.00000 1.00000 1.00000 1.00000 1.00000 1.00000 1.00000 1.00000 1.00000
 1.00000 1.00000 1.00000 1.00000 1.00000 1.00000 1.00000 1.00000 1.00000 1.00000
 1.00000 1.00000 1.00000 1.00000 1.00000 1.00000 1.00000 1.00000 1.00000 1.00000
 1.00000 1.00000 1.00000 1.00000 1.00000 1.00000 1.00000 1.00000 1.00000 1.00000
 1.00000 1.00000 1.00000 1.00000 1.00000 1.00000 0.45112 0.00000 0.00000 0.00000
 0.00000 0.00000 0.00000 0.00000 0.00000 0.00000 0.00000 0.00000 0.00000 0.00000
 0.00000 0.00000 0.00000 0.00000 0.00000 0.00000 0.00000 0.00000 0.00000 0.00000
 0.00000 0.00000 0.00000 0.00000 0.00000 0.00000 0.00000 0.00000 0.00000 0.00000
 0.00000 0.00000 0.00000 0.00000 0.00000 0.00000 0.00000 0.00000 0.00000 0.00000
 0.00000 0.00000 0.00000 0.00000 0.00000 0.00000 0.00000 0.00000 0.00000 0.00000
 0.00000 0.00000 0.00000 0.00000 0.00000 0.00000 0.00000 0.00000 0.00000 0.00000
 0.00000 0.00000 0.00000 0.00000 0.00000 0.00000 0.00000 0.00000 0.00000 0.00000
 0.00000 0.00000 0.00000 0.00000 0.00000 0.00000 0.00000 0.00000 0.00000 0.00000
 0.00000 0.00000 0.00000 0.00000 0.00000 0.00000 0.00000 0.00000 0.00000 0.00000
 0.00000 0.00000 0.00000 0.00000 0.00000 0.00000 0.00000 0.00000 0.00000 0.00000
 0.00000 0.00000 0.00000 0.00000 0.00000 0.00000 0.00000 0.00000 0.00000 0.00000
 0.00000 0.00000 0.00000 0.00000 0.00000 0.00000 0.00000 0.00000 0.00000 0.00000
 0.00000 0.00000 0.00000 0.00000 0.00000 0.00000 0.00000 0.00000 0.00000 0.00000
 0.00000 0.00000 0.00000 0.00000 0.00000 0.00000 0.00000 0.00000 0.00000 0.00000
 0.00000 0.00000 0.00000 0.00000 0.00000 0.00000 0.00000 0.00000 0.00000 0.00000
 0.00000 0.00000 0.00000 0.00000 0.00000 0.00000 0.00000 0.00000 0.00000 0.00000
 0.00000 0.00000 0.00000 0.00000 0.00000 0.00000 0.00000 0.00000 0.00000 0.00000
 0.00000 0.00000 0.00000 0.00000 0.00000 0.00000 0.00000 0.00000 0.00000 0.00000
 0.00000 0.00000 0.00000 0.00000 0.00000 0.00000 0.00000 0.00000 0.00000 0.00000
 0.00000 0.00000 0.00000 0.00000 0.00000 0.00000 0.00000 0.00000 0.00000 0.00000
 0.00000 0.00000 0.00000 0.00000 0.00000 0.00000 0.00000 0.00000 0.00000 0.00000
 0.00000 0.00000 0.00000 0.00000 0.00000 0.00000 0.00000 0.00000 0.00000 0.00000
 0.00000 0.00000 0.00000 0.00000 0.00000 0.00000 0.00000 0.00000 0.00000 0.00000
 0.00000 0.00000 0.00000 0.00000 0.00000
 Spin down:
 -0.31975 -0.29559 -0.27991 -0.25182 -0.23720 -0.22483 -0.21474 -0.20358 -0.20288 -0.20169
 -0.19941 -0.19400 -0.19307 -0.19196 -0.19128 -0.18588 -0.18531 -0.18382 -0.18308 -0.18216
 -0.17949 -0.17430 -0.17347 -0.16982 -0.16913 -0.16851 -0.16748 -0.16653 -0.16547 -0.16373
 -0.16259 -0.16099 -0.15759 -0.15697 -0.15557 -0.15468 -0.15339 -0.15273 -0.15070 -0.14875
 -0.14493 -0.14302 -0.14044 -0.13985 -0.13810 -0.13630 -0.13501 -0.13445 -0.13378 -0.13045
 -0.12885 -0.12835 -0.12641 -0.12370 -0.12290 -0.12271 -0.12025 -0.12001 -0.11858 -0.11681
 -0.11529 -0.11494 -0.11423 -0.11181 -0.10171 -0.08465 -0.05579 -0.03826 -0.00053 0.02016
 0.04415 0.06264 0.07246 0.11702 0.12479 0.13340 0.16637 0.20110 0.22036 0.22843
 0.25555 0.26853 0.29276 0.30707 0.32239 0.34400 0.36106 0.36431 0.38363 0.39307
 0.41354 0.42304 0.42839 0.44557 0.45387 0.45764 0.47127 0.47866 0.49319 0.50059
 0.50985 0.56046 0.57041 0.58018 0.58901 0.59488 0.59942 0.63750 0.64424 0.66824
 0.67853 0.69144 0.71156 0.72156 0.74631 0.76326 0.77724 0.78273 0.78793 0.84134
 0.85812 0.86775 0.87257 0.87717 0.90821 0.93595 0.93698 0.95466 0.97937 0.98507
 0.98955 1.01018 1.02233 1.04578 1.04798 1.05389 1.08404 1.08884 1.10409 1.12903
 1.13268 1.13872 1.16620 1.17819 1.19068 1.19115 1.19743 1.22102 1.24216 1.25408
 1.26894 1.27640 1.28316 1.29568 1.31296 1.32417 1.33191 1.33654 1.35402 1.38008
 1.41786 1.42300 1.43472 1.43835 1.44067 1.44691 1.45320 1.46261 1.46845 1.46965
 1.51351 1.51489 1.52284 1.52634 1.53420 1.54134 1.55742 1.57126 1.58197 1.58545
 1.58940 1.59316 1.60833 1.61547 1.63554 1.64239 1.65045 1.65419 1.65811 1.66359
 1.66898 1.71881 1.72588 1.73287 1.73803 1.74144 1.75949 1.76471 1.77146 1.77996
 1.78595 1.79847 1.81580 1.81780 1.82742 1.84910 1.85937 1.86226 1.86710 1.87523
 1.88192 1.88591 1.88974 1.93008 1.94875 1.97158 1.97622 1.97849 1.99199 2.00930
 2.02262 2.03385 2.03695 2.05335 2.06019 2.07166 2.08193 2.09928 2.11486 2.12261
 2.13931 2.15215 2.15759 2.17373 2.17934 2.20925 2.22610 2.23467 2.24110 2.26759
 2.28712 2.29746 2.30518 2.32465 2.33436 2.35099 2.35794 2.36676 2.37059 2.38057
 2.39229 2.39743 2.41542 2.42650 2.48635 2.50531 2.52139 2.56034 2.56197 2.58100
 2.62082 2.62616 2.64923 2.66305 2.66725 2.67049 2.82373 2.82972 2.89997 2.94905
 2.96633 2.99560 3.01350 3.10156 3.15048 3.16988 3.19889 3.21864 3.22549 3.25055
 3.28958 3.30237 3.31203 3.32304 3.32573 3.35177 3.36528 3.36885 3.37420 3.38002
 3.40090 3.41611 3.47445 3.52188 3.54836 3.56936 3.62345 3.69816 3.73044 3.82308
 3.89291 4.03079 4.27429 4.30906 4.31033
 Occupations:
 1.00000 1.00000 1.00000 1.00000 1.00000 1.00000 1.00000 1.00000 1.00000 1.00000
 1.00000 1.00000 1.00000 1.00000 1.00000 1.00000 1.00000 1.00000 1.00000 1.00000
 1.00000 1.00000 1.00000 1.00000 1.00000 1.00000 1.00000 1.00000 1.00000 1.00000
 1.00000 1.00000 1.00000 1.00000 1.00000 1.00000 1.00000 1.00000 1.00000 1.00000
 1.00000 1.00000 1.00000 1.00000 1.00000 1.00000 1.00000 1.00000 1.00000 1.00000
 1.00000 1.00000 1.00000 1.00000 1.00000 1.00000 1.00000 1.00000 1.00000 1.00000
 1.00000 1.00000 1.00000 1.00000 1.00000 1.00000 0.45187 0.00000 0.00000 0.00000
 0.00000 0.00000 0.00000 0.00000 0.00000 0.00000 0.00000 0.00000 0.00000 0.00000
 0.00000 0.00000 0.00000 0.00000 0.00000 0.00000 0.00000 0.00000 0.00000 0.00000
 0.00000 0.00000 0.00000 0.00000 0.00000 0.00000 0.00000 0.00000 0.00000 0.00000
 0.00000 0.00000 0.00000 0.00000 0.00000 0.00000 0.00000 0.00000 0.00000 0.00000
 0.00000 0.00000 0.00000 0.00000 0.00000 0.00000 0.00000 0.00000 0.00000 0.00000
 0.00000 0.00000 0.00000 0.00000 0.00000 0.00000 0.00000 0.00000 0.00000 0.00000
 0.00000 0.00000 0.00000 0.00000 0.00000 0.00000 0.00000 0.00000 0.00000 0.00000
 0.00000 0.00000 0.00000 0.00000 0.00000 0.00000 0.00000 0.00000 0.00000 0.00000
 0.00000 0.00000 0.00000 0.00000 0.00000 0.00000 0.00000 0.00000 0.00000 0.00000
 0.00000 0.00000 0.00000 0.00000 0.00000 0.00000 0.00000 0.00000 0.00000 0.00000
 0.00000 0.00000 0.00000 0.00000 0.00000 0.00000 0.00000 0.00000 0.00000 0.00000
 0.00000 0.00000 0.00000 0.00000 0.00000 0.00000 0.00000 0.00000 0.00000 0.00000
 0.00000 0.00000 0.00000 0.00000 0.00000 0.00000 0.00000 0.00000 0.00000 0.00000
 0.00000 0.00000 0.00000 0.00000 0.00000 0.00000 0.00000 0.00000 0.00000 0.00000
 0.00000 0.00000 0.00000 0.00000 0.00000 0.00000 0.00000 0.00000 0.00000 0.00000
 0.00000 0.00000 0.00000 0.00000 0.00000 0.00000 0.00000 0.00000 0.00000 0.00000
 0.00000 0.00000 0.00000 0.00000 0.00000 0.00000 0.00000 0.00000 0.00000 0.00000
 0.00000 0.00000 0.00000 0.00000 0.00000 0.00000 0.00000 0.00000 0.00000 0.00000
 0.00000 0.00000 0.00000 0.00000 0.00000 0.00000 0.00000 0.00000 0.00000 0.00000
 0.00000 0.00000 0.00000 0.00000 0.00000 0.00000 0.00000 0.00000 0.00000 0.00000
 0.00000 0.00000 0.00000 0.00000 0.00000 0.00000 0.00000 0.00000 0.00000 0.00000
 0.00000 0.00000 0.00000 0.00000 0.00000 0.00000 0.00000 0.00000 0.00000 0.00000
 0.00000 0.00000 0.00000 0.00000 0.00000 0.00000 0.00000 0.00000 0.00000 0.00000
 0.00000 0.00000 0.00000 0.00000 0.00000
 == 4-th k-point orbital energies
 Spin up:
 -0.31976 -0.29559 -0.27991 -0.25182 -0.23720 -0.22481 -0.21475 -0.20358 -0.20289 -0.20168
 -0.19941 -0.19397 -0.19304 -0.19199 -0.19127 -0.18590 -0.18529 -0.18383 -0.18311 -0.18210
 -0.17948 -0.17434 -0.17347 -0.16986 -0.16918 -0.16857 -0.16746 -0.16652 -0.16544 -0.16376
 -0.16258 -0.16098 -0.15760 -0.15696 -0.15556 -0.15463 -0.15338 -0.15274 -0.15073 -0.14874
 -0.14490 -0.14304 -0.14035 -0.13986 -0.13812 -0.13630 -0.13495 -0.13448 -0.13382 -0.13050
 -0.12880 -0.12832 -0.12653 -0.12369 -0.12296 -0.12265 -0.12027 -0.12000 -0.11857 -0.11680
 -0.11530 -0.11491 -0.11424 -0.11184 -0.10168 -0.08463 -0.05581 -0.03824 -0.00052 0.02016
 0.04414 0.06265 0.07246 0.11702 0.12479 0.13340 0.16638 0.20110 0.22035 0.22844
 0.25555 0.26853 0.29275 0.30706 0.32238 0.34400 0.36105 0.36431 0.38364 0.39306
 0.41354 0.42304 0.42839 0.44558 0.45387 0.45764 0.47126 0.47866 0.49319 0.50059
 0.50986 0.56046 0.57041 0.58018 0.58901 0.59488 0.59942 0.63750 0.64424 0.66823
 0.67853 0.69144 0.71156 0.72156 0.74631 0.76326 0.77724 0.78273 0.78793 0.84133
 0.85812 0.86776 0.87257 0.87717 0.90821 0.93595 0.93698 0.95466 0.97937 0.98507
 0.98956 1.01018 1.02233 1.04577 1.04799 1.05389 1.08404 1.08884 1.10409 1.12903
 1.13269 1.13872 1.16620 1.17818 1.19068 1.19115 1.19743 1.22102 1.24216 1.25408
 1.26894 1.27640 1.28316 1.29569 1.31296 1.32417 1.33191 1.33655 1.35401 1.38008
 1.41787 1.42300 1.43472 1.43835 1.44067 1.44691 1.45320 1.46261 1.46845 1.46965
 1.51351 1.51489 1.52284 1.52634 1.53420 1.54133 1.55742 1.57127 1.58197 1.58545
 1.58940 1.59316 1.60833 1.61547 1.63554 1.64239 1.65045 1.65419 1.65811 1.66359
 1.66899 1.71881 1.72588 1.73287 1.73803 1.74144 1.75949 1.76470 1.77147 1.77996
 1.78595 1.79846 1.81580 1.81780 1.82742 1.84910 1.85937 1.86226 1.86710 1.87523
 1.88192 1.88590 1.88975 1.93008 1.94875 1.97158 1.97623 1.97848 1.99199 2.00931
 2.02262 2.03385 2.03695 2.05334 2.06019 2.07165 2.08193 2.09928 2.11487 2.12260
 2.13931 2.15215 2.15760 2.17372 2.17934 2.20925 2.22609 2.23467 2.24110 2.26758
 2.28712 2.29746 2.30518 2.32465 2.33436 2.35100 2.35793 2.36676 2.37059 2.38056
 2.39230 2.39743 2.41542 2.42650 2.48635 2.50531 2.52140 2.56033 2.56197 2.58101
 2.62083 2.62615 2.64923 2.66305 2.66725 2.67049 2.82373 2.82971 2.89997 2.94906
 2.96641 2.99554 3.01346 3.10164 3.15043 3.16983 3.19888 3.21864 3.22551 3.25053
 3.28963 3.30232 3.31205 3.32304 3.32572 3.35180 3.36526 3.36886 3.37419 3.38006
 3.40086 3.41611 3.47439 3.52186 3.54851 3.56919 3.62344 3.69823 3.73048 3.82317
 3.89278 4.03084 4.27429 4.30886 4.31053
 Occupations: 
 1.00000 1.00000 1.00000 1.00000 1.00000 1.00000 1.00000 1.00000 1.00000 1.00000
 1.00000 1.00000 1.00000 1.00000 1.00000 1.00000 1.00000 1.00000 1.00000 1.00000
 1.00000 1.00000 1.00000 1.00000 1.00000 1.00000 1.00000 1.00000 1.00000 1.00000
 1.00000 1.00000 1.00000 1.00000 1.00000 1.00000 1.00000 1.00000 1.00000 1.00000
 1.00000 1.00000 1.00000 1.00000 1.00000 1.00000 1.00000 1.00000 1.00000 1.00000
 1.00000 1.00000 1.00000 1.00000 1.00000 1.00000 1.00000 1.00000 1.00000 1.00000
 1.00000 1.00000 1.00000 1.00000 1.00000 1.00000 0.45629 0.00000 0.00000 0.00000
 0.00000 0.00000 0.00000 0.00000 0.00000 0.00000 0.00000 0.00000 0.00000 0.00000
 0.00000 0.00000 0.00000 0.00000 0.00000 0.00000 0.00000 0.00000 0.00000 0.00000
 0.00000 0.00000 0.00000 0.00000 0.00000 0.00000 0.00000 0.00000 0.00000 0.00000
 0.00000 0.00000 0.00000 0.00000 0.00000 0.00000 0.00000 0.00000 0.00000 0.00000
 0.00000 0.00000 0.00000 0.00000 0.00000 0.00000 0.00000 0.00000 0.00000 0.00000
 0.00000 0.00000 0.00000 0.00000 0.00000 0.00000 0.00000 0.00000 0.00000 0.00000
 0.00000 0.00000 0.00000 0.00000 0.00000 0.00000 0.00000 0.00000 0.00000 0.00000
 0.00000 0.00000 0.00000 0.00000 0.00000 0.00000 0.00000 0.00000 0.00000 0.00000
 0.00000 0.00000 0.00000 0.00000 0.00000 0.00000 0.00000 0.00000 0.00000 0.00000
 0.00000 0.00000 0.00000 0.00000 0.00000 0.00000 0.00000 0.00000 0.00000 0.00000
 0.00000 0.00000 0.00000 0.00000 0.00000 0.00000 0.00000 0.00000 0.00000 0.00000
 0.00000 0.00000 0.00000 0.00000 0.00000 0.00000 0.00000 0.00000 0.00000 0.00000
 0.00000 0.00000 0.00000 0.00000 0.00000 0.00000 0.00000 0.00000 0.00000 0.00000
 0.00000 0.00000 0.00000 0.00000 0.00000 0.00000 0.00000 0.00000 0.00000 0.00000
 0.00000 0.00000 0.00000 0.00000 0.00000 0.00000 0.00000 0.00000 0.00000 0.00000
 0.00000 0.00000 0.00000 0.00000 0.00000 0.00000 0.00000 0.00000 0.00000 0.00000
 0.00000 0.00000 0.00000 0.00000 0.00000 0.00000 0.00000 0.00000 0.00000 0.00000
 0.00000 0.00000 0.00000 0.00000 0.00000 0.00000 0.00000 0.00000 0.00000 0.00000
 0.00000 0.00000 0.00000 0.00000 0.00000 0.00000 0.00000 0.00000 0.00000 0.00000
 0.00000 0.00000 0.00000 0.00000 0.00000 0.00000 0.00000 0.00000 0.00000 0.00000
 0.00000 0.00000 0.00000 0.00000 0.00000 0.00000 0.00000 0.00000 0.00000 0.00000
 0.00000 0.00000 0.00000 0.00000 0.00000 0.00000 0.00000 0.00000 0.00000 0.00000
 0.00000 0.00000 0.00000 0.00000 0.00000 0.00000 0.00000 0.00000 0.00000 0.00000
 0.00000 0.00000 0.00000 0.00000 0.00000
 Spin down:
 -0.31976 -0.29559 -0.27991 -0.25182 -0.23720 -0.22481 -0.21475 -0.20358 -0.20289 -0.20168
 -0.19941 -0.19397 -0.19304 -0.19199 -0.19127 -0.18590 -0.18529 -0.18383 -0.18311 -0.18210
 -0.17948 -0.17434 -0.17347 -0.16986 -0.16918 -0.16857 -0.16746 -0.16652 -0.16544 -0.16376
 -0.16258 -0.16098 -0.15760 -0.15696 -0.15556 -0.15463 -0.15338 -0.15274 -0.15073 -0.14874
 -0.14490 -0.14304 -0.14035 -0.13986 -0.13812 -0.13630 -0.13495 -0.13448 -0.13382 -0.13050
 -0.12880 -0.12832 -0.12653 -0.12369 -0.12296 -0.12265 -0.12027 -0.12000 -0.11857 -0.11680
 -0.11530 -0.11491 -0.11424 -0.11184 -0.10168 -0.08463 -0.05581 -0.03824 -0.00052 0.02016
 0.04414 0.06265 0.07246 0.11702 0.12479 0.13340 0.16638 0.20110 0.22035 0.22844
 0.25555 0.26853 0.29275 0.30706 0.32238 0.34400 0.36105 0.36431 0.38364 0.39306
 0.41354 0.42304 0.42839 0.44558 0.45387 0.45764 0.47126 0.47866 0.49319 0.50059
 0.50986 0.56046 0.57041 0.58018 0.58901 0.59488 0.59942 0.63750 0.64424 0.66823
 0.67853 0.69144 0.71156 0.72156 0.74631 0.76326 0.77724 0.78273 0.78793 0.84133
 0.85812 0.86776 0.87257 0.87717 0.90821 0.93595 0.93698 0.95466 0.97937 0.98507
 0.98956 1.01018 1.02233 1.04577 1.04799 1.05389 1.08404 1.08884 1.10409 1.12903
 1.13269 1.13872 1.16620 1.17818 1.19068 1.19115 1.19743 1.22102 1.24216 1.25408
 1.26894 1.27640 1.28316 1.29569 1.31296 1.32417 1.33191 1.33655 1.35401 1.38008
 1.41787 1.42300 1.43472 1.43835 1.44067 1.44691 1.45320 1.46261 1.46845 1.46965
 1.51351 1.51489 1.52284 1.52634 1.53420 1.54133 1.55742 1.57127 1.58197 1.58545
 1.58940 1.59316 1.60833 1.61547 1.63554 1.64239 1.65045 1.65419 1.65811 1.66359
 1.66899 1.71881 1.72588 1.73287 1.73803 1.74144 1.75949 1.76470 1.77147 1.77996
 1.78595 1.79846 1.81580 1.81780 1.82742 1.84910 1.85937 1.86226 1.86710 1.87523
 1.88192 1.88590 1.88975 1.93008 1.94875 1.97158 1.97623 1.97848 1.99199 2.00931
 2.02262 2.03385 2.03695 2.05334 2.06019 2.07165 2.08193 2.09928 2.11487 2.12260
 2.13931 2.15215 2.15760 2.17372 2.17934 2.20925 2.22609 2.23467 2.24110 2.26758
 2.28712 2.29746 2.30518 2.32465 2.33436 2.35100 2.35793 2.36676 2.37059 2.38056
 2.39230 2.39743 2.41542 2.42650 2.48635 2.50531 2.52140 2.56033 2.56197 2.58101
 2.62083 2.62615 2.64923 2.66305 2.66725 2.67049 2.82373 2.82971 2.89997 2.94906
 2.96641 2.99554 3.01346 3.10164 3.15043 3.16983 3.19888 3.21864 3.22551 3.25053
 3.28963 3.30232 3.31205 3.32304 3.32572 3.35180 3.36526 3.36886 3.37419 3.38006
 3.40086 3.41611 3.47439 3.52186 3.54851 3.56919 3.62344 3.69823 3.73048 3.82317
 3.89278 4.03084 4.27429 4.30886 4.31053
 Occupations:
 1.00000 1.00000 1.00000 1.00000 1.00000 1.00000 1.00000 1.00000 1.00000 1.00000
 1.00000 1.00000 1.00000 1.00000 1.00000 1.00000 1.00000 1.00000 1.00000 1.00000
 1.00000 1.00000 1.00000 1.00000 1.00000 1.00000 1.00000 1.00000 1.00000 1.00000
 1.00000 1.00000 1.00000 1.00000 1.00000 1.00000 1.00000 1.00000 1.00000 1.00000
 1.00000 1.00000 1.00000 1.00000 1.00000 1.00000 1.00000 1.00000 1.00000 1.00000
 1.00000 1.00000 1.00000 1.00000 1.00000 1.00000 1.00000 1.00000 1.00000 1.00000
 1.00000 1.00000 1.00000 1.00000 1.00000 1.00000 0.45703 0.00000 0.00000 0.00000
 0.00000 0.00000 0.00000 0.00000 0.00000 0.00000 0.00000 0.00000 0.00000 0.00000
 0.00000 0.00000 0.00000 0.00000 0.00000 0.00000 0.00000 0.00000 0.00000 0.00000
 0.00000 0.00000 0.00000 0.00000 0.00000 0.00000 0.00000 0.00000 0.00000 0.00000
 0.00000 0.00000 0.00000 0.00000 0.00000 0.00000 0.00000 0.00000 0.00000 0.00000
 0.00000 0.00000 0.00000 0.00000 0.00000 0.00000 0.00000 0.00000 0.00000 0.00000
 0.00000 0.00000 0.00000 0.00000 0.00000 0.00000 0.00000 0.00000 0.00000 0.00000
 0.00000 0.00000 0.00000 0.00000 0.00000 0.00000 0.00000 0.00000 0.00000 0.00000
 0.00000 0.00000 0.00000 0.00000 0.00000 0.00000 0.00000 0.00000 0.00000 0.00000
 0.00000 0.00000 0.00000 0.00000 0.00000 0.00000 0.00000 0.00000 0.00000 0.00000
 0.00000 0.00000 0.00000 0.00000 0.00000 0.00000 0.00000 0.00000 0.00000 0.00000
 0.00000 0.00000 0.00000 0.00000 0.00000 0.00000 0.00000 0.00000 0.00000 0.00000
 0.00000 0.00000 0.00000 0.00000 0.00000 0.00000 0.00000 0.00000 0.00000 0.00000
 0.00000 0.00000 0.00000 0.00000 0.00000 0.00000 0.00000 0.00000 0.00000 0.00000
 0.00000 0.00000 0.00000 0.00000 0.00000 0.00000 0.00000 0.00000 0.00000 0.00000
 0.00000 0.00000 0.00000 0.00000 0.00000 0.00000 0.00000 0.00000 0.00000 0.00000
 0.00000 0.00000 0.00000 0.00000 0.00000 0.00000 0.00000 0.00000 0.00000 0.00000
 0.00000 0.00000 0.00000 0.00000 0.00000 0.00000 0.00000 0.00000 0.00000 0.00000
 0.00000 0.00000 0.00000 0.00000 0.00000 0.00000 0.00000 0.00000 0.00000 0.00000
 0.00000 0.00000 0.00000 0.00000 0.00000 0.00000 0.00000 0.00000 0.00000 0.00000
 0.00000 0.00000 0.00000 0.00000 0.00000 0.00000 0.00000 0.00000 0.00000 0.00000
 0.00000 0.00000 0.00000 0.00000 0.00000 0.00000 0.00000 0.00000 0.00000 0.00000
 0.00000 0.00000 0.00000 0.00000 0.00000 0.00000 0.00000 0.00000 0.00000 0.00000
 0.00000 0.00000 0.00000 0.00000 0.00000 0.00000 0.00000 0.00000 0.00000 0.00000
 0.00000 0.00000 0.00000 0.00000 0.00000
 == 5-th k-point orbital energies
 Spin up:
 -0.34579 -0.30417 -0.25387 -0.24955 -0.24266 -0.22098 -0.22059 -0.21377 -0.21198 -0.20776
 -0.20249 -0.20210 -0.19877 -0.19418 -0.19330 -0.18999 -0.18191 -0.18118 -0.17974 -0.17882
 -0.17409 -0.17365 -0.17075 -0.16935 -0.16701 -0.16547 -0.16296 -0.16168 -0.16065 -0.15930
 -0.15807 -0.15692 -0.15544 -0.15360 -0.15281 -0.15024 -0.14799 -0.14713 -0.14609 -0.14443
 -0.14318 -0.14275 -0.14095 -0.13951 -0.13795 -0.13531 -0.13417 -0.13234 -0.13207 -0.13033
 -0.12791 -0.12501 -0.12453 -0.12253 -0.12160 -0.11896 -0.11781 -0.11738 -0.11627 -0.11496
 -0.11460 -0.11382 -0.10543 -0.10367 -0.09368 -0.08035 -0.07518 -0.02121 0.00741 0.01208
 0.01476 0.03290 0.05906 0.10901 0.13821 0.13999 0.18403 0.18715 0.21685 0.21960
 0.22128 0.27176 0.27821 0.28352 0.29501 0.31497 0.33347 0.35274 0.36519 0.38093
 0.40046 0.41279 0.43197 0.43770 0.45034 0.49963 0.50735 0.51145 0.52040 0.54063
 0.55908 0.56400 0.56709 0.58277 0.59937 0.61336 0.63687 0.64935 0.65679 0.66551
 0.68235 0.72512 0.73017 0.74344 0.75991 0.78699 0.80238 0.81347 0.82425 0.82858
 0.83307 0.84094 0.85919 0.89156 0.90636 0.91812 0.92311 0.92642 0.94720 0.97594
 0.98301 1.00274 1.01058 1.03842 1.04268 1.05768 1.08128 1.09805 1.11104 1.12242
 1.13298 1.15544 1.16694 1.17345 1.18544 1.19520 1.20208 1.22238 1.24347 1.24618
 1.24924 1.26254 1.26923 1.29386 1.30670 1.31215 1.32530 1.33680 1.34203 1.34875
 1.37542 1.38760 1.39535 1.40324 1.41405 1.43033 1.43893 1.44070 1.46337 1.46669
 1.47333 1.47827 1.48097 1.48911 1.50338 1.52755 1.54773 1.57339 1.59680 1.62128
 1.63006 1.64469 1.65014 1.65941 1.66601 1.67583 1.69756 1.70373 1.70602 1.71410
 1.72425 1.72467 1.74363 1.74541 1.76092 1.76635 1.77805 1.80653 1.81563 1.81987
 1.82443 1.83967 1.84254 1.84828 1.86348 1.87190 1.88520 1.89607 1.91403 1.93433
 1.94030 1.95619 1.96125 1.96786 1.98797 1.99206 2.00431 2.01048 2.01783 2.02833
 2.03709 2.04191 2.07178 2.08948 2.10333 2.11519 2.12597 2.13249 2.14226 2.15523
 2.16279 2.16940 2.17817 2.18104 2.21235 2.21476 2.22142 2.23111 2.23667 2.24078
 2.25559 2.26935 2.27495 2.29853 2.32191 2.33274 2.35560 2.36722 2.38565 2.38743
 2.39415 2.41784 2.46304 2.46668 2.48318 2.50484 2.52471 2.53681 2.59376 2.60967
 2.61407 2.69492 2.70307 2.70741 2.73594 2.75087 2.79264 2.83660 2.85063 2.89803
 2.90267 2.93281 2.97310 2.98548 3.08821 3.18730 3.23115 3.25633 3.26519 3.28307
 3.30715 3.31739 3.32264 3.33663 3.36046 3.36253 3.36663 3.36746 3.37791 3.38999
 3.40246 3.43620 3.47418 3.49026 3.51509 3.55879 3.66680 3.67382 3.70026 3.72085
 3.87924 4.06317 4.25486 4.26330 4.30166
 Occupations: 
 1.00000 1.00000 1.00000 1.00000 1.00000 1.00000 1.00000 1.00000 1.00000 1.00000
 1.00000 1.00000 1.00000 1.00000 1.00000 1.00000 1.00000 1.00000 1.00000 1.00000
 1.00000 1.00000 1.00000 1.00000 1.00000 1.00000 1.00000 1.00000 1.00000 1.00000
 1.00000 1.00000 1.00000 1.00000 1.00000 1.00000 1.00000 1.00000 1.00000 1.00000
 1.00000 1.00000 1.00000 1.00000 1.00000 1.00000 1.00000 1.00000 1.00000 1.00000
 1.00000 1.00000 1.00000 1.00000 1.00000 1.00000 1.00000 1.00000 1.00000 1.00000
 1.00000 1.00000 1.00000 1.00000 1.00000 1.00000 1.00000 0.00000 0.00000 0.00000
 0.00000 0.00000 0.00000 0.00000 0.00000 0.00000 0.00000 0.00000 0.00000 0.00000
 0.00000 0.00000 0.00000 0.00000 0.00000 0.00000 0.00000 0.00000 0.00000 0.00000
 0.00000 0.00000 0.00000 0.00000 0.00000 0.00000 0.00000 0.00000 0.00000 0.00000
 0.00000 0.00000 0.00000 0.00000 0.00000 0.00000 0.00000 0.00000 0.00000 0.00000
 0.00000 0.00000 0.00000 0.00000 0.00000 0.00000 0.00000 0.00000 0.00000 0.00000
 0.00000 0.00000 0.00000 0.00000 0.00000 0.00000 0.00000 0.00000 0.00000 0.00000
 0.00000 0.00000 0.00000 0.00000 0.00000 0.00000 0.00000 0.00000 0.00000 0.00000
 0.00000 0.00000 0.00000 0.00000 0.00000 0.00000 0.00000 0.00000 0.00000 0.00000
 0.00000 0.00000 0.00000 0.00000 0.00000 0.00000 0.00000 0.00000 0.00000 0.00000
 0.00000 0.00000 0.00000 0.00000 0.00000 0.00000 0.00000 0.00000 0.00000 0.00000
 0.00000 0.00000 0.00000 0.00000 0.00000 0.00000 0.00000 0.00000 0.00000 0.00000
 0.00000 0.00000 0.00000 0.00000 0.00000 0.00000 0.00000 0.00000 0.00000 0.00000
 0.00000 0.00000 0.00000 0.00000 0.00000 0.00000 0.00000 0.00000 0.00000 0.00000
 0.00000 0.00000 0.00000 0.00000 0.00000 0.00000 0.00000 0.00000 0.00000 0.00000
 0.00000 0.00000 0.00000 0.00000 0.00000 0.00000 0.00000 0.00000 0.00000 0.00000
 0.00000 0.00000 0.00000 0.00000 0.00000 0.00000 0.00000 0.00000 0.00000 0.00000
 0.00000 0.00000 0.00000 0.00000 0.00000 0.00000 0.00000 0.00000 0.00000 0.00000
 0.00000 0.00000 0.00000 0.00000 0.00000 0.00000 0.00000 0.00000 0.00000 0.00000
 0.00000 0.00000 0.00000 0.00000 0.00000 0.00000 0.00000 0.00000 0.00000 0.00000
 0.00000 0.00000 0.00000 0.00000 0.00000 0.00000 0.00000 0.00000 0.00000 0.00000
 0.00000 0.00000 0.00000 0.00000 0.00000 0.00000 0.00000 0.00000 0.00000 0.00000
 0.00000 0.00000 0.00000 0.00000 0.00000 0.00000 0.00000 0.00000 0.00000 0.00000
 0.00000 0.00000 0.00000 0.00000 0.00000 0.00000 0.00000 0.00000 0.00000 0.00000
 0.00000 0.00000 0.00000 0.00000 0.00000
 Spin down:
 -0.34579 -0.30417 -0.25387 -0.24955 -0.24266 -0.22098 -0.22059 -0.21377 -0.21198 -0.20776
 -0.20249 -0.20210 -0.19877 -0.19418 -0.19330 -0.18999 -0.18191 -0.18118 -0.17974 -0.17882
 -0.17409 -0.17365 -0.17075 -0.16935 -0.16701 -0.16547 -0.16296 -0.16168 -0.16065 -0.15930
 -0.15807 -0.15692 -0.15544 -0.15360 -0.15281 -0.15024 -0.14799 -0.14713 -0.14609 -0.14443
 -0.14318 -0.14275 -0.14095 -0.13951 -0.13795 -0.13531 -0.13417 -0.13234 -0.13207 -0.13033
 -0.12791 -0.12501 -0.12453 -0.12253 -0.12160 -0.11896 -0.11781 -0.11738 -0.11627 -0.11496
 -0.11460 -0.11382 -0.10543 -0.10367 -0.09368 -0.08035 -0.07518 -0.02121 0.00741 0.01208
 0.01476 0.03290 0.05906 0.10901 0.13821 0.13999 0.18403 0.18715 0.21685 0.21960
 0.22128 0.27176 0.27821 0.28352 0.29501 0.31497 0.33347 0.35274 0.36519 0.38093
 0.40046 0.41279 0.43197 0.43770 0.45034 0.49963 0.50735 0.51145 0.52040 0.54063
 0.55908 0.56400 0.56709 0.58277 0.59937 0.61336 0.63687 0.64935 0.65679 0.66551
 0.68235 0.72512 0.73017 0.74344 0.75991 0.78699 0.80238 0.81347 0.82425 0.82858
 0.83307 0.84094 0.85919 0.89156 0.90636 0.91812 0.92311 0.92642 0.94720 0.97594
 0.98301 1.00274 1.01058 1.03842 1.04268 1.05768 1.08128 1.09805 1.11104 1.12242
 1.13298 1.15544 1.16694 1.17345 1.18544 1.19520 1.20208 1.22238 1.24347 1.24618
 1.24924 1.26254 1.26923 1.29386 1.30670 1.31215 1.32530 1.33680 1.34203 1.34875
 1.37542 1.38760 1.39535 1.40324 1.41405 1.43033 1.43893 1.44070 1.46337 1.46669
 1.47333 1.47827 1.48097 1.48911 1.50338 1.52755 1.54773 1.57339 1.59680 1.62128
 1.63006 1.64469 1.65014 1.65941 1.66601 1.67583 1.69756 1.70373 1.70602 1.71410
 1.72425 1.72467 1.74363 1.74541 1.76092 1.76635 1.77805 1.80653 1.81563 1.81987
 1.82443 1.83967 1.84254 1.84828 1.86348 1.87190 1.88520 1.89607 1.91403 1.93433
 1.94030 1.95619 1.96125 1.96786 1.98797 1.99206 2.00431 2.01048 2.01783 2.02833
 2.03709 2.04191 2.07178 2.08948 2.10333 2.11519 2.12597 2.13249 2.14226 2.15523
 2.16279 2.16940 2.17817 2.18104 2.21235 2.21476 2.22142 2.23111 2.23667 2.24078
 2.25559 2.26935 2.27495 2.29853 2.32191 2.33274 2.35560 2.36722 2.38565 2.38743
 2.39415 2.41784 2.46304 2.46668 2.48318 2.50484 2.52471 2.53681 2.59376 2.60967
 2.61407 2.69492 2.70307 2.70741 2.73594 2.75087 2.79264 2.83660 2.85063 2.89803
 2.90267 2.93281 2.97310 2.98548 3.08821 3.18730 3.23115 3.25633 3.26519 3.28307
 3.30715 3.31739 3.32264 3.33663 3.36046 3.36253 3.36663 3.36746 3.37791 3.38999
 3.40246 3.43620 3.47418 3.49026 3.51509 3.55879 3.66680 3.67382 3.70026 3.72085
 3.87924 4.06317 4.25486 4.26330 4.30166
 Occupations:
 1.00000 1.00000 1.00000 1.00000 1.00000 1.00000 1.00000 1.00000 1.00000 1.00000
 1.00000 1.00000 1.00000 1.00000 1.00000 1.00000 1.00000 1.00000 1.00000 1.00000
 1.00000 1.00000 1.00000 1.00000 1.00000 1.00000 1.00000 1.00000 1.00000 1.00000
 1.00000 1.00000 1.00000 1.00000 1.00000 1.00000 1.00000 1.00000 1.00000 1.00000
 1.00000 1.00000 1.00000 1.00000 1.00000 1.00000 1.00000 1.00000 1.00000 1.00000
 1.00000 1.00000 1.00000 1.00000 1.00000 1.00000 1.00000 1.00000 1.00000 1.00000
 1.00000 1.00000 1.00000 1.00000 1.00000 1.00000 1.00000 0.00000 0.00000 0.00000
 0.00000 0.00000 0.00000 0.00000 0.00000 0.00000 0.00000 0.00000 0.00000 0.00000
 0.00000 0.00000 0.00000 0.00000 0.00000 0.00000 0.00000 0.00000 0.00000 0.00000
 0.00000 0.00000 0.00000 0.00000 0.00000 0.00000 0.00000 0.00000 0.00000 0.00000
 0.00000 0.00000 0.00000 0.00000 0.00000 0.00000 0.00000 0.00000 0.00000 0.00000
 0.00000 0.00000 0.00000 0.00000 0.00000 0.00000 0.00000 0.00000 0.00000 0.00000
 0.00000 0.00000 0.00000 0.00000 0.00000 0.00000 0.00000 0.00000 0.00000 0.00000
 0.00000 0.00000 0.00000 0.00000 0.00000 0.00000 0.00000 0.00000 0.00000 0.00000
 0.00000 0.00000 0.00000 0.00000 0.00000 0.00000 0.00000 0.00000 0.00000 0.00000
 0.00000 0.00000 0.00000 0.00000 0.00000 0.00000 0.00000 0.00000 0.00000 0.00000
 0.00000 0.00000 0.00000 0.00000 0.00000 0.00000 0.00000 0.00000 0.00000 0.00000
 0.00000 0.00000 0.00000 0.00000 0.00000 0.00000 0.00000 0.00000 0.00000 0.00000
 0.00000 0.00000 0.00000 0.00000 0.00000 0.00000 0.00000 0.00000 0.00000 0.00000
 0.00000 0.00000 0.00000 0.00000 0.00000 0.00000 0.00000 0.00000 0.00000 0.00000
 0.00000 0.00000 0.00000 0.00000 0.00000 0.00000 0.00000 0.00000 0.00000 0.00000
 0.00000 0.00000 0.00000 0.00000 0.00000 0.00000 0.00000 0.00000 0.00000 0.00000
 0.00000 0.00000 0.00000 0.00000 0.00000 0.00000 0.00000 0.00000 0.00000 0.00000
 0.00000 0.00000 0.00000 0.00000 0.00000 0.00000 0.00000 0.00000 0.00000 0.00000
 0.00000 0.00000 0.00000 0.00000 0.00000 0.00000 0.00000 0.00000 0.00000 0.00000
 0.00000 0.00000 0.00000 0.00000 0.00000 0.00000 0.00000 0.00000 0.00000 0.00000
 0.00000 0.00000 0.00000 0.00000 0.00000 0.00000 0.00000 0.00000 0.00000 0.00000
 0.00000 0.00000 0.00000 0.00000 0.00000 0.00000 0.00000 0.00000 0.00000 0.00000
 0.00000 0.00000 0.00000 0.00000 0.00000 0.00000 0.00000 0.00000 0.00000 0.00000
 0.00000 0.00000 0.00000 0.00000 0.00000 0.00000 0.00000 0.00000 0.00000 0.00000
 0.00000 0.00000 0.00000 0.00000 0.00000
 == 6-th k-point orbital energies
 Spin up:
 -0.36669 -0.31710 -0.25887 -0.23928 -0.22933 -0.22571 -0.22529 -0.22153 -0.21934 -0.21489
 -0.20769 -0.20581 -0.20432 -0.20198 -0.20128 -0.19280 -0.18202 -0.18202 -0.17442 -0.17211
 -0.16959 -0.16857 -0.16837 -0.16658 -0.16438 -0.16380 -0.16249 -0.16048 -0.15960 -0.15889
 -0.15621 -0.15608 -0.15488 -0.15337 -0.15116 -0.15034 -0.14086 -0.14020 -0.13877 -0.13773
 -0.13655 -0.13522 -0.13422 -0.13360 -0.12957 -0.12755 -0.12650 -0.12552 -0.12324 -0.12219
 -0.12058 -0.12043 -0.11971 -0.11837 -0.11753 -0.11669 -0.11567 -0.11494 -0.11342 -0.11153
 -0.11112 -0.11035 -0.10815 -0.10195 -0.07745 -0.05947 -0.05606 -0.04443 -0.02323 -0.01624
 0.01944 0.03733 0.04130 0.10492 0.13817 0.14639 0.16452 0.16824 0.17073 0.17440
 0.22052 0.22069 0.22648 0.25640 0.28627 0.31238 0.33519 0.36115 0.37770 0.38212
 0.40044 0.41450 0.42978 0.46600 0.48026 0.48318 0.48547 0.51816 0.52285 0.57145
 0.57713 0.60022 0.61932 0.62494 0.65524 0.66473 0.68697 0.69597 0.69889 0.70349
 0.71131 0.71334 0.74956 0.76225 0.77346 0.78047 0.78643 0.79525 0.81228 0.82052
 0.82379 0.83361 0.86649 0.88981 0.90341 0.91193 0.92695 0.92748 0.93739 0.95326
 0.96662 0.99012 1.03978 1.04530 1.05164 1.05817 1.06458 1.07926 1.08610 1.11400
 1.11408 1.12604 1.14549 1.16453 1.17427 1.17722 1.19174 1.20069 1.21437 1.22189
 1.23362 1.23468 1.25175 1.26790 1.29029 1.30077 1.31899 1.33050 1.33273 1.35311
 1.35315 1.36306 1.36934 1.39374 1.41395 1.41827 1.44612 1.47284 1.49269 1.49339
 1.50073 1.50193 1.50953 1.52967 1.53535 1.56822 1.57324 1.57816 1.58761 1.61730
 1.62908 1.63062 1.67072 1.68554 1.68570 1.69793 1.72376 1.72472 1.75579 1.76593
 1.76612 1.79338 1.82771 1.83055 1.84918 1.85518 1.85940 1.86661 1.87274 1.87381
 1.88759 1.88781 1.89993 1.90093 1.90806 1.91948 1.93331 1.93564 1.94473 1.96794
 1.97531 1.98535 1.98911 2.00631 2.02378 2.04486 2.05675 2.06552 2.06831 2.07793
 2.08228 2.09022 2.09778 2.10291 2.10689 2.11489 2.11833 2.12194 2.14062 2.14301
 2.15557 2.15620 2.16627 2.19230 2.19277 2.20225 2.22419 2.24142 2.24176 2.26425
 2.26512 2.28432 2.28475 2.33147 2.33829 2.34967 2.38905 2.40126 2.41697 2.42249
 2.44218 2.44428 2.47022 2.52785 2.54724 2.57576 2.58901 2.60373 2.60818 2.62140
 2.62766 2.73835 2.74029 2.74696 2.75791 2.78000 2.81372 2.82023 2.83162 2.88085
 2.91349 2.91638 2.93596 2.98194 3.11676 3.14347 3.18945 3.20005 3.22752 3.31510
 3.31799 3.33995 3.34824 3.34857 3.35672 3.37749 3.38756 3.39357 3.40760 3.42038
 3.42630 3.43840 3.44694 3.46271 3.50523 3.52413 3.56994 3.59396 3.68185 3.84662
 3.96068 3.97471 4.09830 4.19493 4.27541
 Occupations: 
 1.00000 1.00000 1.00000 1.00000 1.00000 1.00000 1.00000 1.00000 1.00000 1.00000
 1.00000 1.00000 1.00000 1.00000 1.00000 1.00000 1.00000 1.00000 1.00000 1.00000
 1.00000 1.00000 1.00000 1.00000 1.00000 1.00000 1.00000 1.00000 1.00000 1.00000
 1.00000 1.00000 1.00000 1.00000 1.00000 1.00000 1.00000 1.00000 1.00000 1.00000
 1.00000 1.00000 1.00000 1.00000 1.00000 1.00000 1.00000 1.00000 1.00000 1.00000
 1.00000 1.00000 1.00000 1.00000 1.00000 1.00000 1.00000 1.00000 1.00000 1.00000
 1.00000 1.00000 1.00000 1.00000 1.00000 0.97022 0.51847 0.00001 0.00000 0.00000
 0.00000 0.00000 0.00000 0.00000 0.00000 0.00000 0.00000 0.00000 0.00000 0.00000
 0.00000 0.00000 0.00000 0.00000 0.00000 0.00000 0.00000 0.00000 0.00000 0.00000
 0.00000 0.00000 0.00000 0.00000 0.00000 0.00000 0.00000 0.00000 0.00000 0.00000
 0.00000 0.00000 0.00000 0.00000 0.00000 0.00000 0.00000 0.00000 0.00000 0.00000
 0.00000 0.00000 0.00000 0.00000 0.00000 0.00000 0.00000 0.00000 0.00000 0.00000
 0.00000 0.00000 0.00000 0.00000 0.00000 0.00000 0.00000 0.00000 0.00000 0.00000
 0.00000 0.00000 0.00000 0.00000 0.00000 0.00000 0.00000 0.00000 0.00000 0.00000
 0.00000 0.00000 0.00000 0.00000 0.00000 0.00000 0.00000 0.00000 0.00000 0.00000
 0.00000 0.00000 0.00000 0.00000 0.00000 0.00000 0.00000 0.00000 0.00000 0.00000
 0.00000 0.00000 0.00000 0.00000 0.00000 0.00000 0.00000 0.00000 0.00000 0.00000
 0.00000 0.00000 0.00000 0.00000 0.00000 0.00000 0.00000 0.00000 0.00000 0.00000
 0.00000 0.00000 0.00000 0.00000 0.00000 0.00000 0.00000 0.00000 0.00000 0.00000
 0.00000 0.00000 0.00000 0.00000 0.00000 0.00000 0.00000 0.00000 0.00000 0.00000
 0.00000 0.00000 0.00000 0.00000 0.00000 0.00000 0.00000 0.00000 0.00000 0.00000
 0.00000 0.00000 0.00000 0.00000 0.00000 0.00000 0.00000 0.00000 0.00000 0.00000
 0.00000 0.00000 0.00000 0.00000 0.00000 0.00000 0.00000 0.00000 0.00000 0.00000
 0.00000 0.00000 0.00000 0.00000 0.00000 0.00000 0.00000 0.00000 0.00000 0.00000
 0.00000 0.00000 0.00000 0.00000 0.00000 0.00000 0.00000 0.00000 0.00000 0.00000
 0.00000 0.00000 0.00000 0.00000 0.00000 0.00000 0.00000 0.00000 0.00000 0.00000
 0.00000 0.00000 0.00000 0.00000 0.00000 0.00000 0.00000 0.00000 0.00000 0.00000
 0.00000 0.00000 0.00000 0.00000 0.00000 0.00000 0.00000 0.00000 0.00000 0.00000
 0.00000 0.00000 0.00000 0.00000 0.00000 0.00000 0.00000 0.00000 0.00000 0.00000
 0.00000 0.00000 0.00000 0.00000 0.00000 0.00000 0.00000 0.00000 0.00000 0.00000
 0.00000 0.00000 0.00000 0.00000 0.00000
 Spin down:
 -0.36669 -0.31710 -0.25887 -0.23928 -0.22933 -0.22571 -0.22529 -0.22153 -0.21934 -0.21489
 -0.20769 -0.20581 -0.20432 -0.20198 -0.20128 -0.19280 -0.18202 -0.18202 -0.17442 -0.17211
 -0.16959 -0.16857 -0.16837 -0.16658 -0.16438 -0.16380 -0.16249 -0.16048 -0.15960 -0.15889
 -0.15621 -0.15608 -0.15488 -0.15337 -0.15116 -0.15034 -0.14086 -0.14020 -0.13877 -0.13773
 -0.13655 -0.13522 -0.13422 -0.13360 -0.12957 -0.12755 -0.12650 -0.12552 -0.12324 -0.12219
 -0.12058 -0.12043 -0.11971 -0.11837 -0.11753 -0.11669 -0.11567 -0.11494 -0.11342 -0.11153
 -0.11112 -0.11035 -0.10815 -0.10195 -0.07745 -0.05947 -0.05606 -0.04443 -0.02323 -0.01624
 0.01944 0.03733 0.04130 0.10492 0.13817 0.14639 0.16452 0.16824 0.17073 0.17440
 0.22052 0.22069 0.22648 0.25640 0.28627 0.31238 0.33519 0.36115 0.37770 0.38212
 0.40044 0.41450 0.42978 0.46600 0.48026 0.48318 0.48547 0.51816 0.52285 0.57145
 0.57713 0.60022 0.61932 0.62494 0.65524 0.66473 0.68697 0.69597 0.69889 0.70349
 0.71131 0.71334 0.74956 0.76225 0.77346 0.78047 0.78643 0.79525 0.81228 0.82052
 0.82379 0.83361 0.86649 0.88981 0.90341 0.91193 0.92695 0.92748 0.93739 0.95326
 0.96662 0.99012 1.03978 1.04530 1.05164 1.05817 1.06458 1.07926 1.08610 1.11400
 1.11408 1.12604 1.14549 1.16453 1.17427 1.17722 1.19174 1.20069 1.21437 1.22189
 1.23362 1.23468 1.25175 1.26790 1.29029 1.30077 1.31899 1.33050 1.33273 1.35311
 1.35315 1.36306 1.36934 1.39374 1.41395 1.41827 1.44612 1.47284 1.49269 1.49339
 1.50073 1.50193 1.50953 1.52967 1.53535 1.56822 1.57324 1.57816 1.58761 1.61730
 1.62908 1.63062 1.67072 1.68554 1.68570 1.69793 1.72376 1.72472 1.75579 1.76593
 1.76612 1.79338 1.82771 1.83055 1.84918 1.85518 1.85940 1.86661 1.87274 1.87381
 1.88759 1.88781 1.89993 1.90093 1.90806 1.91948 1.93331 1.93564 1.94473 1.96794
 1.97531 1.98535 1.98911 2.00631 2.02378 2.04486 2.05675 2.06552 2.06831 2.07793
 2.08228 2.09022 2.09778 2.10291 2.10689 2.11489 2.11833 2.12194 2.14062 2.14301
 2.15557 2.15620 2.16627 2.19230 2.19277 2.20225 2.22419 2.24142 2.24176 2.26425
 2.26512 2.28432 2.28475 2.33147 2.33829 2.34967 2.38905 2.40126 2.41697 2.42249
 2.44218 2.44428 2.47022 2.52785 2.54724 2.57576 2.58901 2.60373 2.60818 2.62140
 2.62766 2.73835 2.74029 2.74696 2.75791 2.78000 2.81372 2.82023 2.83162 2.88085
 2.91349 2.91638 2.93596 2.98194 3.11676 3.14347 3.18945 3.20005 3.22752 3.31510
 3.31799 3.33995 3.34824 3.34857 3.35672 3.37749 3.38756 3.39357 3.40760 3.42038
 3.42630 3.43840 3.44694 3.46271 3.50523 3.52413 3.56994 3.59396 3.68185 3.84662
 3.96068 3.97471 4.09830 4.19493 4.27541
 Occupations:
 1.00000 1.00000 1.00000 1.00000 1.00000 1.00000 1.00000 1.00000 1.00000 1.00000
 1.00000 1.00000 1.00000 1.00000 1.00000 1.00000 1.00000 1.00000 1.00000 1.00000
 1.00000 1.00000 1.00000 1.00000 1.00000 1.00000 1.00000 1.00000 1.00000 1.00000
 1.00000 1.00000 1.00000 1.00000 1.00000 1.00000 1.00000 1.00000 1.00000 1.00000
 1.00000 1.00000 1.00000 1.00000 1.00000 1.00000 1.00000 1.00000 1.00000 1.00000
 1.00000 1.00000 1.00000 1.00000 1.00000 1.00000 1.00000 1.00000 1.00000 1.00000
 1.00000 1.00000 1.00000 1.00000 1.00000 0.97029 0.51968 0.00001 0.00000 0.00000
 0.00000 0.00000 0.00000 0.00000 0.00000 0.00000 0.00000 0.00000 0.00000 0.00000
 0.00000 0.00000 0.00000 0.00000 0.00000 0.00000 0.00000 0.00000 0.00000 0.00000
 0.00000 0.00000 0.00000 0.00000 0.00000 0.00000 0.00000 0.00000 0.00000 0.00000
 0.00000 0.00000 0.00000 0.00000 0.00000 0.00000 0.00000 0.00000 0.00000 0.00000
 0.00000 0.00000 0.00000 0.00000 0.00000 0.00000 0.00000 0.00000 0.00000 0.00000
 0.00000 0.00000 0.00000 0.00000 0.00000 0.00000 0.00000 0.00000 0.00000 0.00000
 0.00000 0.00000 0.00000 0.00000 0.00000 0.00000 0.00000 0.00000 0.00000 0.00000
 0.00000 0.00000 0.00000 0.00000 0.00000 0.00000 0.00000 0.00000 0.00000 0.00000
 0.00000 0.00000 0.00000 0.00000 0.00000 0.00000 0.00000 0.00000 0.00000 0.00000
 0.00000 0.00000 0.00000 0.00000 0.00000 0.00000 0.00000 0.00000 0.00000 0.00000
 0.00000 0.00000 0.00000 0.00000 0.00000 0.00000 0.00000 0.00000 0.00000 0.00000
 0.00000 0.00000 0.00000 0.00000 0.00000 0.00000 0.00000 0.00000 0.00000 0.00000
 0.00000 0.00000 0.00000 0.00000 0.00000 0.00000 0.00000 0.00000 0.00000 0.00000
 0.00000 0.00000 0.00000 0.00000 0.00000 0.00000 0.00000 0.00000 0.00000 0.00000
 0.00000 0.00000 0.00000 0.00000 0.00000 0.00000 0.00000 0.00000 0.00000 0.00000
 0.00000 0.00000 0.00000 0.00000 0.00000 0.00000 0.00000 0.00000 0.00000 0.00000
 0.00000 0.00000 0.00000 0.00000 0.00000 0.00000 0.00000 0.00000 0.00000 0.00000
 0.00000 0.00000 0.00000 0.00000 0.00000 0.00000 0.00000 0.00000 0.00000 0.00000
 0.00000 0.00000 0.00000 0.00000 0.00000 0.00000 0.00000 0.00000 0.00000 0.00000
 0.00000 0.00000 0.00000 0.00000 0.00000 0.00000 0.00000 0.00000 0.00000 0.00000
 0.00000 0.00000 0.00000 0.00000 0.00000 0.00000 0.00000 0.00000 0.00000 0.00000
 0.00000 0.00000 0.00000 0.00000 0.00000 0.00000 0.00000 0.00000 0.00000 0.00000
 0.00000 0.00000 0.00000 0.00000 0.00000 0.00000 0.00000 0.00000 0.00000 0.00000
 0.00000 0.00000 0.00000 0.00000 0.00000
 == 7-th k-point orbital energies
 Spin up:
 -0.36669 -0.31709 -0.25887 -0.23928 -0.22932 -0.22574 -0.22527 -0.22157 -0.21931 -0.21489
 -0.20772 -0.20579 -0.20425 -0.20203 -0.20129 -0.19279 -0.18203 -0.18200 -0.17442 -0.17212
 -0.16957 -0.16858 -0.16838 -0.16660 -0.16439 -0.16375 -0.16252 -0.16048 -0.15961 -0.15888
 -0.15621 -0.15607 -0.15489 -0.15338 -0.15115 -0.15032 -0.14091 -0.14021 -0.13875 -0.13770
 -0.13654 -0.13524 -0.13423 -0.13357 -0.12957 -0.12754 -0.12654 -0.12550 -0.12323 -0.12220
 -0.12061 -0.12040 -0.11970 -0.11835 -0.11761 -0.11668 -0.11564 -0.11495 -0.11339 -0.11156
 -0.11108 -0.11037 -0.10815 -0.10193 -0.07747 -0.05948 -0.05607 -0.04443 -0.02323 -0.01623
 0.01944 0.03734 0.04130 0.10492 0.13817 0.14638 0.16452 0.16824 0.17074 0.17439
 0.22052 0.22069 0.22647 0.25640 0.28628 0.31238 0.33519 0.36115 0.37770 0.38212
 0.40044 0.41451 0.42977 0.46599 0.48026 0.48318 0.48547 0.51817 0.52285 0.57145
 0.57713 0.60023 0.61932 0.62494 0.65524 0.66473 0.68698 0.69597 0.69889 0.70349
 0.71131 0.71334 0.74956 0.76225 0.77347 0.78047 0.78643 0.79525 0.81228 0.82052
 0.82379 0.83360 0.86649 0.88981 0.90342 0.91193 0.92695 0.92748 0.93739 0.95326
 0.96663 0.99010 1.03978 1.04530 1.05164 1.05817 1.06457 1.07926 1.08610 1.11400
 1.11408 1.12603 1.14549 1.16454 1.17427 1.17723 1.19174 1.20069 1.21438 1.22188
 1.23362 1.23468 1.25174 1.26790 1.29028 1.30076 1.31900 1.33050 1.33272 1.35311
 1.35315 1.36306 1.36934 1.39374 1.41395 1.41828 1.44612 1.47284 1.49269 1.49339
 1.50073 1.50192 1.50954 1.52968 1.53535 1.56822 1.57324 1.57816 1.58761 1.61730
 1.62908 1.63062 1.67072 1.68553 1.68570 1.69794 1.72375 1.72472 1.75579 1.76593
 1.76611 1.79338 1.82771 1.83055 1.84919 1.85519 1.85940 1.86661 1.87274 1.87381
 1.88759 1.88780 1.89993 1.90093 1.90806 1.91948 1.93331 1.93564 1.94473 1.96793
 1.97531 1.98535 1.98911 2.00630 2.02377 2.04486 2.05675 2.06552 2.06831 2.07793
 2.08227 2.09022 2.09778 2.10291 2.10689 2.11489 2.11833 2.12194 2.14061 2.14301
 2.15557 2.15620 2.16627 2.19229 2.19277 2.20225 2.22419 2.24142 2.24176 2.26425
 2.26512 2.28432 2.28475 2.33147 2.33830 2.34967 2.38905 2.40126 2.41697 2.42249
 2.44218 2.44428 2.47022 2.52784 2.54725 2.57577 2.58902 2.60371 2.60819 2.62141
 2.62765 2.73835 2.74030 2.74696 2.75791 2.78000 2.81371 2.82024 2.83162 2.88085
 2.91351 2.91638 2.93590 2.98201 3.11675 3.14342 3.18950 3.20004 3.22752 3.31508
 3.31799 3.33992 3.34829 3.34856 3.35674 3.37752 3.38752 3.39355 3.40761 3.42038
 3.42630 3.43840 3.44694 3.46273 3.50521 3.52417 3.57002 3.59394 3.68172 3.84662
 3.96069 3.97471 4.09834 4.19492 4.27540
 Occupations: 
 1.00000 1.00000 1.00000 1.00000 1.00000 1.00000 1.00000 1.00000 1.00000 1.00000
 1.00000 1.00000 1.00000 1.00000 1.00000 1.00000 1.00000 1.00000 1.00000 1.00000
 1.00000 1.00000 1.00000 1.00000 1.00000 1.00000 1.00000 1.00000 1.00000 1.00000
 1.00000 1.00000 1.00000 1.00000 1.00000 1.00000 1.00000 1.00000 1.00000 1.00000
 1.00000 1.00000 1.00000 1.00000 1.00000 1.00000 1.00000 1.00000 1.00000 1.00000
 1.00000 1.00000 1.00000 1.00000 1.00000 1.00000 1.00000 1.00000 1.00000 1.00000
 1.00000 1.00000 1.00000 1.00000 1.00000 0.97050 0.52032 0.00001 0.00000 0.00000
 0.00000 0.00000 0.00000 0.00000 0.00000 0.00000 0.00000 0.00000 0.00000 0.00000
 0.00000 0.00000 0.00000 0.00000 0.00000 0.00000 0.00000 0.00000 0.00000 0.00000
 0.00000 0.00000 0.00000 0.00000 0.00000 0.00000 0.00000 0.00000 0.00000 0.00000
 0.00000 0.00000 0.00000 0.00000 0.00000 0.00000 0.00000 0.00000 0.00000 0.00000
 0.00000 0.00000 0.00000 0.00000 0.00000 0.00000 0.00000 0.00000 0.00000 0.00000
 0.00000 0.00000 0.00000 0.00000 0.00000 0.00000 0.00000 0.00000 0.00000 0.00000
 0.00000 0.00000 0.00000 0.00000 0.00000 0.00000 0.00000 0.00000 0.00000 0.00000
 0.00000 0.00000 0.00000 0.00000 0.00000 0.00000 0.00000 0.00000 0.00000 0.00000
 0.00000 0.00000 0.00000 0.00000 0.00000 0.00000 0.00000 0.00000 0.00000 0.00000
 0.00000 0.00000 0.00000 0.00000 0.00000 0.00000 0.00000 0.00000 0.00000 0.00000
 0.00000 0.00000 0.00000 0.00000 0.00000 0.00000 0.00000 0.00000 0.00000 0.00000
 0.00000 0.00000 0.00000 0.00000 0.00000 0.00000 0.00000 0.00000 0.00000 0.00000
 0.00000 0.00000 0.00000 0.00000 0.00000 0.00000 0.00000 0.00000 0.00000 0.00000
 0.00000 0.00000 0.00000 0.00000 0.00000 0.00000 0.00000 0.00000 0.00000 0.00000
 0.00000 0.00000 0.00000 0.00000 0.00000 0.00000 0.00000 0.00000 0.00000 0.00000
 0.00000 0.00000 0.00000 0.00000 0.00000 0.00000 0.00000 0.00000 0.00000 0.00000
 0.00000 0.00000 0.00000 0.00000 0.00000 0.00000 0.00000 0.00000 0.00000 0.00000
 0.00000 0.00000 0.00000 0.00000 0.00000 0.00000 0.00000 0.00000 0.00000 0.00000
 0.00000 0.00000 0.00000 0.00000 0.00000 0.00000 0.00000 0.00000 0.00000 0.00000
 0.00000 0.00000 0.00000 0.00000 0.00000 0.00000 0.00000 0.00000 0.00000 0.00000
 0.00000 0.00000 0.00000 0.00000 0.00000 0.00000 0.00000 0.00000 0.00000 0.00000
 0.00000 0.00000 0.00000 0.00000 0.00000 0.00000 0.00000 0.00000 0.00000 0.00000
 0.00000 0.00000 0.00000 0.00000 0.00000 0.00000 0.00000 0.00000 0.00000 0.00000
 0.00000 0.00000 0.00000 0.00000 0.00000
 Spin down:
 -0.36669 -0.31709 -0.25887 -0.23928 -0.22932 -0.22574 -0.22527 -0.22157 -0.21931 -0.21489
 -0.20772 -0.20579 -0.20425 -0.20203 -0.20129 -0.19279 -0.18203 -0.18200 -0.17442 -0.17212
 -0.16957 -0.16858 -0.16838 -0.16660 -0.16439 -0.16375 -0.16252 -0.16048 -0.15961 -0.15888
 -0.15621 -0.15607 -0.15489 -0.15338 -0.15115 -0.15032 -0.14091 -0.14021 -0.13875 -0.13770
 -0.13654 -0.13524 -0.13423 -0.13357 -0.12957 -0.12754 -0.12654 -0.12550 -0.12323 -0.12220
 -0.12061 -0.12040 -0.11970 -0.11835 -0.11761 -0.11668 -0.11564 -0.11495 -0.11339 -0.11156
 -0.11108 -0.11037 -0.10815 -0.10193 -0.07747 -0.05948 -0.05607 -0.04443 -0.02323 -0.01623
 0.01944 0.03734 0.04130 0.10492 0.13817 0.14638 0.16452 0.16824 0.17074 0.17439
 0.22052 0.22069 0.22647 0.25640 0.28628 0.31238 0.33519 0.36115 0.37770 0.38212
 0.40044 0.41451 0.42977 0.46599 0.48026 0.48318 0.48547 0.51817 0.52285 0.57145
 0.57713 0.60023 0.61932 0.62494 0.65524 0.66473 0.68698 0.69597 0.69889 0.70349
 0.71131 0.71334 0.74956 0.76225 0.77347 0.78047 0.78643 0.79525 0.81228 0.82052
 0.82379 0.83360 0.86649 0.88981 0.90342 0.91193 0.92695 0.92748 0.93739 0.95326
 0.96663 0.99010 1.03978 1.04530 1.05164 1.05817 1.06457 1.07926 1.08610 1.11400
 1.11408 1.12603 1.14549 1.16454 1.17427 1.17723 1.19174 1.20069 1.21438 1.22188
 1.23362 1.23468 1.25174 1.26790 1.29028 1.30076 1.31900 1.33050 1.33272 1.35311
 1.35315 1.36306 1.36934 1.39374 1.41395 1.41828 1.44612 1.47284 1.49269 1.49339
 1.50073 1.50192 1.50954 1.52968 1.53535 1.56822 1.57324 1.57816 1.58761 1.61730
 1.62908 1.63062 1.67072 1.68553 1.68570 1.69794 1.72375 1.72472 1.75579 1.76593
 1.76611 1.79338 1.82771 1.83055 1.84919 1.85519 1.85940 1.86661 1.87274 1.87381
 1.88759 1.88780 1.89993 1.90093 1.90806 1.91948 1.93331 1.93564 1.94473 1.96793
 1.97531 1.98535 1.98911 2.00630 2.02377 2.04486 2.05675 2.06552 2.06831 2.07793
 2.08227 2.09022 2.09778 2.10291 2.10689 2.11489 2.11833 2.12194 2.14061 2.14301
 2.15557 2.15620 2.16627 2.19229 2.19277 2.20225 2.22419 2.24142 2.24176 2.26425
 2.26512 2.28432 2.28475 2.33147 2.33830 2.34967 2.38905 2.40126 2.41697 2.42249
 2.44218 2.44428 2.47022 2.52784 2.54725 2.57577 2.58902 2.60371 2.60819 2.62141
 2.62765 2.73835 2.74030 2.74696 2.75791 2.78000 2.81371 2.82024 2.83162 2.88085
 2.91351 2.91638 2.93590 2.98201 3.11675 3.14342 3.18950 3.20004 3.22752 3.31508
 3.31799 3.33992 3.34829 3.34856 3.35674 3.37752 3.38752 3.39355 3.40761 3.42038
 3.42630 3.43840 3.44694 3.46273 3.50521 3.52417 3.57002 3.59394 3.68172 3.84662
 3.96069 3.97471 4.09834 4.19492 4.27540
 Occupations:
 1.00000 1.00000 1.00000 1.00000 1.00000 1.00000 1.00000 1.00000 1.00000 1.00000
 1.00000 1.00000 1.00000 1.00000 1.00000 1.00000 1.00000 1.00000 1.00000 1.00000
 1.00000 1.00000 1.00000 1.00000 1.00000 1.00000 1.00000 1.00000 1.00000 1.00000
 1.00000 1.00000 1.00000 1.00000 1.00000 1.00000 1.00000 1.00000 1.00000 1.00000
 1.00000 1.00000 1.00000 1.00000 1.00000 1.00000 1.00000 1.00000 1.00000 1.00000
 1.00000 1.00000 1.00000 1.00000 1.00000 1.00000 1.00000 1.00000 1.00000 1.00000
 1.00000 1.00000 1.00000 1.00000 1.00000 0.97057 0.52153 0.00001 0.00000 0.00000
 0.00000 0.00000 0.00000 0.00000 0.00000 0.00000 0.00000 0.00000 0.00000 0.00000
 0.00000 0.00000 0.00000 0.00000 0.00000 0.00000 0.00000 0.00000 0.00000 0.00000
 0.00000 0.00000 0.00000 0.00000 0.00000 0.00000 0.00000 0.00000 0.00000 0.00000
 0.00000 0.00000 0.00000 0.00000 0.00000 0.00000 0.00000 0.00000 0.00000 0.00000
 0.00000 0.00000 0.00000 0.00000 0.00000 0.00000 0.00000 0.00000 0.00000 0.00000
 0.00000 0.00000 0.00000 0.00000 0.00000 0.00000 0.00000 0.00000 0.00000 0.00000
 0.00000 0.00000 0.00000 0.00000 0.00000 0.00000 0.00000 0.00000 0.00000 0.00000
 0.00000 0.00000 0.00000 0.00000 0.00000 0.00000 0.00000 0.00000 0.00000 0.00000
 0.00000 0.00000 0.00000 0.00000 0.00000 0.00000 0.00000 0.00000 0.00000 0.00000
 0.00000 0.00000 0.00000 0.00000 0.00000 0.00000 0.00000 0.00000 0.00000 0.00000
 0.00000 0.00000 0.00000 0.00000 0.00000 0.00000 0.00000 0.00000 0.00000 0.00000
 0.00000 0.00000 0.00000 0.00000 0.00000 0.00000 0.00000 0.00000 0.00000 0.00000
 0.00000 0.00000 0.00000 0.00000 0.00000 0.00000 0.00000 0.00000 0.00000 0.00000
 0.00000 0.00000 0.00000 0.00000 0.00000 0.00000 0.00000 0.00000 0.00000 0.00000
 0.00000 0.00000 0.00000 0.00000 0.00000 0.00000 0.00000 0.00000 0.00000 0.00000
 0.00000 0.00000 0.00000 0.00000 0.00000 0.00000 0.00000 0.00000 0.00000 0.00000
 0.00000 0.00000 0.00000 0.00000 0.00000 0.00000 0.00000 0.00000 0.00000 0.00000
 0.00000 0.00000 0.00000 0.00000 0.00000 0.00000 0.00000 0.00000 0.00000 0.00000
 0.00000 0.00000 0.00000 0.00000 0.00000 0.00000 0.00000 0.00000 0.00000 0.00000
 0.00000 0.00000 0.00000 0.00000 0.00000 0.00000 0.00000 0.00000 0.00000 0.00000
 0.00000 0.00000 0.00000 0.00000 0.00000 0.00000 0.00000 0.00000 0.00000 0.00000
 0.00000 0.00000 0.00000 0.00000 0.00000 0.00000 0.00000 0.00000 0.00000 0.00000
 0.00000 0.00000 0.00000 0.00000 0.00000 0.00000 0.00000 0.00000 0.00000 0.00000
 0.00000 0.00000 0.00000 0.00000 0.00000
 == 8-th k-point orbital energies
 Spin up:
 -0.34579 -0.30417 -0.25387 -0.24955 -0.24265 -0.22101 -0.22056 -0.21377 -0.21199 -0.20777
 -0.20252 -0.20205 -0.19874 -0.19423 -0.19330 -0.18996 -0.18193 -0.18118 -0.17976 -0.17882
 -0.17412 -0.17362 -0.17073 -0.16937 -0.16701 -0.16550 -0.16295 -0.16166 -0.16067 -0.15931
 -0.15802 -0.15691 -0.15544 -0.15359 -0.15281 -0.15024 -0.14798 -0.14712 -0.14610 -0.14447
 -0.14316 -0.14275 -0.14095 -0.13950 -0.13796 -0.13529 -0.13419 -0.13234 -0.13207 -0.13032
 -0.12789 -0.12501 -0.12452 -0.12253 -0.12158 -0.11901 -0.11784 -0.11741 -0.11620 -0.11495
 -0.11460 -0.11381 -0.10548 -0.10365 -0.09370 -0.08032 -0.07519 -0.02123 0.00740 0.01209
 0.01478 0.03290 0.05906 0.10900 0.13822 0.13999 0.18402 0.18715 0.21686 0.21959
 0.22128 0.27175 0.27821 0.28352 0.29501 0.31496 0.33348 0.35275 0.36518 0.38093
 0.40046 0.41279 0.43197 0.43771 0.45034 0.49963 0.50735 0.51145 0.52040 0.54063
 0.55909 0.56399 0.56709 0.58277 0.59937 0.61335 0.63686 0.64935 0.65680 0.66550
 0.68235 0.72512 0.73017 0.74344 0.75991 0.78699 0.80238 0.81347 0.82426 0.82858
 0.83307 0.84094 0.85919 0.89156 0.90636 0.91812 0.92310 0.92642 0.94719 0.97594
 0.98301 1.00274 1.01058 1.03842 1.04268 1.05769 1.08128 1.09806 1.11104 1.12243
 1.13298 1.15544 1.16694 1.17345 1.18544 1.19521 1.20209 1.22238 1.24347 1.24619
 1.24924 1.26254 1.26923 1.29387 1.30670 1.31215 1.32530 1.33680 1.34203 1.34875
 1.37542 1.38760 1.39534 1.40324 1.41405 1.43033 1.43893 1.44070 1.46337 1.46669
 1.47333 1.47827 1.48097 1.48911 1.50339 1.52755 1.54773 1.57338 1.59680 1.62127
 1.63006 1.64469 1.65014 1.65942 1.66600 1.67583 1.69756 1.70373 1.70601 1.71410
 1.72425 1.72468 1.74363 1.74541 1.76092 1.76635 1.77806 1.80653 1.81563 1.81987
 1.82443 1.83967 1.84254 1.84828 1.86348 1.87190 1.88520 1.89607 1.91404 1.93432
 1.94030 1.95619 1.96125 1.96786 1.98798 1.99205 2.00430 2.01048 2.01783 2.02834
 2.03709 2.04191 2.07177 2.08948 2.10333 2.11519 2.12598 2.13249 2.14226 2.15523
 2.16280 2.16940 2.17816 2.18104 2.21235 2.21476 2.22142 2.23112 2.23667 2.24078
 2.25559 2.26935 2.27496 2.29853 2.32191 2.33273 2.35561 2.36722 2.38566 2.38742
 2.39415 2.41784 2.46304 2.46668 2.48318 2.50483 2.52471 2.53681 2.59377 2.60967
 2.61406 2.69492 2.70307 2.70741 2.73593 2.75087 2.79263 2.83661 2.85063 2.89808
 2.90268 2.93281 2.97302 2.98552 3.08822 3.18730 3.23116 3.25628 3.26524 3.28306
 3.30716 3.31740 3.32261 3.33665 3.36055 3.36248 3.36657 3.36748 3.37794 3.38995
 3.40251 3.43621 3.47415 3.49027 3.51514 3.55886 3.66676 3.67374 3.70017 3.72088
 3.87930 4.06315 4.25506 4.26311 4.30165
 Occupations: 
 1.00000 1.00000 1.00000 1.00000 1.00000 1.00000 1.00000 1.00000 1.00000 1.00000
 1.00000 1.00000 1.00000 1.00000 1.00000 1.00000 1.00000 1.00000 1.00000 1.00000
 1.00000 1.00000 1.00000 1.00000 1.00000 1.00000 1.00000 1.00000 1.00000 1.00000
 1.00000 1.00000 1.00000 1.00000 1.00000 1.00000 1.00000 1.00000 1.00000 1.00000
 1.00000 1.00000 1.00000 1.00000 1.00000 1.00000 1.00000 1.00000 1.00000 1.00000
 1.00000 1.00000 1.00000 1.00000 1.00000 1.00000 1.00000 1.00000 1.00000 1.00000
 1.00000 1.00000 1.00000 1.00000 1.00000 1.00000 1.00000 0.00000 0.00000 0.00000
 0.00000 0.00000 0.00000 0.00000 0.00000 0.00000 0.00000 0.00000 0.00000 0.00000
 0.00000 0.00000 0.00000 0.00000 0.00000 0.00000 0.00000 0.00000 0.00000 0.00000
 0.00000 0.00000 0.00000 0.00000 0.00000 0.00000 0.00000 0.00000 0.00000 0.00000
 0.00000 0.00000 0.00000 0.00000 0.00000 0.00000 0.00000 0.00000 0.00000 0.00000
 0.00000 0.00000 0.00000 0.00000 0.00000 0.00000 0.00000 0.00000 0.00000 0.00000
 0.00000 0.00000 0.00000 0.00000 0.00000 0.00000 0.00000 0.00000 0.00000 0.00000
 0.00000 0.00000 0.00000 0.00000 0.00000 0.00000 0.00000 0.00000 0.00000 0.00000
 0.00000 0.00000 0.00000 0.00000 0.00000 0.00000 0.00000 0.00000 0.00000 0.00000
 0.00000 0.00000 0.00000 0.00000 0.00000 0.00000 0.00000 0.00000 0.00000 0.00000
 0.00000 0.00000 0.00000 0.00000 0.00000 0.00000 0.00000 0.00000 0.00000 0.00000
 0.00000 0.00000 0.00000 0.00000 0.00000 0.00000 0.00000 0.00000 0.00000 0.00000
 0.00000 0.00000 0.00000 0.00000 0.00000 0.00000 0.00000 0.00000 0.00000 0.00000
 0.00000 0.00000 0.00000 0.00000 0.00000 0.00000 0.00000 0.00000 0.00000 0.00000
 0.00000 0.00000 0.00000 0.00000 0.00000 0.00000 0.00000 0.00000 0.00000 0.00000
 0.00000 0.00000 0.00000 0.00000 0.00000 0.00000 0.00000 0.00000 0.00000 0.00000
 0.00000 0.00000 0.00000 0.00000 0.00000 0.00000 0.00000 0.00000 0.00000 0.00000
 0.00000 0.00000 0.00000 0.00000 0.00000 0.00000 0.00000 0.00000 0.00000 0.00000
 0.00000 0.00000 0.00000 0.00000 0.00000 0.00000 0.00000 0.00000 0.00000 0.00000
 0.00000 0.00000 0.00000 0.00000 0.00000 0.00000 0.00000 0.00000 0.00000 0.00000
 0.00000 0.00000 0.00000 0.00000 0.00000 0.00000 0.00000 0.00000 0.00000 0.00000
 0.00000 0.00000 0.00000 0.00000 0.00000 0.00000 0.00000 0.00000 0.00000 0.00000
 0.00000 0.00000 0.00000 0.00000 0.00000 0.00000 0.00000 0.00000 0.00000 0.00000
 0.00000 0.00000 0.00000 0.00000 0.00000 0.00000 0.00000 0.00000 0.00000 0.00000
 0.00000 0.00000 0.00000 0.00000 0.00000
 Spin down:
 -0.34579 -0.30417 -0.25387 -0.24955 -0.24265 -0.22101 -0.22056 -0.21377 -0.21199 -0.20777
 -0.20252 -0.20205 -0.19874 -0.19423 -0.19330 -0.18996 -0.18193 -0.18118 -0.17976 -0.17882
 -0.17412 -0.17362 -0.17073 -0.16937 -0.16701 -0.16550 -0.16295 -0.16166 -0.16067 -0.15931
 -0.15802 -0.15691 -0.15544 -0.15359 -0.15281 -0.15024 -0.14798 -0.14712 -0.14610 -0.14447
 -0.14316 -0.14275 -0.14095 -0.13950 -0.13796 -0.13529 -0.13419 -0.13234 -0.13207 -0.13032
 -0.12789 -0.12501 -0.12452 -0.12253 -0.12158 -0.11901 -0.11784 -0.11741 -0.11620 -0.11495
 -0.11460 -0.11381 -0.10548 -0.10365 -0.09370 -0.08032 -0.07519 -0.02123 0.00740 0.01209
 0.01478 0.03290 0.05906 0.10900 0.13822 0.13999 0.18402 0.18715 0.21686 0.21959
 0.22128 0.27175 0.27821 0.28352 0.29501 0.31496 0.33348 0.35275 0.36518 0.38093
 0.40046 0.41279 0.43197 0.43771 0.45034 0.49963 0.50735 0.51145 0.52040 0.54063
 0.55909 0.56399 0.56709 0.58277 0.59937 0.61335 0.63686 0.64935 0.65680 0.66550
 0.68235 0.72512 0.73017 0.74344 0.75991 0.78699 0.80238 0.81347 0.82426 0.82858
 0.83307 0.84094 0.85919 0.89156 0.90636 0.91812 0.92310 0.92642 0.94719 0.97594
 0.98301 1.00274 1.01058 1.03842 1.04268 1.05769 1.08128 1.09806 1.11104 1.12243
 1.13298 1.15544 1.16694 1.17345 1.18544 1.19521 1.20209 1.22238 1.24347 1.24619
 1.24924 1.26254 1.26923 1.29387 1.30670 1.31215 1.32530 1.33680 1.34203 1.34875
 1.37542 1.38760 1.39534 1.40324 1.41405 1.43033 1.43893 1.44070 1.46337 1.46669
 1.47333 1.47827 1.48097 1.48911 1.50339 1.52755 1.54773 1.57338 1.59680 1.62127
 1.63006 1.64469 1.65014 1.65942 1.66600 1.67583 1.69756 1.70373 1.70601 1.71410
 1.72425 1.72468 1.74363 1.74541 1.76092 1.76635 1.77806 1.80653 1.81563 1.81987
 1.82443 1.83967 1.84254 1.84828 1.86348 1.87190 1.88520 1.89607 1.91404 1.93432
 1.94030 1.95619 1.96125 1.96786 1.98798 1.99205 2.00430 2.01048 2.01783 2.02834
 2.03709 2.04191 2.07177 2.08948 2.10333 2.11519 2.12598 2.13249 2.14226 2.15523
 2.16280 2.16940 2.17816 2.18104 2.21235 2.21476 2.22142 2.23112 2.23667 2.24078
 2.25559 2.26935 2.27496 2.29853 2.32191 2.33273 2.35561 2.36722 2.38566 2.38742
 2.39415 2.41784 2.46304 2.46668 2.48318 2.50483 2.52471 2.53681 2.59377 2.60967
 2.61406 2.69492 2.70307 2.70741 2.73593 2.75087 2.79263 2.83661 2.85063 2.89808
 2.90268 2.93281 2.97302 2.98552 3.08822 3.18730 3.23116 3.25628 3.26524 3.28306
 3.30716 3.31740 3.32261 3.33665 3.36055 3.36248 3.36657 3.36748 3.37794 3.38995
 3.40251 3.43621 3.47415 3.49027 3.51514 3.55886 3.66676 3.67374 3.70017 3.72088
 3.87930 4.06315 4.25506 4.26311 4.30165
 Occupations:
 1.00000 1.00000 1.00000 1.00000 1.00000 1.00000 1.00000 1.00000 1.00000 1.00000
 1.00000 1.00000 1.00000 1.00000 1.00000 1.00000 1.00000 1.00000 1.00000 1.00000
 1.00000 1.00000 1.00000 1.00000 1.00000 1.00000 1.00000 1.00000 1.00000 1.00000
 1.00000 1.00000 1.00000 1.00000 1.00000 1.00000 1.00000 1.00000 1.00000 1.00000
 1.00000 1.00000 1.00000 1.00000 1.00000 1.00000 1.00000 1.00000 1.00000 1.00000
 1.00000 1.00000 1.00000 1.00000 1.00000 1.00000 1.00000 1.00000 1.00000 1.00000
 1.00000 1.00000 1.00000 1.00000 1.00000 1.00000 1.00000 0.00000 0.00000 0.00000
 0.00000 0.00000 0.00000 0.00000 0.00000 0.00000 0.00000 0.00000 0.00000 0.00000
 0.00000 0.00000 0.00000 0.00000 0.00000 0.00000 0.00000 0.00000 0.00000 0.00000
 0.00000 0.00000 0.00000 0.00000 0.00000 0.00000 0.00000 0.00000 0.00000 0.00000
 0.00000 0.00000 0.00000 0.00000 0.00000 0.00000 0.00000 0.00000 0.00000 0.00000
 0.00000 0.00000 0.00000 0.00000 0.00000 0.00000 0.00000 0.00000 0.00000 0.00000
 0.00000 0.00000 0.00000 0.00000 0.00000 0.00000 0.00000 0.00000 0.00000 0.00000
 0.00000 0.00000 0.00000 0.00000 0.00000 0.00000 0.00000 0.00000 0.00000 0.00000
 0.00000 0.00000 0.00000 0.00000 0.00000 0.00000 0.00000 0.00000 0.00000 0.00000
 0.00000 0.00000 0.00000 0.00000 0.00000 0.00000 0.00000 0.00000 0.00000 0.00000
 0.00000 0.00000 0.00000 0.00000 0.00000 0.00000 0.00000 0.00000 0.00000 0.00000
 0.00000 0.00000 0.00000 0.00000 0.00000 0.00000 0.00000 0.00000 0.00000 0.00000
 0.00000 0.00000 0.00000 0.00000 0.00000 0.00000 0.00000 0.00000 0.00000 0.00000
 0.00000 0.00000 0.00000 0.00000 0.00000 0.00000 0.00000 0.00000 0.00000 0.00000
 0.00000 0.00000 0.00000 0.00000 0.00000 0.00000 0.00000 0.00000 0.00000 0.00000
 0.00000 0.00000 0.00000 0.00000 0.00000 0.00000 0.00000 0.00000 0.00000 0.00000
 0.00000 0.00000 0.00000 0.00000 0.00000 0.00000 0.00000 0.00000 0.00000 0.00000
 0.00000 0.00000 0.00000 0.00000 0.00000 0.00000 0.00000 0.00000 0.00000 0.00000
 0.00000 0.00000 0.00000 0.00000 0.00000 0.00000 0.00000 0.00000 0.00000 0.00000
 0.00000 0.00000 0.00000 0.00000 0.00000 0.00000 0.00000 0.00000 0.00000 0.00000
 0.00000 0.00000 0.00000 0.00000 0.00000 0.00000 0.00000 0.00000 0.00000 0.00000
 0.00000 0.00000 0.00000 0.00000 0.00000 0.00000 0.00000 0.00000 0.00000 0.00000
 0.00000 0.00000 0.00000 0.00000 0.00000 0.00000 0.00000 0.00000 0.00000 0.00000
 0.00000 0.00000 0.00000 0.00000 0.00000 0.00000 0.00000 0.00000 0.00000 0.00000
 0.00000 0.00000 0.00000 0.00000 0.00000
 == 9-th k-point orbital energies
 Spin up:
 -0.31975 -0.29559 -0.27991 -0.25182 -0.23720 -0.22483 -0.21474 -0.20358 -0.20288 -0.20169
 -0.19941 -0.19400 -0.19307 -0.19196 -0.19128 -0.18588 -0.18531 -0.18382 -0.18308 -0.18216
 -0.17949 -0.17430 -0.17347 -0.16982 -0.16913 -0.16851 -0.16748 -0.16653 -0.16547 -0.16373
 -0.16259 -0.16099 -0.15759 -0.15697 -0.15557 -0.15468 -0.15339 -0.15273 -0.15070 -0.14875
 -0.14493 -0.14302 -0.14044 -0.13985 -0.13810 -0.13630 -0.13501 -0.13445 -0.13378 -0.13045
 -0.12885 -0.12835 -0.12641 -0.12370 -0.12290 -0.12271 -0.12025 -0.12001 -0.11858 -0.11681
 -0.11529 -0.11494 -0.11423 -0.11181 -0.10171 -0.08465 -0.05579 -0.03826 -0.00053 0.02016
 0.04415 0.06264 0.07246 0.11702 0.12479 0.13340 0.16637 0.20110 0.22036 0.22843
 0.25555 0.26853 0.29276 0.30707 0.32239 0.34400 0.36106 0.36431 0.38363 0.39307
 0.41354 0.42304 0.42839 0.44557 0.45387 0.45764 0.47127 0.47866 0.49319 0.50059
 0.50985 0.56046 0.57041 0.58018 0.58901 0.59488 0.59942 0.63750 0.64424 0.66824
 0.67853 0.69144 0.71156 0.72156 0.74631 0.76326 0.77724 0.78273 0.78793 0.84134
 0.85812 0.86775 0.87257 0.87717 0.90821 0.93595 0.93698 0.95466 0.97937 0.98507
 0.98955 1.01018 1.02233 1.04578 1.04798 1.05389 1.08404 1.08884 1.10409 1.12903
 1.13268 1.13872 1.16620 1.17819 1.19068 1.19115 1.19743 1.22102 1.24216 1.25408
 1.26894 1.27640 1.28316 1.29568 1.31296 1.32417 1.33191 1.33654 1.35402 1.38008
 1.41786 1.42300 1.43472 1.43835 1.44067 1.44691 1.45320 1.46261 1.46845 1.46965
 1.51351 1.51489 1.52284 1.52634 1.53420 1.54134 1.55742 1.57126 1.58197 1.58545
 1.58940 1.59316 1.60833 1.61547 1.63554 1.64239 1.65045 1.65419 1.65811 1.66359
 1.66898 1.71881 1.72588 1.73287 1.73803 1.74144 1.75949 1.76471 1.77146 1.77996
 1.78595 1.79847 1.81580 1.81780 1.82742 1.84910 1.85937 1.86226 1.86710 1.87523
 1.88192 1.88591 1.88974 1.93008 1.94875 1.97158 1.97622 1.97849 1.99199 2.00930
 2.02262 2.03385 2.03695 2.05335 2.06019 2.07166 2.08193 2.09928 2.11486 2.12261
 2.13931 2.15215 2.15759 2.17373 2.17934 2.20925 2.22610 2.23467 2.24110 2.26759
 2.28712 2.29746 2.30518 2.32465 2.33436 2.35099 2.35794 2.36676 2.37059 2.38057
 2.39229 2.39743 2.41542 2.42650 2.48635 2.50531 2.52139 2.56034 2.56197 2.58100
 2.62082 2.62616 2.64923 2.66305 2.66725 2.67049 2.82373 2.82972 2.89997 2.94905
 2.96633 2.99560 3.01350 3.10156 3.15048 3.16988 3.19889 3.21864 3.22549 3.25055
 3.28958 3.30237 3.31203 3.32304 3.32573 3.35177 3.36528 3.36885 3.37420 3.38002
 3.40090 3.41611 3.47445 3.52188 3.54836 3.56936 3.62345 3.69816 3.73044 3.82308
 3.89291 4.03079 4.27429 4.30906 4.31033
 Occupations: 
 1.00000 1.00000 1.00000 1.00000 1.00000 1.00000 1.00000 1.00000 1.00000 1.00000
 1.00000 1.00000 1.00000 1.00000 1.00000 1.00000 1.00000 1.00000 1.00000 1.00000
 1.00000 1.00000 1.00000 1.00000 1.00000 1.00000 1.00000 1.00000 1.00000 1.00000
 1.00000 1.00000 1.00000 1.00000 1.00000 1.00000 1.00000 1.00000 1.00000 1.00000
 1.00000 1.00000 1.00000 1.00000 1.00000 1.00000 1.00000 1.00000 1.00000 1.00000
 1.00000 1.00000 1.00000 1.00000 1.00000 1.00000 1.00000 1.00000 1.00000 1.00000
 1.00000 1.00000 1.00000 1.00000 1.00000 1.00000 0.45112 0.00000 0.00000 0.00000
 0.00000 0.00000 0.00000 0.00000 0.00000 0.00000 0.00000 0.00000 0.00000 0.00000
 0.00000 0.00000 0.00000 0.00000 0.00000 0.00000 0.00000 0.00000 0.00000 0.00000
 0.00000 0.00000 0.00000 0.00000 0.00000 0.00000 0.00000 0.00000 0.00000 0.00000
 0.00000 0.00000 0.00000 0.00000 0.00000 0.00000 0.00000 0.00000 0.00000 0.00000
 0.00000 0.00000 0.00000 0.00000 0.00000 0.00000 0.00000 0.00000 0.00000 0.00000
 0.00000 0.00000 0.00000 0.00000 0.00000 0.00000 0.00000 0.00000 0.00000 0.00000
 0.00000 0.00000 0.00000 0.00000 0.00000 0.00000 0.00000 0.00000 0.00000 0.00000
 0.00000 0.00000 0.00000 0.00000 0.00000 0.00000 0.00000 0.00000 0.00000 0.00000
 0.00000 0.00000 0.00000 0.00000 0.00000 0.00000 0.00000 0.00000 0.00000 0.00000
 0.00000 0.00000 0.00000 0.00000 0.00000 0.00000 0.00000 0.00000 0.00000 0.00000
 0.00000 0.00000 0.00000 0.00000 0.00000 0.00000 0.00000 0.00000 0.00000 0.00000
 0.00000 0.00000 0.00000 0.00000 0.00000 0.00000 0.00000 0.00000 0.00000 0.00000
 0.00000 0.00000 0.00000 0.00000 0.00000 0.00000 0.00000 0.00000 0.00000 0.00000
 0.00000 0.00000 0.00000 0.00000 0.00000 0.00000 0.00000 0.00000 0.00000 0.00000
 0.00000 0.00000 0.00000 0.00000 0.00000 0.00000 0.00000 0.00000 0.00000 0.00000
 0.00000 0.00000 0.00000 0.00000 0.00000 0.00000 0.00000 0.00000 0.00000 0.00000
 0.00000 0.00000 0.00000 0.00000 0.00000 0.00000 0.00000 0.00000 0.00000 0.00000
 0.00000 0.00000 0.00000 0.00000 0.00000 0.00000 0.00000 0.00000 0.00000 0.00000
 0.00000 0.00000 0.00000 0.00000 0.00000 0.00000 0.00000 0.00000 0.00000 0.00000
 0.00000 0.00000 0.00000 0.00000 0.00000 0.00000 0.00000 0.00000 0.00000 0.00000
 0.00000 0.00000 0.00000 0.00000 0.00000 0.00000 0.00000 0.00000 0.00000 0.00000
 0.00000 0.00000 0.00000 0.00000 0.00000 0.00000 0.00000 0.00000 0.00000 0.00000
 0.00000 0.00000 0.00000 0.00000 0.00000 0.00000 0.00000 0.00000 0.00000 0.00000
 0.00000 0.00000 0.00000 0.00000 0.00000
 Spin down:
 -0.31975 -0.29559 -0.27991 -0.25182 -0.23720 -0.22483 -0.21474 -0.20358 -0.20288 -0.20169
 -0.19941 -0.19400 -0.19307 -0.19196 -0.19128 -0.18588 -0.18531 -0.18382 -0.18308 -0.18216
 -0.17949 -0.17430 -0.17347 -0.16982 -0.16913 -0.16851 -0.16748 -0.16653 -0.16547 -0.16373
 -0.16259 -0.16099 -0.15759 -0.15697 -0.15557 -0.15468 -0.15339 -0.15273 -0.15070 -0.14875
 -0.14493 -0.14302 -0.14044 -0.13985 -0.13810 -0.13630 -0.13501 -0.13445 -0.13378 -0.13045
 -0.12885 -0.12835 -0.12641 -0.12370 -0.12290 -0.12271 -0.12025 -0.12001 -0.11858 -0.11681
 -0.11529 -0.11494 -0.11423 -0.11181 -0.10171 -0.08465 -0.05579 -0.03826 -0.00053 0.02016
 0.04415 0.06264 0.07246 0.11702 0.12479 0.13340 0.16637 0.20110 0.22036 0.22843
 0.25555 0.26853 0.29276 0.30707 0.32239 0.34400 0.36106 0.36431 0.38363 0.39307
 0.41354 0.42304 0.42839 0.44557 0.45387 0.45764 0.47127 0.47866 0.49319 0.50059
 0.50985 0.56046 0.57041 0.58018 0.58901 0.59488 0.59942 0.63750 0.64424 0.66824
 0.67853 0.69144 0.71156 0.72156 0.74631 0.76326 0.77724 0.78273 0.78793 0.84134
 0.85812 0.86775 0.87257 0.87717 0.90821 0.93595 0.93698 0.95466 0.97937 0.98507
 0.98955 1.01018 1.02233 1.04578 1.04798 1.05389 1.08404 1.08884 1.10409 1.12903
 1.13268 1.13872 1.16620 1.17819 1.19068 1.19115 1.19743 1.22102 1.24216 1.25408
 1.26894 1.27640 1.28316 1.29568 1.31296 1.32417 1.33191 1.33654 1.35402 1.38008
 1.41786 1.42300 1.43472 1.43835 1.44067 1.44691 1.45320 1.46261 1.46845 1.46965
 1.51351 1.51489 1.52284 1.52634 1.53420 1.54134 1.55742 1.57126 1.58197 1.58545
 1.58940 1.59316 1.60833 1.61547 1.63554 1.64239 1.65045 1.65419 1.65811 1.66359
 1.66898 1.71881 1.72588 1.73287 1.73803 1.74144 1.75949 1.76471 1.77146 1.77996
 1.78595 1.79847 1.81580 1.81780 1.82742 1.84910 1.85937 1.86226 1.86710 1.87523
 1.88192 1.88591 1.88974 1.93008 1.94875 1.97158 1.97622 1.97849 1.99199 2.00930
 2.02262 2.03385 2.03695 2.05335 2.06019 2.07166 2.08193 2.09928 2.11486 2.12261
 2.13931 2.15215 2.15759 2.17373 2.17934 2.20925 2.22610 2.23467 2.24110 2.26759
 2.28712 2.29746 2.30518 2.32465 2.33436 2.35099 2.35794 2.36676 2.37059 2.38057
 2.39229 2.39743 2.41542 2.42650 2.48635 2.50531 2.52139 2.56034 2.56197 2.58100
 2.62082 2.62616 2.64923 2.66305 2.66725 2.67049 2.82373 2.82972 2.89997 2.94905
 2.96633 2.99560 3.01350 3.10156 3.15048 3.16988 3.19889 3.21864 3.22549 3.25055
 3.28958 3.30237 3.31203 3.32304 3.32573 3.35177 3.36528 3.36885 3.37420 3.38002
 3.40090 3.41611 3.47445 3.52188 3.54836 3.56936 3.62345 3.69816 3.73044 3.82308
 3.89291 4.03079 4.27429 4.30906 4.31033
 Occupations:
 1.00000 1.00000 1.00000 1.00000 1.00000 1.00000 1.00000 1.00000 1.00000 1.00000
 1.00000 1.00000 1.00000 1.00000 1.00000 1.00000 1.00000 1.00000 1.00000 1.00000
 1.00000 1.00000 1.00000 1.00000 1.00000 1.00000 1.00000 1.00000 1.00000 1.00000
 1.00000 1.00000 1.00000 1.00000 1.00000 1.00000 1.00000 1.00000 1.00000 1.00000
 1.00000 1.00000 1.00000 1.00000 1.00000 1.00000 1.00000 1.00000 1.00000 1.00000
 1.00000 1.00000 1.00000 1.00000 1.00000 1.00000 1.00000 1.00000 1.00000 1.00000
 1.00000 1.00000 1.00000 1.00000 1.00000 1.00000 0.45187 0.00000 0.00000 0.00000
 0.00000 0.00000 0.00000 0.00000 0.00000 0.00000 0.00000 0.00000 0.00000 0.00000
 0.00000 0.00000 0.00000 0.00000 0.00000 0.00000 0.00000 0.00000 0.00000 0.00000
 0.00000 0.00000 0.00000 0.00000 0.00000 0.00000 0.00000 0.00000 0.00000 0.00000
 0.00000 0.00000 0.00000 0.00000 0.00000 0.00000 0.00000 0.00000 0.00000 0.00000
 0.00000 0.00000 0.00000 0.00000 0.00000 0.00000 0.00000 0.00000 0.00000 0.00000
 0.00000 0.00000 0.00000 0.00000 0.00000 0.00000 0.00000 0.00000 0.00000 0.00000
 0.00000 0.00000 0.00000 0.00000 0.00000 0.00000 0.00000 0.00000 0.00000 0.00000
 0.00000 0.00000 0.00000 0.00000 0.00000 0.00000 0.00000 0.00000 0.00000 0.00000
 0.00000 0.00000 0.00000 0.00000 0.00000 0.00000 0.00000 0.00000 0.00000 0.00000
 0.00000 0.00000 0.00000 0.00000 0.00000 0.00000 0.00000 0.00000 0.00000 0.00000
 0.00000 0.00000 0.00000 0.00000 0.00000 0.00000 0.00000 0.00000 0.00000 0.00000
 0.00000 0.00000 0.00000 0.00000 0.00000 0.00000 0.00000 0.00000 0.00000 0.00000
 0.00000 0.00000 0.00000 0.00000 0.00000 0.00000 0.00000 0.00000 0.00000 0.00000
 0.00000 0.00000 0.00000 0.00000 0.00000 0.00000 0.00000 0.00000 0.00000 0.00000
 0.00000 0.00000 0.00000 0.00000 0.00000 0.00000 0.00000 0.00000 0.00000 0.00000
 0.00000 0.00000 0.00000 0.00000 0.00000 0.00000 0.00000 0.00000 0.00000 0.00000
 0.00000 0.00000 0.00000 0.00000 0.00000 0.00000 0.00000 0.00000 0.00000 0.00000
 0.00000 0.00000 0.00000 0.00000 0.00000 0.00000 0.00000 0.00000 0.00000 0.00000
 0.00000 0.00000 0.00000 0.00000 0.00000 0.00000 0.00000 0.00000 0.00000 0.00000
 0.00000 0.00000 0.00000 0.00000 0.00000 0.00000 0.00000 0.00000 0.00000 0.00000
 0.00000 0.00000 0.00000 0.00000 0.00000 0.00000 0.00000 0.00000 0.00000 0.00000
 0.00000 0.00000 0.00000 0.00000 0.00000 0.00000 0.00000 0.00000 0.00000 0.00000
 0.00000 0.00000 0.00000 0.00000 0.00000 0.00000 0.00000 0.00000 0.00000 0.00000
 0.00000 0.00000 0.00000 0.00000 0.00000
 == 10-th k-point orbital energies
 Spin up:
 -0.33658 -0.30164 -0.27533 -0.24522 -0.22598 -0.22011 -0.21916 -0.21254 -0.21104 -0.20921
 -0.20338 -0.19839 -0.19785 -0.19200 -0.19024 -0.18929 -0.18215 -0.18037 -0.18006 -0.17952
 -0.17652 -0.17593 -0.17567 -0.16883 -0.16644 -0.16411 -0.16335 -0.16201 -0.15985 -0.15935
 -0.15758 -0.15592 -0.15576 -0.15430 -0.15218 -0.15191 -0.15035 -0.15029 -0.14950 -0.14939
 -0.14754 -0.14299 -0.14207 -0.14007 -0.13806 -0.13678 -0.13516 -0.13460 -0.13311 -0.13057
 -0.12937 -0.12830 -0.12633 -0.12564 -0.12415 -0.12368 -0.12282 -0.11922 -0.11673 -0.11554
 -0.11394 -0.11314 -0.11131 -0.11111 -0.07833 -0.05708 -0.05642 -0.03754 -0.01704 -0.01500
 0.01204 0.05847 0.07589 0.08612 0.15512 0.17401 0.19320 0.20010 0.21172 0.23503
 0.25176 0.25339 0.27302 0.27894 0.30109 0.31753 0.32847 0.33837 0.35864 0.40252
 0.40907 0.41109 0.41858 0.42538 0.44560 0.49236 0.50022 0.50754 0.53128 0.53532
 0.54123 0.54706 0.57018 0.59218 0.60765 0.62068 0.63309 0.65021 0.65994 0.67496
 0.68093 0.68562 0.69492 0.72571 0.74686 0.77799 0.78157 0.79579 0.80490 0.82174
 0.83033 0.84022 0.85615 0.88733 0.89525 0.92893 0.93885 0.94308 0.96688 0.97734
 0.99228 1.01751 1.01903 1.04412 1.06062 1.07820 1.10823 1.11146 1.12637 1.13818
 1.15102 1.15130 1.16130 1.17279 1.17628 1.20443 1.23151 1.23545 1.25911 1.26366
 1.27838 1.28649 1.30345 1.31207 1.31270 1.32236 1.32245 1.34024 1.34645 1.34835
 1.36978 1.37669 1.38136 1.38260 1.39893 1.39936 1.41062 1.43248 1.43555 1.45929
 1.47554 1.47629 1.48121 1.50537 1.50910 1.52538 1.53037 1.55495 1.56602 1.58732
 1.60569 1.60979 1.61730 1.62375 1.64336 1.66212 1.67197 1.68712 1.69501 1.70659
 1.71153 1.71809 1.73007 1.73485 1.76975 1.77108 1.80513 1.80744 1.82764 1.83052
 1.83870 1.84048 1.84824 1.85615 1.86953 1.88056 1.89529 1.90015 1.90394 1.92254
 1.94498 1.95416 1.96507 1.96654 1.97594 1.99371 1.99822 2.01486 2.02066 2.02744
 2.02843 2.04275 2.06423 2.06693 2.08399 2.12034 2.12196 2.13187 2.13650 2.14402
 2.14589 2.15031 2.16492 2.16961 2.19466 2.21526 2.21852 2.22586 2.25053 2.25792
 2.25971 2.26596 2.27578 2.29488 2.30159 2.32325 2.33791 2.34269 2.35425 2.36506
 2.40605 2.45676 2.46543 2.47488 2.47644 2.50289 2.52514 2.56097 2.62960 2.63951
 2.65470 2.65978 2.66840 2.70354 2.71499 2.73277 2.73856 2.74941 2.79419 2.81067
 2.82002 2.84852 3.05970 3.07076 3.10872 3.13599 3.19863 3.20431 3.21963 3.23725
 3.27823 3.31034 3.33182 3.33231 3.36136 3.39014 3.40207 3.40488 3.41868 3.43097
 3.43673 3.43878 3.47088 3.50291 3.53608 3.53981 3.57293 3.70512 3.77333 3.88485
 4.03400 4.06261 4.08368 4.29803 4.30557
 Occupations: 
 1.00000 1.00000 1.00000 1.00000 1.00000 1.00000 1.00000 1.00000 1.00000 1.00000
 1.00000 1.00000 1.00000 1.00000 1.00000 1.00000 1.00000 1.00000 1.00000 1.00000
 1.00000 1.00000 1.00000 1.00000 1.00000 1.00000 1.00000 1.00000 1.00000 1.00000
 1.00000 1.00000 1.00000 1.00000 1.00000 1.00000 1.00000 1.00000 1.00000 1.00000
 1.00000 1.00000 1.00000 1.00000 1.00000 1.00000 1.00000 1.00000 1.00000 1.00000
 1.00000 1.00000 1.00000 1.00000 1.00000 1.00000 1.00000 1.00000 1.00000 1.00000
 1.00000 1.00000 1.00000 1.00000 1.00000 0.74824 0.60488 0.00000 0.00000 0.00000
 0.00000 0.00000 0.00000 0.00000 0.00000 0.00000 0.00000 0.00000 0.00000 0.00000
 0.00000 0.00000 0.00000 0.00000 0.00000 0.00000 0.00000 0.00000 0.00000 0.00000
 0.00000 0.00000 0.00000 0.00000 0.00000 0.00000 0.00000 0.00000 0.00000 0.00000
 0.00000 0.00000 0.00000 0.00000 0.00000 0.00000 0.00000 0.00000 0.00000 0.00000
 0.00000 0.00000 0.00000 0.00000 0.00000 0.00000 0.00000 0.00000 0.00000 0.00000
 0.00000 0.00000 0.00000 0.00000 0.00000 0.00000 0.00000 0.00000 0.00000 0.00000
 0.00000 0.00000 0.00000 0.00000 0.00000 0.00000 0.00000 0.00000 0.00000 0.00000
 0.00000 0.00000 0.00000 0.00000 0.00000 0.00000 0.00000 0.00000 0.00000 0.00000
 0.00000 0.00000 0.00000 0.00000 0.00000 0.00000 0.00000 0.00000 0.00000 0.00000
 0.00000 0.00000 0.00000 0.00000 0.00000 0.00000 0.00000 0.00000 0.00000 0.00000
 0.00000 0.00000 0.00000 0.00000 0.00000 0.00000 0.00000 0.00000 0.00000 0.00000
 0.00000 0.00000 0.00000 0.00000 0.00000 0.00000 0.00000 0.00000 0.00000 0.00000
 0.00000 0.00000 0.00000 0.00000 0.00000 0.00000 0.00000 0.00000 0.00000 0.00000
 0.00000 0.00000 0.00000 0.00000 0.00000 0.00000 0.00000 0.00000 0.00000 0.00000
 0.00000 0.00000 0.00000 0.00000 0.00000 0.00000 0.00000 0.00000 0.00000 0.00000
 0.00000 0.00000 0.00000 0.00000 0.00000 0.00000 0.00000 0.00000 0.00000 0.00000
 0.00000 0.00000 0.00000 0.00000 0.00000 0.00000 0.00000 0.00000 0.00000 0.00000
 0.00000 0.00000 0.00000 0.00000 0.00000 0.00000 0.00000 0.00000 0.00000 0.00000
 0.00000 0.00000 0.00000 0.00000 0.00000 0.00000 0.00000 0.00000 0.00000 0.00000
 0.00000 0.00000 0.00000 0.00000 0.00000 0.00000 0.00000 0.00000 0.00000 0.00000
 0.00000 0.00000 0.00000 0.00000 0.00000 0.00000 0.00000 0.00000 0.00000 0.00000
 0.00000 0.00000 0.00000 0.00000 0.00000 0.00000 0.00000 0.00000 0.00000 0.00000
 0.00000 0.00000 0.00000 0.00000 0.00000 0.00000 0.00000 0.00000 0.00000 0.00000
 0.00000 0.00000 0.00000 0.00000 0.00000
 Spin down:
 -0.33658 -0.30164 -0.27533 -0.24522 -0.22598 -0.22011 -0.21916 -0.21254 -0.21104 -0.20921
 -0.20338 -0.19839 -0.19785 -0.19200 -0.19024 -0.18929 -0.18215 -0.18037 -0.18006 -0.17952
 -0.17652 -0.17593 -0.17567 -0.16883 -0.16644 -0.16411 -0.16335 -0.16201 -0.15985 -0.15935
 -0.15758 -0.15592 -0.15576 -0.15430 -0.15218 -0.15191 -0.15035 -0.15029 -0.14950 -0.14939
 -0.14754 -0.14299 -0.14207 -0.14007 -0.13806 -0.13678 -0.13516 -0.13460 -0.13311 -0.13057
 -0.12937 -0.12830 -0.12633 -0.12564 -0.12415 -0.12368 -0.12282 -0.11922 -0.11673 -0.11554
 -0.11394 -0.11314 -0.11131 -0.11111 -0.07833 -0.05708 -0.05642 -0.03754 -0.01704 -0.01500
 0.01204 0.05847 0.07589 0.08612 0.15512 0.17401 0.19320 0.20010 0.21172 0.23503
 0.25176 0.25339 0.27302 0.27894 0.30109 0.31753 0.32847 0.33837 0.35864 0.40252
 0.40907 0.41109 0.41858 0.42538 0.44560 0.49236 0.50022 0.50754 0.53128 0.53532
 0.54123 0.54706 0.57018 0.59218 0.60765 0.62068 0.63309 0.65021 0.65994 0.67496
 0.68093 0.68562 0.69492 0.72571 0.74686 0.77799 0.78157 0.79579 0.80490 0.82174
 0.83033 0.84022 0.85615 0.88733 0.89525 0.92893 0.93885 0.94308 0.96688 0.97734
 0.99228 1.01751 1.01903 1.04412 1.06062 1.07820 1.10823 1.11146 1.12637 1.13818
 1.15102 1.15130 1.16130 1.17279 1.17628 1.20443 1.23151 1.23545 1.25911 1.26366
 1.27838 1.28649 1.30345 1.31207 1.31270 1.32236 1.32245 1.34024 1.34645 1.34835
 1.36978 1.37669 1.38136 1.38260 1.39893 1.39936 1.41062 1.43248 1.43555 1.45929
 1.47554 1.47629 1.48121 1.50537 1.50910 1.52538 1.53037 1.55495 1.56602 1.58732
 1.60569 1.60979 1.61730 1.62375 1.64336 1.66212 1.67197 1.68712 1.69501 1.70659
 1.71153 1.71809 1.73007 1.73485 1.76975 1.77108 1.80513 1.80744 1.82764 1.83052
 1.83870 1.84048 1.84824 1.85615 1.86953 1.88056 1.89529 1.90015 1.90394 1.92254
 1.94498 1.95416 1.96507 1.96654 1.97594 1.99371 1.99822 2.01486 2.02066 2.02744
 2.02843 2.04275 2.06423 2.06693 2.08399 2.12034 2.12196 2.13187 2.13650 2.14402
 2.14589 2.15031 2.16492 2.16961 2.19466 2.21526 2.21852 2.22586 2.25053 2.25792
 2.25971 2.26596 2.27578 2.29488 2.30159 2.32325 2.33791 2.34269 2.35425 2.36506
 2.40605 2.45676 2.46543 2.47488 2.47644 2.50289 2.52514 2.56097 2.62960 2.63951
 2.65470 2.65978 2.66840 2.70354 2.71499 2.73277 2.73856 2.74941 2.79419 2.81067
 2.82002 2.84852 3.05970 3.07076 3.10872 3.13599 3.19863 3.20431 3.21963 3.23725
 3.27823 3.31034 3.33182 3.33231 3.36136 3.39014 3.40207 3.40488 3.41868 3.43097
 3.43673 3.43878 3.47088 3.50291 3.53608 3.53981 3.57293 3.70512 3.77333 3.88485
 4.03400 4.06261 4.08368 4.29803 4.30557
 Occupations:
 1.00000 1.00000 1.00000 1.00000 1.00000 1.00000 1.00000 1.00000 1.00000 1.00000
 1.00000 1.00000 1.00000 1.00000 1.00000 1.00000 1.00000 1.00000 1.00000 1.00000
 1.00000 1.00000 1.00000 1.00000 1.00000 1.00000 1.00000 1.00000 1.00000 1.00000
 1.00000 1.00000 1.00000 1.00000 1.00000 1.00000 1.00000 1.00000 1.00000 1.00000
 1.00000 1.00000 1.00000 1.00000 1.00000 1.00000 1.00000 1.00000 1.00000 1.00000
 1.00000 1.00000 1.00000 1.00000 1.00000 1.00000 1.00000 1.00000 1.00000 1.00000
 1.00000 1.00000 1.00000 1.00000 1.00000 0.74866 0.60615 0.00000 0.00000 0.00000
 0.00000 0.00000 0.00000 0.00000 0.00000 0.00000 0.00000 0.00000 0.00000 0.00000
 0.00000 0.00000 0.00000 0.00000 0.00000 0.00000 0.00000 0.00000 0.00000 0.00000
 0.00000 0.00000 0.00000 0.00000 0.00000 0.00000 0.00000 0.00000 0.00000 0.00000
 0.00000 0.00000 0.00000 0.00000 0.00000 0.00000 0.00000 0.00000 0.00000 0.00000
 0.00000 0.00000 0.00000 0.00000 0.00000 0.00000 0.00000 0.00000 0.00000 0.00000
 0.00000 0.00000 0.00000 0.00000 0.00000 0.00000 0.00000 0.00000 0.00000 0.00000
 0.00000 0.00000 0.00000 0.00000 0.00000 0.00000 0.00000 0.00000 0.00000 0.00000
 0.00000 0.00000 0.00000 0.00000 0.00000 0.00000 0.00000 0.00000 0.00000 0.00000
 0.00000 0.00000 0.00000 0.00000 0.00000 0.00000 0.00000 0.00000 0.00000 0.00000
 0.00000 0.00000 0.00000 0.00000 0.00000 0.00000 0.00000 0.00000 0.00000 0.00000
 0.00000 0.00000 0.00000 0.00000 0.00000 0.00000 0.00000 0.00000 0.00000 0.00000
 0.00000 0.00000 0.00000 0.00000 0.00000 0.00000 0.00000 0.00000 0.00000 0.00000
 0.00000 0.00000 0.00000 0.00000 0.00000 0.00000 0.00000 0.00000 0.00000 0.00000
 0.00000 0.00000 0.00000 0.00000 0.00000 0.00000 0.00000 0.00000 0.00000 0.00000
 0.00000 0.00000 0.00000 0.00000 0.00000 0.00000 0.00000 0.00000 0.00000 0.00000
 0.00000 0.00000 0.00000 0.00000 0.00000 0.00000 0.00000 0.00000 0.00000 0.00000
 0.00000 0.00000 0.00000 0.00000 0.00000 0.00000 0.00000 0.00000 0.00000 0.00000
 0.00000 0.00000 0.00000 0.00000 0.00000 0.00000 0.00000 0.00000 0.00000 0.00000
 0.00000 0.00000 0.00000 0.00000 0.00000 0.00000 0.00000 0.00000 0.00000 0.00000
 0.00000 0.00000 0.00000 0.00000 0.00000 0.00000 0.00000 0.00000 0.00000 0.00000
 0.00000 0.00000 0.00000 0.00000 0.00000 0.00000 0.00000 0.00000 0.00000 0.00000
 0.00000 0.00000 0.00000 0.00000 0.00000 0.00000 0.00000 0.00000 0.00000 0.00000
 0.00000 0.00000 0.00000 0.00000 0.00000 0.00000 0.00000 0.00000 0.00000 0.00000
 0.00000 0.00000 0.00000 0.00000 0.00000
 == 11-th k-point orbital energies
 Spin up:
 -0.36669 -0.31709 -0.25887 -0.23928 -0.22932 -0.22574 -0.22527 -0.22157 -0.21931 -0.21489
 -0.20772 -0.20579 -0.20425 -0.20203 -0.20129 -0.19279 -0.18203 -0.18200 -0.17442 -0.17212
 -0.16957 -0.16858 -0.16838 -0.16660 -0.16439 -0.16375 -0.16252 -0.16048 -0.15961 -0.15888
 -0.15621 -0.15607 -0.15489 -0.15338 -0.15115 -0.15032 -0.14091 -0.14021 -0.13875 -0.13770
 -0.13654 -0.13524 -0.13423 -0.13357 -0.12957 -0.12754 -0.12654 -0.12550 -0.12323 -0.12220
 -0.12061 -0.12040 -0.11970 -0.11835 -0.11761 -0.11668 -0.11564 -0.11495 -0.11339 -0.11156
 -0.11108 -0.11037 -0.10815 -0.10193 -0.07747 -0.05948 -0.05607 -0.04443 -0.02323 -0.01623
 0.01944 0.03734 0.04130 0.10492 0.13817 0.14638 0.16452 0.16824 0.17074 0.17439
 0.22052 0.22069 0.22647 0.25640 0.28628 0.31238 0.33519 0.36115 0.37770 0.38212
 0.40044 0.41451 0.42977 0.46599 0.48026 0.48318 0.48547 0.51817 0.52285 0.57145
 0.57713 0.60023 0.61932 0.62494 0.65524 0.66473 0.68698 0.69597 0.69889 0.70349
 0.71131 0.71334 0.74956 0.76225 0.77347 0.78047 0.78643 0.79525 0.81228 0.82052
 0.82379 0.83360 0.86649 0.88981 0.90342 0.91193 0.92695 0.92748 0.93739 0.95326
 0.96663 0.99010 1.03978 1.04530 1.05164 1.05817 1.06457 1.07926 1.08610 1.11400
 1.11408 1.12603 1.14549 1.16454 1.17427 1.17723 1.19174 1.20069 1.21438 1.22188
 1.23362 1.23468 1.25174 1.26790 1.29028 1.30076 1.31900 1.33050 1.33272 1.35311
 1.35315 1.36306 1.36934 1.39374 1.41395 1.41828 1.44612 1.47284 1.49269 1.49339
 1.50073 1.50192 1.50954 1.52968 1.53535 1.56822 1.57324 1.57816 1.58761 1.61730
 1.62908 1.63062 1.67072 1.68553 1.68570 1.69794 1.72375 1.72472 1.75579 1.76593
 1.76611 1.79338 1.82771 1.83055 1.84919 1.85519 1.85940 1.86661 1.87274 1.87381
 1.88759 1.88780 1.89993 1.90093 1.90806 1.91948 1.93331 1.93564 1.94473 1.96793
 1.97531 1.98535 1.98911 2.00630 2.02377 2.04486 2.05675 2.06552 2.06831 2.07793
 2.08227 2.09022 2.09778 2.10291 2.10689 2.11489 2.11833 2.12194 2.14061 2.14301
 2.15557 2.15620 2.16627 2.19229 2.19277 2.20225 2.22419 2.24142 2.24176 2.26425
 2.26512 2.28432 2.28475 2.33147 2.33830 2.34967 2.38905 2.40126 2.41697 2.42249
 2.44218 2.44428 2.47022 2.52784 2.54725 2.57577 2.58902 2.60371 2.60819 2.62141
 2.62765 2.73835 2.74030 2.74696 2.75791 2.78000 2.81371 2.82024 2.83162 2.88085
 2.91351 2.91638 2.93590 2.98201 3.11675 3.14342 3.18950 3.20004 3.22752 3.31508
 3.31799 3.33992 3.34829 3.34856 3.35674 3.37752 3.38752 3.39355 3.40761 3.42038
 3.42630 3.43840 3.44694 3.46273 3.50521 3.52417 3.57002 3.59394 3.68172 3.84662
 3.96069 3.97471 4.09834 4.19492 4.27540
 Occupations: 
 1.00000 1.00000 1.00000 1.00000 1.00000 1.00000 1.00000 1.00000 1.00000 1.00000
 1.00000 1.00000 1.00000 1.00000 1.00000 1.00000 1.00000 1.00000 1.00000 1.00000
 1.00000 1.00000 1.00000 1.00000 1.00000 1.00000 1.00000 1.00000 1.00000 1.00000
 1.00000 1.00000 1.00000 1.00000 1.00000 1.00000 1.00000 1.00000 1.00000 1.00000
 1.00000 1.00000 1.00000 1.00000 1.00000 1.00000 1.00000 1.00000 1.00000 1.00000
 1.00000 1.00000 1.00000 1.00000 1.00000 1.00000 1.00000 1.00000 1.00000 1.00000
 1.00000 1.00000 1.00000 1.00000 1.00000 0.97050 0.52032 0.00001 0.00000 0.00000
 0.00000 0.00000 0.00000 0.00000 0.00000 0.00000 0.00000 0.00000 0.00000 0.00000
 0.00000 0.00000 0.00000 0.00000 0.00000 0.00000 0.00000 0.00000 0.00000 0.00000
 0.00000 0.00000 0.00000 0.00000 0.00000 0.00000 0.00000 0.00000 0.00000 0.00000
 0.00000 0.00000 0.00000 0.00000 0.00000 0.00000 0.00000 0.00000 0.00000 0.00000
 0.00000 0.00000 0.00000 0.00000 0.00000 0.00000 0.00000 0.00000 0.00000 0.00000
 0.00000 0.00000 0.00000 0.00000 0.00000 0.00000 0.00000 0.00000 0.00000 0.00000
 0.00000 0.00000 0.00000 0.00000 0.00000 0.00000 0.00000 0.00000 0.00000 0.00000
 0.00000 0.00000 0.00000 0.00000 0.00000 0.00000 0.00000 0.00000 0.00000 0.00000
 0.00000 0.00000 0.00000 0.00000 0.00000 0.00000 0.00000 0.00000 0.00000 0.00000
 0.00000 0.00000 0.00000 0.00000 0.00000 0.00000 0.00000 0.00000 0.00000 0.00000
 0.00000 0.00000 0.00000 0.00000 0.00000 0.00000 0.00000 0.00000 0.00000 0.00000
 0.00000 0.00000 0.00000 0.00000 0.00000 0.00000 0.00000 0.00000 0.00000 0.00000
 0.00000 0.00000 0.00000 0.00000 0.00000 0.00000 0.00000 0.00000 0.00000 0.00000
 0.00000 0.00000 0.00000 0.00000 0.00000 0.00000 0.00000 0.00000 0.00000 0.00000
 0.00000 0.00000 0.00000 0.00000 0.00000 0.00000 0.00000 0.00000 0.00000 0.00000
 0.00000 0.00000 0.00000 0.00000 0.00000 0.00000 0.00000 0.00000 0.00000 0.00000
 0.00000 0.00000 0.00000 0.00000 0.00000 0.00000 0.00000 0.00000 0.00000 0.00000
 0.00000 0.00000 0.00000 0.00000 0.00000 0.00000 0.00000 0.00000 0.00000 0.00000
 0.00000 0.00000 0.00000 0.00000 0.00000 0.00000 0.00000 0.00000 0.00000 0.00000
 0.00000 0.00000 0.00000 0.00000 0.00000 0.00000 0.00000 0.00000 0.00000 0.00000
 0.00000 0.00000 0.00000 0.00000 0.00000 0.00000 0.00000 0.00000 0.00000 0.00000
 0.00000 0.00000 0.00000 0.00000 0.00000 0.00000 0.00000 0.00000 0.00000 0.00000
 0.00000 0.00000 0.00000 0.00000 0.00000 0.00000 0.00000 0.00000 0.00000 0.00000
 0.00000 0.00000 0.00000 0.00000 0.00000
 Spin down:
 -0.36669 -0.31709 -0.25887 -0.23928 -0.22932 -0.22574 -0.22527 -0.22157 -0.21931 -0.21489
 -0.20772 -0.20579 -0.20425 -0.20203 -0.20129 -0.19279 -0.18203 -0.18200 -0.17442 -0.17212
 -0.16957 -0.16858 -0.16838 -0.16660 -0.16439 -0.16375 -0.16252 -0.16048 -0.15961 -0.15888
 -0.15621 -0.15607 -0.15489 -0.15338 -0.15115 -0.15032 -0.14091 -0.14021 -0.13875 -0.13770
 -0.13654 -0.13524 -0.13423 -0.13357 -0.12957 -0.12754 -0.12654 -0.12550 -0.12323 -0.12220
 -0.12061 -0.12040 -0.11970 -0.11835 -0.11761 -0.11668 -0.11564 -0.11495 -0.11339 -0.11156
 -0.11108 -0.11037 -0.10815 -0.10193 -0.07747 -0.05948 -0.05607 -0.04443 -0.02323 -0.01623
 0.01944 0.03734 0.04130 0.10492 0.13817 0.14638 0.16452 0.16824 0.17074 0.17439
 0.22052 0.22069 0.22647 0.25640 0.28628 0.31238 0.33519 0.36115 0.37770 0.38212
 0.40044 0.41451 0.42977 0.46599 0.48026 0.48318 0.48547 0.51817 0.52285 0.57145
 0.57713 0.60023 0.61932 0.62494 0.65524 0.66473 0.68698 0.69597 0.69889 0.70349
 0.71131 0.71334 0.74956 0.76225 0.77347 0.78047 0.78643 0.79525 0.81228 0.82052
 0.82379 0.83360 0.86649 0.88981 0.90342 0.91193 0.92695 0.92748 0.93739 0.95326
 0.96663 0.99010 1.03978 1.04530 1.05164 1.05817 1.06457 1.07926 1.08610 1.11400
 1.11408 1.12603 1.14549 1.16454 1.17427 1.17723 1.19174 1.20069 1.21438 1.22188
 1.23362 1.23468 1.25174 1.26790 1.29028 1.30076 1.31900 1.33050 1.33272 1.35311
 1.35315 1.36306 1.36934 1.39374 1.41395 1.41828 1.44612 1.47284 1.49269 1.49339
 1.50073 1.50192 1.50954 1.52968 1.53535 1.56822 1.57324 1.57816 1.58761 1.61730
 1.62908 1.63062 1.67072 1.68553 1.68570 1.69794 1.72375 1.72472 1.75579 1.76593
 1.76611 1.79338 1.82771 1.83055 1.84919 1.85519 1.85940 1.86661 1.87274 1.87381
 1.88759 1.88780 1.89993 1.90093 1.90806 1.91948 1.93331 1.93564 1.94473 1.96793
 1.97531 1.98535 1.98911 2.00630 2.02377 2.04486 2.05675 2.06552 2.06831 2.07793
 2.08227 2.09022 2.09778 2.10291 2.10689 2.11489 2.11833 2.12194 2.14061 2.14301
 2.15557 2.15620 2.16627 2.19229 2.19277 2.20225 2.22419 2.24142 2.24176 2.26425
 2.26512 2.28432 2.28475 2.33147 2.33830 2.34967 2.38905 2.40126 2.41697 2.42249
 2.44218 2.44428 2.47022 2.52784 2.54725 2.57577 2.58902 2.60371 2.60819 2.62141
 2.62765 2.73835 2.74030 2.74696 2.75791 2.78000 2.81371 2.82024 2.83162 2.88085
 2.91351 2.91638 2.93590 2.98201 3.11675 3.14342 3.18950 3.20004 3.22752 3.31508
 3.31799 3.33992 3.34829 3.34856 3.35674 3.37752 3.38752 3.39355 3.40761 3.42038
 3.42630 3.43840 3.44694 3.46273 3.50521 3.52417 3.57002 3.59394 3.68172 3.84662
 3.96069 3.97471 4.09834 4.19492 4.27540
 Occupations:
 1.00000 1.00000 1.00000 1.00000 1.00000 1.00000 1.00000 1.00000 1.00000 1.00000
 1.00000 1.00000 1.00000 1.00000 1.00000 1.00000 1.00000 1.00000 1.00000 1.00000
 1.00000 1.00000 1.00000 1.00000 1.00000 1.00000 1.00000 1.00000 1.00000 1.00000
 1.00000 1.00000 1.00000 1.00000 1.00000 1.00000 1.00000 1.00000 1.00000 1.00000
 1.00000 1.00000 1.00000 1.00000 1.00000 1.00000 1.00000 1.00000 1.00000 1.00000
 1.00000 1.00000 1.00000 1.00000 1.00000 1.00000 1.00000 1.00000 1.00000 1.00000
 1.00000 1.00000 1.00000 1.00000 1.00000 0.97057 0.52153 0.00001 0.00000 0.00000
 0.00000 0.00000 0.00000 0.00000 0.00000 0.00000 0.00000 0.00000 0.00000 0.00000
 0.00000 0.00000 0.00000 0.00000 0.00000 0.00000 0.00000 0.00000 0.00000 0.00000
 0.00000 0.00000 0.00000 0.00000 0.00000 0.00000 0.00000 0.00000 0.00000 0.00000
 0.00000 0.00000 0.00000 0.00000 0.00000 0.00000 0.00000 0.00000 0.00000 0.00000
 0.00000 0.00000 0.00000 0.00000 0.00000 0.00000 0.00000 0.00000 0.00000 0.00000
 0.00000 0.00000 0.00000 0.00000 0.00000 0.00000 0.00000 0.00000 0.00000 0.00000
 0.00000 0.00000 0.00000 0.00000 0.00000 0.00000 0.00000 0.00000 0.00000 0.00000
 0.00000 0.00000 0.00000 0.00000 0.00000 0.00000 0.00000 0.00000 0.00000 0.00000
 0.00000 0.00000 0.00000 0.00000 0.00000 0.00000 0.00000 0.00000 0.00000 0.00000
 0.00000 0.00000 0.00000 0.00000 0.00000 0.00000 0.00000 0.00000 0.00000 0.00000
 0.00000 0.00000 0.00000 0.00000 0.00000 0.00000 0.00000 0.00000 0.00000 0.00000
 0.00000 0.00000 0.00000 0.00000 0.00000 0.00000 0.00000 0.00000 0.00000 0.00000
 0.00000 0.00000 0.00000 0.00000 0.00000 0.00000 0.00000 0.00000 0.00000 0.00000
 0.00000 0.00000 0.00000 0.00000 0.00000 0.00000 0.00000 0.00000 0.00000 0.00000
 0.00000 0.00000 0.00000 0.00000 0.00000 0.00000 0.00000 0.00000 0.00000 0.00000
 0.00000 0.00000 0.00000 0.00000 0.00000 0.00000 0.00000 0.00000 0.00000 0.00000
 0.00000 0.00000 0.00000 0.00000 0.00000 0.00000 0.00000 0.00000 0.00000 0.00000
 0.00000 0.00000 0.00000 0.00000 0.00000 0.00000 0.00000 0.00000 0.00000 0.00000
 0.00000 0.00000 0.00000 0.00000 0.00000 0.00000 0.00000 0.00000 0.00000 0.00000
 0.00000 0.00000 0.00000 0.00000 0.00000 0.00000 0.00000 0.00000 0.00000 0.00000
 0.00000 0.00000 0.00000 0.00000 0.00000 0.00000 0.00000 0.00000 0.00000 0.00000
 0.00000 0.00000 0.00000 0.00000 0.00000 0.00000 0.00000 0.00000 0.00000 0.00000
 0.00000 0.00000 0.00000 0.00000 0.00000 0.00000 0.00000 0.00000 0.00000 0.00000
 0.00000 0.00000 0.00000 0.00000 0.00000
 == 12-th k-point orbital energies
 Spin up:
 -0.37774 -0.32531 -0.26448 -0.23488 -0.22857 -0.22851 -0.22740 -0.22329 -0.22323 -0.21762
 -0.20877 -0.20866 -0.20752 -0.20703 -0.20694 -0.19397 -0.18272 -0.18270 -0.17182 -0.17046
 -0.17045 -0.16845 -0.16655 -0.16444 -0.16444 -0.16168 -0.16165 -0.15913 -0.15786 -0.15780
 -0.15774 -0.15497 -0.15497 -0.15136 -0.15133 -0.14475 -0.13675 -0.13671 -0.13572 -0.13520
 -0.13519 -0.13190 -0.13189 -0.12560 -0.12499 -0.12498 -0.11923 -0.11918 -0.11915 -0.11800
 -0.11798 -0.11547 -0.11542 -0.11483 -0.11339 -0.11331 -0.11309 -0.11180 -0.10853 -0.10819
 -0.10620 -0.10604 -0.10585 -0.08640 -0.05633 -0.05341 -0.05341 -0.02897 -0.01137 -0.01136
 -0.00020 0.00325 0.00325 0.08849 0.12600 0.12602 0.15223 0.16091 0.16615 0.16616
 0.20238 0.20239 0.20773 0.23878 0.28377 0.30505 0.30505 0.32907 0.37555 0.37556
 0.42052 0.46061 0.46278 0.46279 0.46565 0.52777 0.52777 0.55193 0.55194 0.55734
 0.55917 0.60369 0.60370 0.67673 0.67673 0.68345 0.68782 0.69047 0.72862 0.72862
 0.75102 0.75908 0.75909 0.76994 0.77778 0.77778 0.80871 0.82725 0.82725 0.82975
 0.82975 0.83691 0.86084 0.86085 0.87462 0.87553 0.87553 0.89378 0.91336 0.96052
 0.96052 1.01813 1.01814 1.02184 1.05496 1.05497 1.07078 1.10680 1.10680 1.11854
 1.11854 1.12892 1.12894 1.13911 1.15487 1.17693 1.17693 1.19566 1.19567 1.23345
 1.23346 1.24608 1.26276 1.26276 1.27166 1.27167 1.27302 1.29845 1.31673 1.35789
 1.41364 1.41364 1.41691 1.45331 1.45331 1.45519 1.45892 1.45893 1.46558 1.46558
 1.47657 1.52771 1.55026 1.55026 1.56705 1.57674 1.57674 1.58041 1.63039 1.63040
 1.67263 1.67263 1.67513 1.67686 1.72957 1.72957 1.78020 1.78020 1.78877 1.80456
 1.84254 1.84254 1.86748 1.86748 1.87957 1.90765 1.91225 1.91226 1.92554 1.92555
 1.93209 1.95015 1.95015 1.95035 1.96703 1.96746 1.96747 1.99264 1.99264 1.99875
 2.01635 2.02536 2.02537 2.02829 2.04714 2.04714 2.05692 2.05693 2.06101 2.06311
 2.07279 2.07279 2.08910 2.08980 2.08981 2.09679 2.13513 2.13513 2.15431 2.15553
 2.15553 2.17292 2.17293 2.17395 2.18012 2.18012 2.19898 2.20834 2.20834 2.23549
 2.23549 2.27147 2.32257 2.32257 2.32301 2.35811 2.39029 2.39029 2.39936 2.43634
 2.43635 2.44664 2.52198 2.54238 2.54238 2.60081 2.60081 2.70430 2.70431 2.73372
 2.74616 2.74616 2.75058 2.76273 2.76274 2.78892 2.83621 2.88226 2.89119 2.89120
 2.92027 2.92578 2.95500 2.95502 2.99524 3.19545 3.25732 3.25736 3.25983 3.38794
 3.38799 3.41425 3.41849 3.41853 3.42249 3.42571 3.42576 3.43990 3.43991 3.44329
 3.44329 3.45042 3.45051 3.45131 3.52663 3.54201 3.54204 3.66955 3.66973 3.70809
 3.71707 3.71708 3.87433 4.11465 4.22604
 Occupations: 
 1.00000 1.00000 1.00000 1.00000 1.00000 1.00000 1.00000 1.00000 1.00000 1.00000
 1.00000 1.00000 1.00000 1.00000 1.00000 1.00000 1.00000 1.00000 1.00000 1.00000
 1.00000 1.00000 1.00000 1.00000 1.00000 1.00000 1.00000 1.00000 1.00000 1.00000
 1.00000 1.00000 1.00000 1.00000 1.00000 1.00000 1.00000 1.00000 1.00000 1.00000
 1.00000 1.00000 1.00000 1.00000 1.00000 1.00000 1.00000 1.00000 1.00000 1.00000
 1.00000 1.00000 1.00000 1.00000 1.00000 1.00000 1.00000 1.00000 1.00000 1.00000
 1.00000 1.00000 1.00000 1.00000 0.58401 0.07048 0.07016 0.00000 0.00000 0.00000
 0.00000 0.00000 0.00000 0.00000 0.00000 0.00000 0.00000 0.00000 0.00000 0.00000
 0.00000 0.00000 0.00000 0.00000 0.00000 0.00000 0.00000 0.00000 0.00000 0.00000
 0.00000 0.00000 0.00000 0.00000 0.00000 0.00000 0.00000 0.00000 0.00000 0.00000
 0.00000 0.00000 0.00000 0.00000 0.00000 0.00000 0.00000 0.00000 0.00000 0.00000
 0.00000 0.00000 0.00000 0.00000 0.00000 0.00000 0.00000 0.00000 0.00000 0.00000
 0.00000 0.00000 0.00000 0.00000 0.00000 0.00000 0.00000 0.00000 0.00000 0.00000
 0.00000 0.00000 0.00000 0.00000 0.00000 0.00000 0.00000 0.00000 0.00000 0.00000
 0.00000 0.00000 0.00000 0.00000 0.00000 0.00000 0.00000 0.00000 0.00000 0.00000
 0.00000 0.00000 0.00000 0.00000 0.00000 0.00000 0.00000 0.00000 0.00000 0.00000
 0.00000 0.00000 0.00000 0.00000 0.00000 0.00000 0.00000 0.00000 0.00000 0.00000
 0.00000 0.00000 0.00000 0.00000 0.00000 0.00000 0.00000 0.00000 0.00000 0.00000
 0.00000 0.00000 0.00000 0.00000 0.00000 0.00000 0.00000 0.00000 0.00000 0.00000
 0.00000 0.00000 0.00000 0.00000 0.00000 0.00000 0.00000 0.00000 0.00000 0.00000
 0.00000 0.00000 0.00000 0.00000 0.00000 0.00000 0.00000 0.00000 0.00000 0.00000
 0.00000 0.00000 0.00000 0.00000 0.00000 0.00000 0.00000 0.00000 0.00000 0.00000
 0.00000 0.00000 0.00000 0.00000 0.00000 0.00000 0.00000 0.00000 0.00000 0.00000
 0.00000 0.00000 0.00000 0.00000 0.00000 0.00000 0.00000 0.00000 0.00000 0.00000
 0.00000 0.00000 0.00000 0.00000 0.00000 0.00000 0.00000 0.00000 0.00000 0.00000
 0.00000 0.00000 0.00000 0.00000 0.00000 0.00000 0.00000 0.00000 0.00000 0.00000
 0.00000 0.00000 0.00000 0.00000 0.00000 0.00000 0.00000 0.00000 0.00000 0.00000
 0.00000 0.00000 0.00000 0.00000 0.00000 0.00000 0.00000 0.00000 0.00000 0.00000
 0.00000 0.00000 0.00000 0.00000 0.00000 0.00000 0.00000 0.00000 0.00000 0.00000
 0.00000 0.00000 0.00000 0.00000 0.00000 0.00000 0.00000 0.00000 0.00000 0.00000
 0.00000 0.00000 0.00000 0.00000 0.00000
 Spin down:
 -0.37774 -0.32531 -0.26448 -0.23488 -0.22857 -0.22851 -0.22740 -0.22329 -0.22323 -0.21762
 -0.20877 -0.20866 -0.20752 -0.20703 -0.20694 -0.19397 -0.18272 -0.18270 -0.17182 -0.17046
 -0.17045 -0.16845 -0.16655 -0.16444 -0.16444 -0.16168 -0.16165 -0.15913 -0.15786 -0.15780
 -0.15774 -0.15497 -0.15497 -0.15136 -0.15133 -0.14475 -0.13675 -0.13671 -0.13572 -0.13520
 -0.13519 -0.13190 -0.13189 -0.12560 -0.12499 -0.12498 -0.11923 -0.11918 -0.11915 -0.11800
 -0.11798 -0.11547 -0.11542 -0.11483 -0.11339 -0.11331 -0.11309 -0.11180 -0.10853 -0.10819
 -0.10620 -0.10604 -0.10585 -0.08640 -0.05633 -0.05341 -0.05341 -0.02897 -0.01137 -0.01136
 -0.00020 0.00325 0.00325 0.08849 0.12600 0.12602 0.15223 0.16091 0.16615 0.16616
 0.20238 0.20239 0.20773 0.23878 0.28377 0.30505 0.30505 0.32907 0.37555 0.37556
 0.42052 0.46061 0.46278 0.46279 0.46565 0.52777 0.52777 0.55193 0.55194 0.55734
 0.55917 0.60369 0.60370 0.67673 0.67673 0.68345 0.68782 0.69047 0.72862 0.72862
 0.75102 0.75908 0.75909 0.76994 0.77778 0.77778 0.80871 0.82725 0.82725 0.82975
 0.82975 0.83691 0.86084 0.86085 0.87462 0.87553 0.87553 0.89378 0.91336 0.96052
 0.96052 1.01813 1.01814 1.02184 1.05496 1.05497 1.07078 1.10680 1.10680 1.11854
 1.11854 1.12892 1.12894 1.13911 1.15487 1.17693 1.17693 1.19566 1.19567 1.23345
 1.23346 1.24608 1.26276 1.26276 1.27166 1.27167 1.27302 1.29845 1.31673 1.35789
 1.41364 1.41364 1.41691 1.45331 1.45331 1.45519 1.45892 1.45893 1.46558 1.46558
 1.47657 1.52771 1.55026 1.55026 1.56705 1.57674 1.57674 1.58041 1.63039 1.63040
 1.67263 1.67263 1.67513 1.67686 1.72957 1.72957 1.78020 1.78020 1.78877 1.80456
 1.84254 1.84254 1.86748 1.86748 1.87957 1.90765 1.91225 1.91226 1.92554 1.92555
 1.93209 1.95015 1.95015 1.95035 1.96703 1.96746 1.96747 1.99264 1.99264 1.99875
 2.01635 2.02536 2.02537 2.02829 2.04714 2.04714 2.05692 2.05693 2.06101 2.06311
 2.07279 2.07279 2.08910 2.08980 2.08981 2.09679 2.13513 2.13513 2.15431 2.15553
 2.15553 2.17292 2.17293 2.17395 2.18012 2.18012 2.19898 2.20834 2.20834 2.23549
 2.23549 2.27147 2.32257 2.32257 2.32301 2.35811 2.39029 2.39029 2.39936 2.43634
 2.43635 2.44664 2.52198 2.54238 2.54238 2.60081 2.60081 2.70430 2.70431 2.73372
 2.74616 2.74616 2.75058 2.76273 2.76274 2.78892 2.83621 2.88226 2.89119 2.89120
 2.92027 2.92578 2.95500 2.95502 2.99524 3.19545 3.25732 3.25736 3.25983 3.38794
 3.38799 3.41425 3.41849 3.41853 3.42249 3.42571 3.42576 3.43990 3.43991 3.44329
 3.44329 3.45042 3.45051 3.45131 3.52663 3.54201 3.54204 3.66955 3.66973 3.70809
 3.71707 3.71708 3.87433 4.11465 4.22604
 Occupations:
 1.00000 1.00000 1.00000 1.00000 1.00000 1.00000 1.00000 1.00000 1.00000 1.00000
 1.00000 1.00000 1.00000 1.00000 1.00000 1.00000 1.00000 1.00000 1.00000 1.00000
 1.00000 1.00000 1.00000 1.00000 1.00000 1.00000 1.00000 1.00000 1.00000 1.00000
 1.00000 1.00000 1.00000 1.00000 1.00000 1.00000 1.00000 1.00000 1.00000 1.00000
 1.00000 1.00000 1.00000 1.00000 1.00000 1.00000 1.00000 1.00000 1.00000 1.00000
 1.00000 1.00000 1.00000 1.00000 1.00000 1.00000 1.00000 1.00000 1.00000 1.00000
 1.00000 1.00000 1.00000 1.00000 0.58447 0.07072 0.07041 0.00000 0.00000 0.00000
 0.00000 0.00000 0.00000 0.00000 0.00000 0.00000 0.00000 0.00000 0.00000 0.00000
 0.00000 0.00000 0.00000 0.00000 0.00000 0.00000 0.00000 0.00000 0.00000 0.00000
 0.00000 0.00000 0.00000 0.00000 0.00000 0.00000 0.00000 0.00000 0.00000 0.00000
 0.00000 0.00000 0.00000 0.00000 0.00000 0.00000 0.00000 0.00000 0.00000 0.00000
 0.00000 0.00000 0.00000 0.00000 0.00000 0.00000 0.00000 0.00000 0.00000 0.00000
 0.00000 0.00000 0.00000 0.00000 0.00000 0.00000 0.00000 0.00000 0.00000 0.00000
 0.00000 0.00000 0.00000 0.00000 0.00000 0.00000 0.00000 0.00000 0.00000 0.00000
 0.00000 0.00000 0.00000 0.00000 0.00000 0.00000 0.00000 0.00000 0.00000 0.00000
 0.00000 0.00000 0.00000 0.00000 0.00000 0.00000 0.00000 0.00000 0.00000 0.00000
 0.00000 0.00000 0.00000 0.00000 0.00000 0.00000 0.00000 0.00000 0.00000 0.00000
 0.00000 0.00000 0.00000 0.00000 0.00000 0.00000 0.00000 0.00000 0.00000 0.00000
 0.00000 0.00000 0.00000 0.00000 0.00000 0.00000 0.00000 0.00000 0.00000 0.00000
 0.00000 0.00000 0.00000 0.00000 0.00000 0.00000 0.00000 0.00000 0.00000 0.00000
 0.00000 0.00000 0.00000 0.00000 0.00000 0.00000 0.00000 0.00000 0.00000 0.00000
 0.00000 0.00000 0.00000 0.00000 0.00000 0.00000 0.00000 0.00000 0.00000 0.00000
 0.00000 0.00000 0.00000 0.00000 0.00000 0.00000 0.00000 0.00000 0.00000 0.00000
 0.00000 0.00000 0.00000 0.00000 0.00000 0.00000 0.00000 0.00000 0.00000 0.00000
 0.00000 0.00000 0.00000 0.00000 0.00000 0.00000 0.00000 0.00000 0.00000 0.00000
 0.00000 0.00000 0.00000 0.00000 0.00000 0.00000 0.00000 0.00000 0.00000 0.00000
 0.00000 0.00000 0.00000 0.00000 0.00000 0.00000 0.00000 0.00000 0.00000 0.00000
 0.00000 0.00000 0.00000 0.00000 0.00000 0.00000 0.00000 0.00000 0.00000 0.00000
 0.00000 0.00000 0.00000 0.00000 0.00000 0.00000 0.00000 0.00000 0.00000 0.00000
 0.00000 0.00000 0.00000 0.00000 0.00000 0.00000 0.00000 0.00000 0.00000 0.00000
 0.00000 0.00000 0.00000 0.00000 0.00000
 == 13-th k-point orbital energies
 Spin up:
 -0.36669 -0.31709 -0.25887 -0.23928 -0.22932 -0.22574 -0.22527 -0.22157 -0.21931 -0.21489
 -0.20772 -0.20579 -0.20425 -0.20203 -0.20129 -0.19279 -0.18203 -0.18200 -0.17442 -0.17212
 -0.16957 -0.16858 -0.16838 -0.16660 -0.16439 -0.16375 -0.16252 -0.16048 -0.15961 -0.15888
 -0.15621 -0.15607 -0.15489 -0.15338 -0.15115 -0.15032 -0.14091 -0.14021 -0.13875 -0.13770
 -0.13654 -0.13524 -0.13423 -0.13357 -0.12957 -0.12754 -0.12654 -0.12550 -0.12323 -0.12220
 -0.12061 -0.12040 -0.11970 -0.11835 -0.11761 -0.11668 -0.11564 -0.11495 -0.11339 -0.11156
 -0.11108 -0.11037 -0.10815 -0.10193 -0.07747 -0.05948 -0.05607 -0.04443 -0.02323 -0.01623
 0.01944 0.03734 0.04130 0.10492 0.13817 0.14638 0.16452 0.16824 0.17074 0.17439
 0.22052 0.22069 0.22647 0.25640 0.28628 0.31238 0.33519 0.36115 0.37770 0.38212
 0.40044 0.41451 0.42977 0.46599 0.48026 0.48318 0.48547 0.51817 0.52285 0.57145
 0.57713 0.60023 0.61932 0.62494 0.65524 0.66473 0.68698 0.69597 0.69889 0.70349
 0.71131 0.71334 0.74956 0.76225 0.77347 0.78047 0.78643 0.79525 0.81228 0.82052
 0.82379 0.83360 0.86649 0.88981 0.90342 0.91193 0.92695 0.92748 0.93739 0.95326
 0.96663 0.99010 1.03978 1.04530 1.05164 1.05817 1.06457 1.07926 1.08610 1.11400
 1.11408 1.12603 1.14549 1.16454 1.17427 1.17723 1.19174 1.20069 1.21438 1.22188
 1.23362 1.23468 1.25174 1.26790 1.29028 1.30076 1.31900 1.33050 1.33272 1.35311
 1.35315 1.36306 1.36934 1.39374 1.41395 1.41828 1.44612 1.47284 1.49269 1.49339
 1.50073 1.50192 1.50954 1.52968 1.53535 1.56822 1.57324 1.57816 1.58761 1.61730
 1.62908 1.63062 1.67072 1.68553 1.68570 1.69794 1.72375 1.72472 1.75579 1.76593
 1.76611 1.79338 1.82771 1.83055 1.84919 1.85519 1.85940 1.86661 1.87274 1.87381
 1.88759 1.88780 1.89993 1.90093 1.90806 1.91948 1.93331 1.93564 1.94473 1.96793
 1.97531 1.98535 1.98911 2.00630 2.02377 2.04486 2.05675 2.06552 2.06831 2.07793
 2.08227 2.09022 2.09778 2.10291 2.10689 2.11489 2.11833 2.12194 2.14061 2.14301
 2.15557 2.15620 2.16627 2.19229 2.19277 2.20225 2.22419 2.24142 2.24176 2.26425
 2.26512 2.28432 2.28475 2.33147 2.33830 2.34967 2.38905 2.40126 2.41697 2.42249
 2.44218 2.44428 2.47022 2.52784 2.54725 2.57577 2.58902 2.60371 2.60819 2.62141
 2.62765 2.73835 2.74030 2.74696 2.75791 2.78000 2.81371 2.82024 2.83162 2.88085
 2.91351 2.91638 2.93590 2.98201 3.11675 3.14342 3.18950 3.20004 3.22752 3.31508
 3.31799 3.33992 3.34829 3.34856 3.35674 3.37752 3.38752 3.39355 3.40761 3.42038
 3.42630 3.43840 3.44694 3.46273 3.50521 3.52417 3.57002 3.59394 3.68172 3.84662
 3.96069 3.97471 4.09834 4.19492 4.27540
 Occupations: 
 1.00000 1.00000 1.00000 1.00000 1.00000 1.00000 1.00000 1.00000 1.00000 1.00000
 1.00000 1.00000 1.00000 1.00000 1.00000 1.00000 1.00000 1.00000 1.00000 1.00000
 1.00000 1.00000 1.00000 1.00000 1.00000 1.00000 1.00000 1.00000 1.00000 1.00000
 1.00000 1.00000 1.00000 1.00000 1.00000 1.00000 1.00000 1.00000 1.00000 1.00000
 1.00000 1.00000 1.00000 1.00000 1.00000 1.00000 1.00000 1.00000 1.00000 1.00000
 1.00000 1.00000 1.00000 1.00000 1.00000 1.00000 1.00000 1.00000 1.00000 1.00000
 1.00000 1.00000 1.00000 1.00000 1.00000 0.97050 0.52032 0.00001 0.00000 0.00000
 0.00000 0.00000 0.00000 0.00000 0.00000 0.00000 0.00000 0.00000 0.00000 0.00000
 0.00000 0.00000 0.00000 0.00000 0.00000 0.00000 0.00000 0.00000 0.00000 0.00000
 0.00000 0.00000 0.00000 0.00000 0.00000 0.00000 0.00000 0.00000 0.00000 0.00000
 0.00000 0.00000 0.00000 0.00000 0.00000 0.00000 0.00000 0.00000 0.00000 0.00000
 0.00000 0.00000 0.00000 0.00000 0.00000 0.00000 0.00000 0.00000 0.00000 0.00000
 0.00000 0.00000 0.00000 0.00000 0.00000 0.00000 0.00000 0.00000 0.00000 0.00000
 0.00000 0.00000 0.00000 0.00000 0.00000 0.00000 0.00000 0.00000 0.00000 0.00000
 0.00000 0.00000 0.00000 0.00000 0.00000 0.00000 0.00000 0.00000 0.00000 0.00000
 0.00000 0.00000 0.00000 0.00000 0.00000 0.00000 0.00000 0.00000 0.00000 0.00000
 0.00000 0.00000 0.00000 0.00000 0.00000 0.00000 0.00000 0.00000 0.00000 0.00000
 0.00000 0.00000 0.00000 0.00000 0.00000 0.00000 0.00000 0.00000 0.00000 0.00000
 0.00000 0.00000 0.00000 0.00000 0.00000 0.00000 0.00000 0.00000 0.00000 0.00000
 0.00000 0.00000 0.00000 0.00000 0.00000 0.00000 0.00000 0.00000 0.00000 0.00000
 0.00000 0.00000 0.00000 0.00000 0.00000 0.00000 0.00000 0.00000 0.00000 0.00000
 0.00000 0.00000 0.00000 0.00000 0.00000 0.00000 0.00000 0.00000 0.00000 0.00000
 0.00000 0.00000 0.00000 0.00000 0.00000 0.00000 0.00000 0.00000 0.00000 0.00000
 0.00000 0.00000 0.00000 0.00000 0.00000 0.00000 0.00000 0.00000 0.00000 0.00000
 0.00000 0.00000 0.00000 0.00000 0.00000 0.00000 0.00000 0.00000 0.00000 0.00000
 0.00000 0.00000 0.00000 0.00000 0.00000 0.00000 0.00000 0.00000 0.00000 0.00000
 0.00000 0.00000 0.00000 0.00000 0.00000 0.00000 0.00000 0.00000 0.00000 0.00000
 0.00000 0.00000 0.00000 0.00000 0.00000 0.00000 0.00000 0.00000 0.00000 0.00000
 0.00000 0.00000 0.00000 0.00000 0.00000 0.00000 0.00000 0.00000 0.00000 0.00000
 0.00000 0.00000 0.00000 0.00000 0.00000 0.00000 0.00000 0.00000 0.00000 0.00000
 0.00000 0.00000 0.00000 0.00000 0.00000
 Spin down:
 -0.36669 -0.31709 -0.25887 -0.23928 -0.22932 -0.22574 -0.22527 -0.22157 -0.21931 -0.21489
 -0.20772 -0.20579 -0.20425 -0.20203 -0.20129 -0.19279 -0.18203 -0.18200 -0.17442 -0.17212
 -0.16957 -0.16858 -0.16838 -0.16660 -0.16439 -0.16375 -0.16252 -0.16048 -0.15961 -0.15888
 -0.15621 -0.15607 -0.15489 -0.15338 -0.15115 -0.15032 -0.14091 -0.14021 -0.13875 -0.13770
 -0.13654 -0.13524 -0.13423 -0.13357 -0.12957 -0.12754 -0.12654 -0.12550 -0.12323 -0.12220
 -0.12061 -0.12040 -0.11970 -0.11835 -0.11761 -0.11668 -0.11564 -0.11495 -0.11339 -0.11156
 -0.11108 -0.11037 -0.10815 -0.10193 -0.07747 -0.05948 -0.05607 -0.04443 -0.02323 -0.01623
 0.01944 0.03734 0.04130 0.10492 0.13817 0.14638 0.16452 0.16824 0.17074 0.17439
 0.22052 0.22069 0.22647 0.25640 0.28628 0.31238 0.33519 0.36115 0.37770 0.38212
 0.40044 0.41451 0.42977 0.46599 0.48026 0.48318 0.48547 0.51817 0.52285 0.57145
 0.57713 0.60023 0.61932 0.62494 0.65524 0.66473 0.68698 0.69597 0.69889 0.70349
 0.71131 0.71334 0.74956 0.76225 0.77347 0.78047 0.78643 0.79525 0.81228 0.82052
 0.82379 0.83360 0.86649 0.88981 0.90342 0.91193 0.92695 0.92748 0.93739 0.95326
 0.96663 0.99010 1.03978 1.04530 1.05164 1.05817 1.06457 1.07926 1.08610 1.11400
 1.11408 1.12603 1.14549 1.16454 1.17427 1.17723 1.19174 1.20069 1.21438 1.22188
 1.23362 1.23468 1.25174 1.26790 1.29028 1.30076 1.31900 1.33050 1.33272 1.35311
 1.35315 1.36306 1.36934 1.39374 1.41395 1.41828 1.44612 1.47284 1.49269 1.49339
 1.50073 1.50192 1.50954 1.52968 1.53535 1.56822 1.57324 1.57816 1.58761 1.61730
 1.62908 1.63062 1.67072 1.68553 1.68570 1.69794 1.72375 1.72472 1.75579 1.76593
 1.76611 1.79338 1.82771 1.83055 1.84919 1.85519 1.85940 1.86661 1.87274 1.87381
 1.88759 1.88780 1.89993 1.90093 1.90806 1.91948 1.93331 1.93564 1.94473 1.96793
 1.97531 1.98535 1.98911 2.00630 2.02377 2.04486 2.05675 2.06552 2.06831 2.07793
 2.08227 2.09022 2.09778 2.10291 2.10689 2.11489 2.11833 2.12194 2.14061 2.14301
 2.15557 2.15620 2.16627 2.19229 2.19277 2.20225 2.22419 2.24142 2.24176 2.26425
 2.26512 2.28432 2.28475 2.33147 2.33830 2.34967 2.38905 2.40126 2.41697 2.42249
 2.44218 2.44428 2.47022 2.52784 2.54725 2.57577 2.58902 2.60371 2.60819 2.62141
 2.62765 2.73835 2.74030 2.74696 2.75791 2.78000 2.81371 2.82024 2.83162 2.88085
 2.91351 2.91638 2.93590 2.98201 3.11675 3.14342 3.18950 3.20004 3.22752 3.31508
 3.31799 3.33992 3.34829 3.34856 3.35674 3.37752 3.38752 3.39355 3.40761 3.42038
 3.42630 3.43840 3.44694 3.46273 3.50521 3.52417 3.57002 3.59394 3.68172 3.84662
 3.96069 3.97471 4.09834 4.19492 4.27540
 Occupations:
 1.00000 1.00000 1.00000 1.00000 1.00000 1.00000 1.00000 1.00000 1.00000 1.00000
 1.00000 1.00000 1.00000 1.00000 1.00000 1.00000 1.00000 1.00000 1.00000 1.00000
 1.00000 1.00000 1.00000 1.00000 1.00000 1.00000 1.00000 1.00000 1.00000 1.00000
 1.00000 1.00000 1.00000 1.00000 1.00000 1.00000 1.00000 1.00000 1.00000 1.00000
 1.00000 1.00000 1.00000 1.00000 1.00000 1.00000 1.00000 1.00000 1.00000 1.00000
 1.00000 1.00000 1.00000 1.00000 1.00000 1.00000 1.00000 1.00000 1.00000 1.00000
 1.00000 1.00000 1.00000 1.00000 1.00000 0.97057 0.52153 0.00001 0.00000 0.00000
 0.00000 0.00000 0.00000 0.00000 0.00000 0.00000 0.00000 0.00000 0.00000 0.00000
 0.00000 0.00000 0.00000 0.00000 0.00000 0.00000 0.00000 0.00000 0.00000 0.00000
 0.00000 0.00000 0.00000 0.00000 0.00000 0.00000 0.00000 0.00000 0.00000 0.00000
 0.00000 0.00000 0.00000 0.00000 0.00000 0.00000 0.00000 0.00000 0.00000 0.00000
 0.00000 0.00000 0.00000 0.00000 0.00000 0.00000 0.00000 0.00000 0.00000 0.00000
 0.00000 0.00000 0.00000 0.00000 0.00000 0.00000 0.00000 0.00000 0.00000 0.00000
 0.00000 0.00000 0.00000 0.00000 0.00000 0.00000 0.00000 0.00000 0.00000 0.00000
 0.00000 0.00000 0.00000 0.00000 0.00000 0.00000 0.00000 0.00000 0.00000 0.00000
 0.00000 0.00000 0.00000 0.00000 0.00000 0.00000 0.00000 0.00000 0.00000 0.00000
 0.00000 0.00000 0.00000 0.00000 0.00000 0.00000 0.00000 0.00000 0.00000 0.00000
 0.00000 0.00000 0.00000 0.00000 0.00000 0.00000 0.00000 0.00000 0.00000 0.00000
 0.00000 0.00000 0.00000 0.00000 0.00000 0.00000 0.00000 0.00000 0.00000 0.00000
 0.00000 0.00000 0.00000 0.00000 0.00000 0.00000 0.00000 0.00000 0.00000 0.00000
 0.00000 0.00000 0.00000 0.00000 0.00000 0.00000 0.00000 0.00000 0.00000 0.00000
 0.00000 0.00000 0.00000 0.00000 0.00000 0.00000 0.00000 0.00000 0.00000 0.00000
 0.00000 0.00000 0.00000 0.00000 0.00000 0.00000 0.00000 0.00000 0.00000 0.00000
 0.00000 0.00000 0.00000 0.00000 0.00000 0.00000 0.00000 0.00000 0.00000 0.00000
 0.00000 0.00000 0.00000 0.00000 0.00000 0.00000 0.00000 0.00000 0.00000 0.00000
 0.00000 0.00000 0.00000 0.00000 0.00000 0.00000 0.00000 0.00000 0.00000 0.00000
 0.00000 0.00000 0.00000 0.00000 0.00000 0.00000 0.00000 0.00000 0.00000 0.00000
 0.00000 0.00000 0.00000 0.00000 0.00000 0.00000 0.00000 0.00000 0.00000 0.00000
 0.00000 0.00000 0.00000 0.00000 0.00000 0.00000 0.00000 0.00000 0.00000 0.00000
 0.00000 0.00000 0.00000 0.00000 0.00000 0.00000 0.00000 0.00000 0.00000 0.00000
 0.00000 0.00000 0.00000 0.00000 0.00000
 == 14-th k-point orbital energies
 Spin up:
 -0.33658 -0.30164 -0.27533 -0.24522 -0.22598 -0.22011 -0.21916 -0.21254 -0.21104 -0.20921
 -0.20338 -0.19839 -0.19785 -0.19200 -0.19024 -0.18929 -0.18215 -0.18037 -0.18006 -0.17952
 -0.17652 -0.17593 -0.17567 -0.16883 -0.16644 -0.16411 -0.16335 -0.16201 -0.15985 -0.15935
 -0.15758 -0.15592 -0.15576 -0.15430 -0.15218 -0.15191 -0.15035 -0.15029 -0.14950 -0.14939
 -0.14754 -0.14299 -0.14207 -0.14007 -0.13806 -0.13678 -0.13516 -0.13460 -0.13311 -0.13057
 -0.12937 -0.12830 -0.12633 -0.12564 -0.12415 -0.12368 -0.12282 -0.11922 -0.11673 -0.11554
 -0.11394 -0.11314 -0.11131 -0.11111 -0.07833 -0.05708 -0.05642 -0.03754 -0.01704 -0.01500
 0.01204 0.05847 0.07589 0.08612 0.15512 0.17401 0.19320 0.20010 0.21172 0.23503
 0.25176 0.25339 0.27302 0.27894 0.30109 0.31753 0.32847 0.33837 0.35864 0.40252
 0.40907 0.41109 0.41858 0.42538 0.44560 0.49236 0.50022 0.50754 0.53128 0.53532
 0.54123 0.54706 0.57018 0.59218 0.60765 0.62068 0.63309 0.65021 0.65994 0.67496
 0.68093 0.68562 0.69492 0.72571 0.74686 0.77799 0.78157 0.79579 0.80490 0.82174
 0.83033 0.84022 0.85615 0.88733 0.89525 0.92893 0.93885 0.94308 0.96688 0.97734
 0.99228 1.01751 1.01903 1.04412 1.06062 1.07820 1.10823 1.11146 1.12637 1.13818
 1.15102 1.15130 1.16130 1.17279 1.17628 1.20443 1.23151 1.23545 1.25911 1.26366
 1.27838 1.28649 1.30345 1.31207 1.31270 1.32236 1.32245 1.34024 1.34645 1.34835
 1.36978 1.37669 1.38136 1.38260 1.39893 1.39936 1.41062 1.43248 1.43555 1.45929
 1.47554 1.47629 1.48121 1.50537 1.50910 1.52538 1.53037 1.55495 1.56602 1.58732
 1.60569 1.60979 1.61730 1.62375 1.64336 1.66212 1.67197 1.68712 1.69501 1.70659
 1.71153 1.71809 1.73007 1.73485 1.76975 1.77108 1.80513 1.80744 1.82764 1.83052
 1.83870 1.84048 1.84824 1.85615 1.86953 1.88056 1.89529 1.90015 1.90394 1.92254
 1.94498 1.95416 1.96507 1.96654 1.97594 1.99371 1.99822 2.01486 2.02066 2.02744
 2.02843 2.04275 2.06423 2.06693 2.08399 2.12034 2.12196 2.13187 2.13650 2.14402
 2.14589 2.15031 2.16492 2.16961 2.19466 2.21526 2.21852 2.22586 2.25053 2.25792
 2.25971 2.26596 2.27578 2.29488 2.30159 2.32325 2.33791 2.34269 2.35425 2.36506
 2.40605 2.45676 2.46543 2.47488 2.47644 2.50289 2.52514 2.56097 2.62960 2.63951
 2.65470 2.65978 2.66840 2.70354 2.71499 2.73277 2.73856 2.74941 2.79419 2.81067
 2.82002 2.84852 3.05970 3.07076 3.10872 3.13599 3.19863 3.20431 3.21963 3.23725
 3.27823 3.31034 3.33182 3.33231 3.36136 3.39014 3.40207 3.40488 3.41868 3.43097
 3.43673 3.43878 3.47088 3.50291 3.53608 3.53981 3.57293 3.70512 3.77333 3.88485
 4.03400 4.06261 4.08368 4.29803 4.30557
 Occupations: 
 1.00000 1.00000 1.00000 1.00000 1.00000 1.00000 1.00000 1.00000 1.00000 1.00000
 1.00000 1.00000 1.00000 1.00000 1.00000 1.00000 1.00000 1.00000 1.00000 1.00000
 1.00000 1.00000 1.00000 1.00000 1.00000 1.00000 1.00000 1.00000 1.00000 1.00000
 1.00000 1.00000 1.00000 1.00000 1.00000 1.00000 1.00000 1.00000 1.00000 1.00000
 1.00000 1.00000 1.00000 1.00000 1.00000 1.00000 1.00000 1.00000 1.00000 1.00000
 1.00000 1.00000 1.00000 1.00000 1.00000 1.00000 1.00000 1.00000 1.00000 1.00000
 1.00000 1.00000 1.00000 1.00000 1.00000 0.74824 0.60488 0.00000 0.00000 0.00000
 0.00000 0.00000 0.00000 0.00000 0.00000 0.00000 0.00000 0.00000 0.00000 0.00000
 0.00000 0.00000 0.00000 0.00000 0.00000 0.00000 0.00000 0.00000 0.00000 0.00000
 0.00000 0.00000 0.00000 0.00000 0.00000 0.00000 0.00000 0.00000 0.00000 0.00000
 0.00000 0.00000 0.00000 0.00000 0.00000 0.00000 0.00000 0.00000 0.00000 0.00000
 0.00000 0.00000 0.00000 0.00000 0.00000 0.00000 0.00000 0.00000 0.00000 0.00000
 0.00000 0.00000 0.00000 0.00000 0.00000 0.00000 0.00000 0.00000 0.00000 0.00000
 0.00000 0.00000 0.00000 0.00000 0.00000 0.00000 0.00000 0.00000 0.00000 0.00000
 0.00000 0.00000 0.00000 0.00000 0.00000 0.00000 0.00000 0.00000 0.00000 0.00000
 0.00000 0.00000 0.00000 0.00000 0.00000 0.00000 0.00000 0.00000 0.00000 0.00000
 0.00000 0.00000 0.00000 0.00000 0.00000 0.00000 0.00000 0.00000 0.00000 0.00000
 0.00000 0.00000 0.00000 0.00000 0.00000 0.00000 0.00000 0.00000 0.00000 0.00000
 0.00000 0.00000 0.00000 0.00000 0.00000 0.00000 0.00000 0.00000 0.00000 0.00000
 0.00000 0.00000 0.00000 0.00000 0.00000 0.00000 0.00000 0.00000 0.00000 0.00000
 0.00000 0.00000 0.00000 0.00000 0.00000 0.00000 0.00000 0.00000 0.00000 0.00000
 0.00000 0.00000 0.00000 0.00000 0.00000 0.00000 0.00000 0.00000 0.00000 0.00000
 0.00000 0.00000 0.00000 0.00000 0.00000 0.00000 0.00000 0.00000 0.00000 0.00000
 0.00000 0.00000 0.00000 0.00000 0.00000 0.00000 0.00000 0.00000 0.00000 0.00000
 0.00000 0.00000 0.00000 0.00000 0.00000 0.00000 0.00000 0.00000 0.00000 0.00000
 0.00000 0.00000 0.00000 0.00000 0.00000 0.00000 0.00000 0.00000 0.00000 0.00000
 0.00000 0.00000 0.00000 0.00000 0.00000 0.00000 0.00000 0.00000 0.00000 0.00000
 0.00000 0.00000 0.00000 0.00000 0.00000 0.00000 0.00000 0.00000 0.00000 0.00000
 0.00000 0.00000 0.00000 0.00000 0.00000 0.00000 0.00000 0.00000 0.00000 0.00000
 0.00000 0.00000 0.00000 0.00000 0.00000 0.00000 0.00000 0.00000 0.00000 0.00000
 0.00000 0.00000 0.00000 0.00000 0.00000
 Spin down:
 -0.33658 -0.30164 -0.27533 -0.24522 -0.22598 -0.22011 -0.21916 -0.21254 -0.21104 -0.20921
 -0.20338 -0.19839 -0.19785 -0.19200 -0.19024 -0.18929 -0.18215 -0.18037 -0.18006 -0.17952
 -0.17652 -0.17593 -0.17567 -0.16883 -0.16644 -0.16411 -0.16335 -0.16201 -0.15985 -0.15935
 -0.15758 -0.15592 -0.15576 -0.15430 -0.15218 -0.15191 -0.15035 -0.15029 -0.14950 -0.14939
 -0.14754 -0.14299 -0.14207 -0.14007 -0.13806 -0.13678 -0.13516 -0.13460 -0.13311 -0.13057
 -0.12937 -0.12830 -0.12633 -0.12564 -0.12415 -0.12368 -0.12282 -0.11922 -0.11673 -0.11554
 -0.11394 -0.11314 -0.11131 -0.11111 -0.07833 -0.05708 -0.05642 -0.03754 -0.01704 -0.01500
 0.01204 0.05847 0.07589 0.08612 0.15512 0.17401 0.19320 0.20010 0.21172 0.23503
 0.25176 0.25339 0.27302 0.27894 0.30109 0.31753 0.32847 0.33837 0.35864 0.40252
 0.40907 0.41109 0.41858 0.42538 0.44560 0.49236 0.50022 0.50754 0.53128 0.53532
 0.54123 0.54706 0.57018 0.59218 0.60765 0.62068 0.63309 0.65021 0.65994 0.67496
 0.68093 0.68562 0.69492 0.72571 0.74686 0.77799 0.78157 0.79579 0.80490 0.82174
 0.83033 0.84022 0.85615 0.88733 0.89525 0.92893 0.93885 0.94308 0.96688 0.97734
 0.99228 1.01751 1.01903 1.04412 1.06062 1.07820 1.10823 1.11146 1.12637 1.13818
 1.15102 1.15130 1.16130 1.17279 1.17628 1.20443 1.23151 1.23545 1.25911 1.26366
 1.27838 1.28649 1.30345 1.31207 1.31270 1.32236 1.32245 1.34024 1.34645 1.34835
 1.36978 1.37669 1.38136 1.38260 1.39893 1.39936 1.41062 1.43248 1.43555 1.45929
 1.47554 1.47629 1.48121 1.50537 1.50910 1.52538 1.53037 1.55495 1.56602 1.58732
 1.60569 1.60979 1.61730 1.62375 1.64336 1.66212 1.67197 1.68712 1.69501 1.70659
 1.71153 1.71809 1.73007 1.73485 1.76975 1.77108 1.80513 1.80744 1.82764 1.83052
 1.83870 1.84048 1.84824 1.85615 1.86953 1.88056 1.89529 1.90015 1.90394 1.92254
 1.94498 1.95416 1.96507 1.96654 1.97594 1.99371 1.99822 2.01486 2.02066 2.02744
 2.02843 2.04275 2.06423 2.06693 2.08399 2.12034 2.12196 2.13187 2.13650 2.14402
 2.14589 2.15031 2.16492 2.16961 2.19466 2.21526 2.21852 2.22586 2.25053 2.25792
 2.25971 2.26596 2.27578 2.29488 2.30159 2.32325 2.33791 2.34269 2.35425 2.36506
 2.40605 2.45676 2.46543 2.47488 2.47644 2.50289 2.52514 2.56097 2.62960 2.63951
 2.65470 2.65978 2.66840 2.70354 2.71499 2.73277 2.73856 2.74941 2.79419 2.81067
 2.82002 2.84852 3.05970 3.07076 3.10872 3.13599 3.19863 3.20431 3.21963 3.23725
 3.27823 3.31034 3.33182 3.33231 3.36136 3.39014 3.40207 3.40488 3.41868 3.43097
 3.43673 3.43878 3.47088 3.50291 3.53608 3.53981 3.57293 3.70512 3.77333 3.88485
 4.03400 4.06261 4.08368 4.29803 4.30557
 Occupations:
 1.00000 1.00000 1.00000 1.00000 1.00000 1.00000 1.00000 1.00000 1.00000 1.00000
 1.00000 1.00000 1.00000 1.00000 1.00000 1.00000 1.00000 1.00000 1.00000 1.00000
 1.00000 1.00000 1.00000 1.00000 1.00000 1.00000 1.00000 1.00000 1.00000 1.00000
 1.00000 1.00000 1.00000 1.00000 1.00000 1.00000 1.00000 1.00000 1.00000 1.00000
 1.00000 1.00000 1.00000 1.00000 1.00000 1.00000 1.00000 1.00000 1.00000 1.00000
 1.00000 1.00000 1.00000 1.00000 1.00000 1.00000 1.00000 1.00000 1.00000 1.00000
 1.00000 1.00000 1.00000 1.00000 1.00000 0.74866 0.60615 0.00000 0.00000 0.00000
 0.00000 0.00000 0.00000 0.00000 0.00000 0.00000 0.00000 0.00000 0.00000 0.00000
 0.00000 0.00000 0.00000 0.00000 0.00000 0.00000 0.00000 0.00000 0.00000 0.00000
 0.00000 0.00000 0.00000 0.00000 0.00000 0.00000 0.00000 0.00000 0.00000 0.00000
 0.00000 0.00000 0.00000 0.00000 0.00000 0.00000 0.00000 0.00000 0.00000 0.00000
 0.00000 0.00000 0.00000 0.00000 0.00000 0.00000 0.00000 0.00000 0.00000 0.00000
 0.00000 0.00000 0.00000 0.00000 0.00000 0.00000 0.00000 0.00000 0.00000 0.00000
 0.00000 0.00000 0.00000 0.00000 0.00000 0.00000 0.00000 0.00000 0.00000 0.00000
 0.00000 0.00000 0.00000 0.00000 0.00000 0.00000 0.00000 0.00000 0.00000 0.00000
 0.00000 0.00000 0.00000 0.00000 0.00000 0.00000 0.00000 0.00000 0.00000 0.00000
 0.00000 0.00000 0.00000 0.00000 0.00000 0.00000 0.00000 0.00000 0.00000 0.00000
 0.00000 0.00000 0.00000 0.00000 0.00000 0.00000 0.00000 0.00000 0.00000 0.00000
 0.00000 0.00000 0.00000 0.00000 0.00000 0.00000 0.00000 0.00000 0.00000 0.00000
 0.00000 0.00000 0.00000 0.00000 0.00000 0.00000 0.00000 0.00000 0.00000 0.00000
 0.00000 0.00000 0.00000 0.00000 0.00000 0.00000 0.00000 0.00000 0.00000 0.00000
 0.00000 0.00000 0.00000 0.00000 0.00000 0.00000 0.00000 0.00000 0.00000 0.00000
 0.00000 0.00000 0.00000 0.00000 0.00000 0.00000 0.00000 0.00000 0.00000 0.00000
 0.00000 0.00000 0.00000 0.00000 0.00000 0.00000 0.00000 0.00000 0.00000 0.00000
 0.00000 0.00000 0.00000 0.00000 0.00000 0.00000 0.00000 0.00000 0.00000 0.00000
 0.00000 0.00000 0.00000 0.00000 0.00000 0.00000 0.00000 0.00000 0.00000 0.00000
 0.00000 0.00000 0.00000 0.00000 0.00000 0.00000 0.00000 0.00000 0.00000 0.00000
 0.00000 0.00000 0.00000 0.00000 0.00000 0.00000 0.00000 0.00000 0.00000 0.00000
 0.00000 0.00000 0.00000 0.00000 0.00000 0.00000 0.00000 0.00000 0.00000 0.00000
 0.00000 0.00000 0.00000 0.00000 0.00000 0.00000 0.00000 0.00000 0.00000 0.00000
 0.00000 0.00000 0.00000 0.00000 0.00000
 == 15-th k-point orbital energies
 Spin up:
 -0.31975 -0.29559 -0.27991 -0.25182 -0.23720 -0.22483 -0.21474 -0.20358 -0.20288 -0.20169
 -0.19941 -0.19400 -0.19307 -0.19196 -0.19128 -0.18588 -0.18531 -0.18382 -0.18308 -0.18216
 -0.17949 -0.17430 -0.17347 -0.16982 -0.16913 -0.16851 -0.16748 -0.16653 -0.16547 -0.16373
 -0.16259 -0.16099 -0.15759 -0.15697 -0.15557 -0.15468 -0.15339 -0.15273 -0.15070 -0.14875
 -0.14493 -0.14302 -0.14044 -0.13985 -0.13810 -0.13630 -0.13501 -0.13445 -0.13378 -0.13045
 -0.12885 -0.12835 -0.12641 -0.12370 -0.12290 -0.12271 -0.12025 -0.12001 -0.11858 -0.11681
 -0.11529 -0.11494 -0.11423 -0.11181 -0.10171 -0.08465 -0.05579 -0.03826 -0.00053 0.02016
 0.04415 0.06264 0.07246 0.11702 0.12479 0.13340 0.16637 0.20110 0.22036 0.22843
 0.25555 0.26853 0.29276 0.30707 0.32239 0.34400 0.36106 0.36431 0.38363 0.39307
 0.41354 0.42304 0.42839 0.44557 0.45387 0.45764 0.47127 0.47866 0.49319 0.50059
 0.50985 0.56046 0.57041 0.58018 0.58901 0.59488 0.59942 0.63750 0.64424 0.66824
 0.67853 0.69144 0.71156 0.72156 0.74631 0.76326 0.77724 0.78273 0.78793 0.84134
 0.85812 0.86775 0.87257 0.87717 0.90821 0.93595 0.93698 0.95466 0.97937 0.98507
 0.98955 1.01018 1.02233 1.04578 1.04798 1.05389 1.08404 1.08884 1.10409 1.12903
 1.13268 1.13872 1.16620 1.17819 1.19068 1.19115 1.19743 1.22102 1.24216 1.25408
 1.26894 1.27640 1.28316 1.29568 1.31296 1.32417 1.33191 1.33654 1.35402 1.38008
 1.41786 1.42300 1.43472 1.43835 1.44067 1.44691 1.45320 1.46261 1.46845 1.46965
 1.51351 1.51489 1.52284 1.52634 1.53420 1.54134 1.55742 1.57126 1.58197 1.58545
 1.58940 1.59316 1.60833 1.61547 1.63554 1.64239 1.65045 1.65419 1.65811 1.66359
 1.66898 1.71881 1.72588 1.73287 1.73803 1.74144 1.75949 1.76471 1.77146 1.77996
 1.78595 1.79847 1.81580 1.81780 1.82742 1.84910 1.85937 1.86226 1.86710 1.87523
 1.88192 1.88591 1.88974 1.93008 1.94875 1.97158 1.97622 1.97849 1.99199 2.00930
 2.02262 2.03385 2.03695 2.05335 2.06019 2.07166 2.08193 2.09928 2.11486 2.12261
 2.13931 2.15215 2.15759 2.17373 2.17934 2.20925 2.22610 2.23467 2.24110 2.26759
 2.28712 2.29746 2.30518 2.32465 2.33436 2.35099 2.35794 2.36676 2.37059 2.38057
 2.39229 2.39743 2.41542 2.42650 2.48635 2.50531 2.52139 2.56034 2.56197 2.58100
 2.62082 2.62616 2.64923 2.66305 2.66725 2.67049 2.82373 2.82972 2.89997 2.94905
 2.96633 2.99560 3.01350 3.10156 3.15048 3.16988 3.19889 3.21864 3.22549 3.25055
 3.28958 3.30237 3.31203 3.32304 3.32573 3.35177 3.36528 3.36885 3.37420 3.38002
 3.40090 3.41611 3.47445 3.52188 3.54836 3.56936 3.62345 3.69816 3.73044 3.82308
 3.89291 4.03079 4.27429 4.30906 4.31033
 Occupations: 
 1.00000 1.00000 1.00000 1.00000 1.00000 1.00000 1.00000 1.00000 1.00000 1.00000
 1.00000 1.00000 1.00000 1.00000 1.00000 1.00000 1.00000 1.00000 1.00000 1.00000
 1.00000 1.00000 1.00000 1.00000 1.00000 1.00000 1.00000 1.00000 1.00000 1.00000
 1.00000 1.00000 1.00000 1.00000 1.00000 1.00000 1.00000 1.00000 1.00000 1.00000
 1.00000 1.00000 1.00000 1.00000 1.00000 1.00000 1.00000 1.00000 1.00000 1.00000
 1.00000 1.00000 1.00000 1.00000 1.00000 1.00000 1.00000 1.00000 1.00000 1.00000
 1.00000 1.00000 1.00000 1.00000 1.00000 1.00000 0.45112 0.00000 0.00000 0.00000
 0.00000 0.00000 0.00000 0.00000 0.00000 0.00000 0.00000 0.00000 0.00000 0.00000
 0.00000 0.00000 0.00000 0.00000 0.00000 0.00000 0.00000 0.00000 0.00000 0.00000
 0.00000 0.00000 0.00000 0.00000 0.00000 0.00000 0.00000 0.00000 0.00000 0.00000
 0.00000 0.00000 0.00000 0.00000 0.00000 0.00000 0.00000 0.00000 0.00000 0.00000
 0.00000 0.00000 0.00000 0.00000 0.00000 0.00000 0.00000 0.00000 0.00000 0.00000
 0.00000 0.00000 0.00000 0.00000 0.00000 0.00000 0.00000 0.00000 0.00000 0.00000
 0.00000 0.00000 0.00000 0.00000 0.00000 0.00000 0.00000 0.00000 0.00000 0.00000
 0.00000 0.00000 0.00000 0.00000 0.00000 0.00000 0.00000 0.00000 0.00000 0.00000
 0.00000 0.00000 0.00000 0.00000 0.00000 0.00000 0.00000 0.00000 0.00000 0.00000
 0.00000 0.00000 0.00000 0.00000 0.00000 0.00000 0.00000 0.00000 0.00000 0.00000
 0.00000 0.00000 0.00000 0.00000 0.00000 0.00000 0.00000 0.00000 0.00000 0.00000
 0.00000 0.00000 0.00000 0.00000 0.00000 0.00000 0.00000 0.00000 0.00000 0.00000
 0.00000 0.00000 0.00000 0.00000 0.00000 0.00000 0.00000 0.00000 0.00000 0.00000
 0.00000 0.00000 0.00000 0.00000 0.00000 0.00000 0.00000 0.00000 0.00000 0.00000
 0.00000 0.00000 0.00000 0.00000 0.00000 0.00000 0.00000 0.00000 0.00000 0.00000
 0.00000 0.00000 0.00000 0.00000 0.00000 0.00000 0.00000 0.00000 0.00000 0.00000
 0.00000 0.00000 0.00000 0.00000 0.00000 0.00000 0.00000 0.00000 0.00000 0.00000
 0.00000 0.00000 0.00000 0.00000 0.00000 0.00000 0.00000 0.00000 0.00000 0.00000
 0.00000 0.00000 0.00000 0.00000 0.00000 0.00000 0.00000 0.00000 0.00000 0.00000
 0.00000 0.00000 0.00000 0.00000 0.00000 0.00000 0.00000 0.00000 0.00000 0.00000
 0.00000 0.00000 0.00000 0.00000 0.00000 0.00000 0.00000 0.00000 0.00000 0.00000
 0.00000 0.00000 0.00000 0.00000 0.00000 0.00000 0.00000 0.00000 0.00000 0.00000
 0.00000 0.00000 0.00000 0.00000 0.00000 0.00000 0.00000 0.00000 0.00000 0.00000
 0.00000 0.00000 0.00000 0.00000 0.00000
 Spin down:
 -0.31975 -0.29559 -0.27991 -0.25182 -0.23720 -0.22483 -0.21474 -0.20358 -0.20288 -0.20169
 -0.19941 -0.19400 -0.19307 -0.19196 -0.19128 -0.18588 -0.18531 -0.18382 -0.18308 -0.18216
 -0.17949 -0.17430 -0.17347 -0.16982 -0.16913 -0.16851 -0.16748 -0.16653 -0.16547 -0.16373
 -0.16259 -0.16099 -0.15759 -0.15697 -0.15557 -0.15468 -0.15339 -0.15273 -0.15070 -0.14875
 -0.14493 -0.14302 -0.14044 -0.13985 -0.13810 -0.13630 -0.13501 -0.13445 -0.13378 -0.13045
 -0.12885 -0.12835 -0.12641 -0.12370 -0.12290 -0.12271 -0.12025 -0.12001 -0.11858 -0.11681
 -0.11529 -0.11494 -0.11423 -0.11181 -0.10171 -0.08465 -0.05579 -0.03826 -0.00053 0.02016
 0.04415 0.06264 0.07246 0.11702 0.12479 0.13340 0.16637 0.20110 0.22036 0.22843
 0.25555 0.26853 0.29276 0.30707 0.32239 0.34400 0.36106 0.36431 0.38363 0.39307
 0.41354 0.42304 0.42839 0.44557 0.45387 0.45764 0.47127 0.47866 0.49319 0.50059
 0.50985 0.56046 0.57041 0.58018 0.58901 0.59488 0.59942 0.63750 0.64424 0.66824
 0.67853 0.69144 0.71156 0.72156 0.74631 0.76326 0.77724 0.78273 0.78793 0.84134
 0.85812 0.86775 0.87257 0.87717 0.90821 0.93595 0.93698 0.95466 0.97937 0.98507
 0.98955 1.01018 1.02233 1.04578 1.04798 1.05389 1.08404 1.08884 1.10409 1.12903
 1.13268 1.13872 1.16620 1.17819 1.19068 1.19115 1.19743 1.22102 1.24216 1.25408
 1.26894 1.27640 1.28316 1.29568 1.31296 1.32417 1.33191 1.33654 1.35402 1.38008
 1.41786 1.42300 1.43472 1.43835 1.44067 1.44691 1.45320 1.46261 1.46845 1.46965
 1.51351 1.51489 1.52284 1.52634 1.53420 1.54134 1.55742 1.57126 1.58197 1.58545
 1.58940 1.59316 1.60833 1.61547 1.63554 1.64239 1.65045 1.65419 1.65811 1.66359
 1.66898 1.71881 1.72588 1.73287 1.73803 1.74144 1.75949 1.76471 1.77146 1.77996
 1.78595 1.79847 1.81580 1.81780 1.82742 1.84910 1.85937 1.86226 1.86710 1.87523
 1.88192 1.88591 1.88974 1.93008 1.94875 1.97158 1.97622 1.97849 1.99199 2.00930
 2.02262 2.03385 2.03695 2.05335 2.06019 2.07166 2.08193 2.09928 2.11486 2.12261
 2.13931 2.15215 2.15759 2.17373 2.17934 2.20925 2.22610 2.23467 2.24110 2.26759
 2.28712 2.29746 2.30518 2.32465 2.33436 2.35099 2.35794 2.36676 2.37059 2.38057
 2.39229 2.39743 2.41542 2.42650 2.48635 2.50531 2.52139 2.56034 2.56197 2.58100
 2.62082 2.62616 2.64923 2.66305 2.66725 2.67049 2.82373 2.82972 2.89997 2.94905
 2.96633 2.99560 3.01350 3.10156 3.15048 3.16988 3.19889 3.21864 3.22549 3.25055
 3.28958 3.30237 3.31203 3.32304 3.32573 3.35177 3.36528 3.36885 3.37420 3.38002
 3.40090 3.41611 3.47445 3.52188 3.54836 3.56936 3.62345 3.69816 3.73044 3.82308
 3.89291 4.03079 4.27429 4.30906 4.31033
 Occupations:
 1.00000 1.00000 1.00000 1.00000 1.00000 1.00000 1.00000 1.00000 1.00000 1.00000
 1.00000 1.00000 1.00000 1.00000 1.00000 1.00000 1.00000 1.00000 1.00000 1.00000
 1.00000 1.00000 1.00000 1.00000 1.00000 1.00000 1.00000 1.00000 1.00000 1.00000
 1.00000 1.00000 1.00000 1.00000 1.00000 1.00000 1.00000 1.00000 1.00000 1.00000
 1.00000 1.00000 1.00000 1.00000 1.00000 1.00000 1.00000 1.00000 1.00000 1.00000
 1.00000 1.00000 1.00000 1.00000 1.00000 1.00000 1.00000 1.00000 1.00000 1.00000
 1.00000 1.00000 1.00000 1.00000 1.00000 1.00000 0.45187 0.00000 0.00000 0.00000
 0.00000 0.00000 0.00000 0.00000 0.00000 0.00000 0.00000 0.00000 0.00000 0.00000
 0.00000 0.00000 0.00000 0.00000 0.00000 0.00000 0.00000 0.00000 0.00000 0.00000
 0.00000 0.00000 0.00000 0.00000 0.00000 0.00000 0.00000 0.00000 0.00000 0.00000
 0.00000 0.00000 0.00000 0.00000 0.00000 0.00000 0.00000 0.00000 0.00000 0.00000
 0.00000 0.00000 0.00000 0.00000 0.00000 0.00000 0.00000 0.00000 0.00000 0.00000
 0.00000 0.00000 0.00000 0.00000 0.00000 0.00000 0.00000 0.00000 0.00000 0.00000
 0.00000 0.00000 0.00000 0.00000 0.00000 0.00000 0.00000 0.00000 0.00000 0.00000
 0.00000 0.00000 0.00000 0.00000 0.00000 0.00000 0.00000 0.00000 0.00000 0.00000
 0.00000 0.00000 0.00000 0.00000 0.00000 0.00000 0.00000 0.00000 0.00000 0.00000
 0.00000 0.00000 0.00000 0.00000 0.00000 0.00000 0.00000 0.00000 0.00000 0.00000
 0.00000 0.00000 0.00000 0.00000 0.00000 0.00000 0.00000 0.00000 0.00000 0.00000
 0.00000 0.00000 0.00000 0.00000 0.00000 0.00000 0.00000 0.00000 0.00000 0.00000
 0.00000 0.00000 0.00000 0.00000 0.00000 0.00000 0.00000 0.00000 0.00000 0.00000
 0.00000 0.00000 0.00000 0.00000 0.00000 0.00000 0.00000 0.00000 0.00000 0.00000
 0.00000 0.00000 0.00000 0.00000 0.00000 0.00000 0.00000 0.00000 0.00000 0.00000
 0.00000 0.00000 0.00000 0.00000 0.00000 0.00000 0.00000 0.00000 0.00000 0.00000
 0.00000 0.00000 0.00000 0.00000 0.00000 0.00000 0.00000 0.00000 0.00000 0.00000
 0.00000 0.00000 0.00000 0.00000 0.00000 0.00000 0.00000 0.00000 0.00000 0.00000
 0.00000 0.00000 0.00000 0.00000 0.00000 0.00000 0.00000 0.00000 0.00000 0.00000
 0.00000 0.00000 0.00000 0.00000 0.00000 0.00000 0.00000 0.00000 0.00000 0.00000
 0.00000 0.00000 0.00000 0.00000 0.00000 0.00000 0.00000 0.00000 0.00000 0.00000
 0.00000 0.00000 0.00000 0.00000 0.00000 0.00000 0.00000 0.00000 0.00000 0.00000
 0.00000 0.00000 0.00000 0.00000 0.00000 0.00000 0.00000 0.00000 0.00000 0.00000
 0.00000 0.00000 0.00000 0.00000 0.00000
 == 16-th k-point orbital energies
 Spin up:
 -0.34579 -0.30417 -0.25387 -0.24955 -0.24265 -0.22101 -0.22056 -0.21377 -0.21199 -0.20777
 -0.20252 -0.20205 -0.19874 -0.19423 -0.19330 -0.18996 -0.18193 -0.18118 -0.17976 -0.17882
 -0.17412 -0.17362 -0.17073 -0.16937 -0.16701 -0.16550 -0.16295 -0.16166 -0.16067 -0.15931
 -0.15802 -0.15691 -0.15544 -0.15359 -0.15281 -0.15024 -0.14798 -0.14712 -0.14610 -0.14447
 -0.14316 -0.14275 -0.14095 -0.13950 -0.13796 -0.13529 -0.13419 -0.13234 -0.13207 -0.13032
 -0.12789 -0.12501 -0.12452 -0.12253 -0.12158 -0.11901 -0.11784 -0.11741 -0.11620 -0.11495
 -0.11460 -0.11381 -0.10548 -0.10365 -0.09370 -0.08032 -0.07519 -0.02123 0.00740 0.01209
 0.01478 0.03290 0.05906 0.10900 0.13822 0.13999 0.18402 0.18715 0.21686 0.21959
 0.22128 0.27175 0.27821 0.28352 0.29501 0.31496 0.33348 0.35275 0.36518 0.38093
 0.40046 0.41279 0.43197 0.43771 0.45034 0.49963 0.50735 0.51145 0.52040 0.54063
 0.55909 0.56399 0.56709 0.58277 0.59937 0.61335 0.63686 0.64935 0.65680 0.66550
 0.68235 0.72512 0.73017 0.74344 0.75991 0.78699 0.80238 0.81347 0.82426 0.82858
 0.83307 0.84094 0.85919 0.89156 0.90636 0.91812 0.92310 0.92642 0.94719 0.97594
 0.98301 1.00274 1.01058 1.03842 1.04268 1.05769 1.08128 1.09806 1.11104 1.12243
 1.13298 1.15544 1.16694 1.17345 1.18544 1.19521 1.20209 1.22238 1.24347 1.24619
 1.24924 1.26254 1.26923 1.29387 1.30670 1.31215 1.32530 1.33680 1.34203 1.34875
 1.37542 1.38760 1.39534 1.40324 1.41405 1.43033 1.43893 1.44070 1.46337 1.46669
 1.47333 1.47827 1.48097 1.48911 1.50339 1.52755 1.54773 1.57338 1.59680 1.62127
 1.63006 1.64469 1.65014 1.65942 1.66600 1.67583 1.69756 1.70373 1.70601 1.71410
 1.72425 1.72468 1.74363 1.74541 1.76092 1.76635 1.77806 1.80653 1.81563 1.81987
 1.82443 1.83967 1.84254 1.84828 1.86348 1.87190 1.88520 1.89607 1.91404 1.93432
 1.94030 1.95619 1.96125 1.96786 1.98798 1.99205 2.00430 2.01048 2.01783 2.02834
 2.03709 2.04191 2.07177 2.08948 2.10333 2.11519 2.12598 2.13249 2.14226 2.15523
 2.16280 2.16940 2.17816 2.18104 2.21235 2.21476 2.22142 2.23112 2.23667 2.24078
 2.25559 2.26935 2.27496 2.29853 2.32191 2.33273 2.35561 2.36722 2.38566 2.38742
 2.39415 2.41784 2.46304 2.46668 2.48318 2.50483 2.52471 2.53681 2.59377 2.60967
 2.61406 2.69492 2.70307 2.70741 2.73593 2.75087 2.79263 2.83661 2.85063 2.89808
 2.90268 2.93281 2.97302 2.98552 3.08822 3.18730 3.23116 3.25628 3.26524 3.28306
 3.30716 3.31740 3.32261 3.33665 3.36055 3.36248 3.36657 3.36748 3.37794 3.38995
 3.40251 3.43621 3.47415 3.49027 3.51514 3.55886 3.66676 3.67374 3.70017 3.72088
 3.87930 4.06315 4.25506 4.26311 4.30165
 Occupations: 
 1.00000 1.00000 1.00000 1.00000 1.00000 1.00000 1.00000 1.00000 1.00000 1.00000
 1.00000 1.00000 1.00000 1.00000 1.00000 1.00000 1.00000 1.00000 1.00000 1.00000
 1.00000 1.00000 1.00000 1.00000 1.00000 1.00000 1.00000 1.00000 1.00000 1.00000
 1.00000 1.00000 1.00000 1.00000 1.00000 1.00000 1.00000 1.00000 1.00000 1.00000
 1.00000 1.00000 1.00000 1.00000 1.00000 1.00000 1.00000 1.00000 1.00000 1.00000
 1.00000 1.00000 1.00000 1.00000 1.00000 1.00000 1.00000 1.00000 1.00000 1.00000
 1.00000 1.00000 1.00000 1.00000 1.00000 1.00000 1.00000 0.00000 0.00000 0.00000
 0.00000 0.00000 0.00000 0.00000 0.00000 0.00000 0.00000 0.00000 0.00000 0.00000
 0.00000 0.00000 0.00000 0.00000 0.00000 0.00000 0.00000 0.00000 0.00000 0.00000
 0.00000 0.00000 0.00000 0.00000 0.00000 0.00000 0.00000 0.00000 0.00000 0.00000
 0.00000 0.00000 0.00000 0.00000 0.00000 0.00000 0.00000 0.00000 0.00000 0.00000
 0.00000 0.00000 0.00000 0.00000 0.00000 0.00000 0.00000 0.00000 0.00000 0.00000
 0.00000 0.00000 0.00000 0.00000 0.00000 0.00000 0.00000 0.00000 0.00000 0.00000
 0.00000 0.00000 0.00000 0.00000 0.00000 0.00000 0.00000 0.00000 0.00000 0.00000
 0.00000 0.00000 0.00000 0.00000 0.00000 0.00000 0.00000 0.00000 0.00000 0.00000
 0.00000 0.00000 0.00000 0.00000 0.00000 0.00000 0.00000 0.00000 0.00000 0.00000
 0.00000 0.00000 0.00000 0.00000 0.00000 0.00000 0.00000 0.00000 0.00000 0.00000
 0.00000 0.00000 0.00000 0.00000 0.00000 0.00000 0.00000 0.00000 0.00000 0.00000
 0.00000 0.00000 0.00000 0.00000 0.00000 0.00000 0.00000 0.00000 0.00000 0.00000
 0.00000 0.00000 0.00000 0.00000 0.00000 0.00000 0.00000 0.00000 0.00000 0.00000
 0.00000 0.00000 0.00000 0.00000 0.00000 0.00000 0.00000 0.00000 0.00000 0.00000
 0.00000 0.00000 0.00000 0.00000 0.00000 0.00000 0.00000 0.00000 0.00000 0.00000
 0.00000 0.00000 0.00000 0.00000 0.00000 0.00000 0.00000 0.00000 0.00000 0.00000
 0.00000 0.00000 0.00000 0.00000 0.00000 0.00000 0.00000 0.00000 0.00000 0.00000
 0.00000 0.00000 0.00000 0.00000 0.00000 0.00000 0.00000 0.00000 0.00000 0.00000
 0.00000 0.00000 0.00000 0.00000 0.00000 0.00000 0.00000 0.00000 0.00000 0.00000
 0.00000 0.00000 0.00000 0.00000 0.00000 0.00000 0.00000 0.00000 0.00000 0.00000
 0.00000 0.00000 0.00000 0.00000 0.00000 0.00000 0.00000 0.00000 0.00000 0.00000
 0.00000 0.00000 0.00000 0.00000 0.00000 0.00000 0.00000 0.00000 0.00000 0.00000
 0.00000 0.00000 0.00000 0.00000 0.00000 0.00000 0.00000 0.00000 0.00000 0.00000
 0.00000 0.00000 0.00000 0.00000 0.00000
 Spin down:
 -0.34579 -0.30417 -0.25387 -0.24955 -0.24265 -0.22101 -0.22056 -0.21377 -0.21199 -0.20777
 -0.20252 -0.20205 -0.19874 -0.19423 -0.19330 -0.18996 -0.18193 -0.18118 -0.17976 -0.17882
 -0.17412 -0.17362 -0.17073 -0.16937 -0.16701 -0.16550 -0.16295 -0.16166 -0.16067 -0.15931
 -0.15802 -0.15691 -0.15544 -0.15359 -0.15281 -0.15024 -0.14798 -0.14712 -0.14610 -0.14447
 -0.14316 -0.14275 -0.14095 -0.13950 -0.13796 -0.13529 -0.13419 -0.13234 -0.13207 -0.13032
 -0.12789 -0.12501 -0.12452 -0.12253 -0.12158 -0.11901 -0.11784 -0.11741 -0.11620 -0.11495
 -0.11460 -0.11381 -0.10548 -0.10365 -0.09370 -0.08032 -0.07519 -0.02123 0.00740 0.01209
 0.01478 0.03290 0.05906 0.10900 0.13822 0.13999 0.18402 0.18715 0.21686 0.21959
 0.22128 0.27175 0.27821 0.28352 0.29501 0.31496 0.33348 0.35275 0.36518 0.38093
 0.40046 0.41279 0.43197 0.43771 0.45034 0.49963 0.50735 0.51145 0.52040 0.54063
 0.55909 0.56399 0.56709 0.58277 0.59937 0.61335 0.63686 0.64935 0.65680 0.66550
 0.68235 0.72512 0.73017 0.74344 0.75991 0.78699 0.80238 0.81347 0.82426 0.82858
 0.83307 0.84094 0.85919 0.89156 0.90636 0.91812 0.92310 0.92642 0.94719 0.97594
 0.98301 1.00274 1.01058 1.03842 1.04268 1.05769 1.08128 1.09806 1.11104 1.12243
 1.13298 1.15544 1.16694 1.17345 1.18544 1.19521 1.20209 1.22238 1.24347 1.24619
 1.24924 1.26254 1.26923 1.29387 1.30670 1.31215 1.32530 1.33680 1.34203 1.34875
 1.37542 1.38760 1.39534 1.40324 1.41405 1.43033 1.43893 1.44070 1.46337 1.46669
 1.47333 1.47827 1.48097 1.48911 1.50339 1.52755 1.54773 1.57338 1.59680 1.62127
 1.63006 1.64469 1.65014 1.65942 1.66600 1.67583 1.69756 1.70373 1.70601 1.71410
 1.72425 1.72468 1.74363 1.74541 1.76092 1.76635 1.77806 1.80653 1.81563 1.81987
 1.82443 1.83967 1.84254 1.84828 1.86348 1.87190 1.88520 1.89607 1.91404 1.93432
 1.94030 1.95619 1.96125 1.96786 1.98798 1.99205 2.00430 2.01048 2.01783 2.02834
 2.03709 2.04191 2.07177 2.08948 2.10333 2.11519 2.12598 2.13249 2.14226 2.15523
 2.16280 2.16940 2.17816 2.18104 2.21235 2.21476 2.22142 2.23112 2.23667 2.24078
 2.25559 2.26935 2.27496 2.29853 2.32191 2.33273 2.35561 2.36722 2.38566 2.38742
 2.39415 2.41784 2.46304 2.46668 2.48318 2.50483 2.52471 2.53681 2.59377 2.60967
 2.61406 2.69492 2.70307 2.70741 2.73593 2.75087 2.79263 2.83661 2.85063 2.89808
 2.90268 2.93281 2.97302 2.98552 3.08822 3.18730 3.23116 3.25628 3.26524 3.28306
 3.30716 3.31740 3.32261 3.33665 3.36055 3.36248 3.36657 3.36748 3.37794 3.38995
 3.40251 3.43621 3.47415 3.49027 3.51514 3.55886 3.66676 3.67374 3.70017 3.72088
 3.87930 4.06315 4.25506 4.26311 4.30165
 Occupations:
 1.00000 1.00000 1.00000 1.00000 1.00000 1.00000 1.00000 1.00000 1.00000 1.00000
 1.00000 1.00000 1.00000 1.00000 1.00000 1.00000 1.00000 1.00000 1.00000 1.00000
 1.00000 1.00000 1.00000 1.00000 1.00000 1.00000 1.00000 1.00000 1.00000 1.00000
 1.00000 1.00000 1.00000 1.00000 1.00000 1.00000 1.00000 1.00000 1.00000 1.00000
 1.00000 1.00000 1.00000 1.00000 1.00000 1.00000 1.00000 1.00000 1.00000 1.00000
 1.00000 1.00000 1.00000 1.00000 1.00000 1.00000 1.00000 1.00000 1.00000 1.00000
 1.00000 1.00000 1.00000 1.00000 1.00000 1.00000 1.00000 0.00000 0.00000 0.00000
 0.00000 0.00000 0.00000 0.00000 0.00000 0.00000 0.00000 0.00000 0.00000 0.00000
 0.00000 0.00000 0.00000 0.00000 0.00000 0.00000 0.00000 0.00000 0.00000 0.00000
 0.00000 0.00000 0.00000 0.00000 0.00000 0.00000 0.00000 0.00000 0.00000 0.00000
 0.00000 0.00000 0.00000 0.00000 0.00000 0.00000 0.00000 0.00000 0.00000 0.00000
 0.00000 0.00000 0.00000 0.00000 0.00000 0.00000 0.00000 0.00000 0.00000 0.00000
 0.00000 0.00000 0.00000 0.00000 0.00000 0.00000 0.00000 0.00000 0.00000 0.00000
 0.00000 0.00000 0.00000 0.00000 0.00000 0.00000 0.00000 0.00000 0.00000 0.00000
 0.00000 0.00000 0.00000 0.00000 0.00000 0.00000 0.00000 0.00000 0.00000 0.00000
 0.00000 0.00000 0.00000 0.00000 0.00000 0.00000 0.00000 0.00000 0.00000 0.00000
 0.00000 0.00000 0.00000 0.00000 0.00000 0.00000 0.00000 0.00000 0.00000 0.00000
 0.00000 0.00000 0.00000 0.00000 0.00000 0.00000 0.00000 0.00000 0.00000 0.00000
 0.00000 0.00000 0.00000 0.00000 0.00000 0.00000 0.00000 0.00000 0.00000 0.00000
 0.00000 0.00000 0.00000 0.00000 0.00000 0.00000 0.00000 0.00000 0.00000 0.00000
 0.00000 0.00000 0.00000 0.00000 0.00000 0.00000 0.00000 0.00000 0.00000 0.00000
 0.00000 0.00000 0.00000 0.00000 0.00000 0.00000 0.00000 0.00000 0.00000 0.00000
 0.00000 0.00000 0.00000 0.00000 0.00000 0.00000 0.00000 0.00000 0.00000 0.00000
 0.00000 0.00000 0.00000 0.00000 0.00000 0.00000 0.00000 0.00000 0.00000 0.00000
 0.00000 0.00000 0.00000 0.00000 0.00000 0.00000 0.00000 0.00000 0.00000 0.00000
 0.00000 0.00000 0.00000 0.00000 0.00000 0.00000 0.00000 0.00000 0.00000 0.00000
 0.00000 0.00000 0.00000 0.00000 0.00000 0.00000 0.00000 0.00000 0.00000 0.00000
 0.00000 0.00000 0.00000 0.00000 0.00000 0.00000 0.00000 0.00000 0.00000 0.00000
 0.00000 0.00000 0.00000 0.00000 0.00000 0.00000 0.00000 0.00000 0.00000 0.00000
 0.00000 0.00000 0.00000 0.00000 0.00000 0.00000 0.00000 0.00000 0.00000 0.00000
 0.00000 0.00000 0.00000 0.00000 0.00000
 == 17-th k-point orbital energies
 Spin up:
 -0.36669 -0.31709 -0.25887 -0.23928 -0.22932 -0.22574 -0.22527 -0.22157 -0.21931 -0.21489
 -0.20772 -0.20579 -0.20425 -0.20203 -0.20129 -0.19279 -0.18203 -0.18200 -0.17442 -0.17212
 -0.16957 -0.16858 -0.16838 -0.16660 -0.16439 -0.16375 -0.16252 -0.16048 -0.15961 -0.15888
 -0.15621 -0.15607 -0.15489 -0.15338 -0.15115 -0.15032 -0.14091 -0.14021 -0.13875 -0.13770
 -0.13654 -0.13524 -0.13423 -0.13357 -0.12957 -0.12754 -0.12654 -0.12550 -0.12323 -0.12220
 -0.12061 -0.12040 -0.11970 -0.11835 -0.11761 -0.11668 -0.11564 -0.11495 -0.11339 -0.11156
 -0.11108 -0.11037 -0.10815 -0.10193 -0.07747 -0.05948 -0.05607 -0.04443 -0.02323 -0.01623
 0.01944 0.03734 0.04130 0.10492 0.13817 0.14638 0.16452 0.16824 0.17074 0.17439
 0.22052 0.22069 0.22647 0.25640 0.28628 0.31238 0.33519 0.36115 0.37770 0.38212
 0.40044 0.41451 0.42977 0.46599 0.48026 0.48318 0.48547 0.51817 0.52285 0.57145
 0.57713 0.60023 0.61932 0.62494 0.65524 0.66473 0.68698 0.69597 0.69889 0.70349
 0.71131 0.71334 0.74956 0.76225 0.77347 0.78047 0.78643 0.79525 0.81228 0.82052
 0.82379 0.83360 0.86649 0.88981 0.90342 0.91193 0.92695 0.92748 0.93739 0.95326
 0.96663 0.99010 1.03978 1.04530 1.05164 1.05817 1.06457 1.07926 1.08610 1.11400
 1.11408 1.12603 1.14549 1.16454 1.17427 1.17723 1.19174 1.20069 1.21438 1.22188
 1.23362 1.23468 1.25174 1.26790 1.29028 1.30076 1.31900 1.33050 1.33272 1.35311
 1.35315 1.36306 1.36934 1.39374 1.41395 1.41828 1.44612 1.47284 1.49269 1.49339
 1.50073 1.50192 1.50954 1.52968 1.53535 1.56822 1.57324 1.57816 1.58761 1.61730
 1.62908 1.63062 1.67072 1.68553 1.68570 1.69794 1.72375 1.72472 1.75579 1.76593
 1.76611 1.79338 1.82771 1.83055 1.84919 1.85519 1.85940 1.86661 1.87274 1.87381
 1.88759 1.88780 1.89993 1.90093 1.90806 1.91948 1.93331 1.93564 1.94473 1.96793
 1.97531 1.98535 1.98911 2.00630 2.02377 2.04486 2.05675 2.06552 2.06831 2.07793
 2.08227 2.09022 2.09778 2.10291 2.10689 2.11489 2.11833 2.12194 2.14061 2.14301
 2.15557 2.15620 2.16627 2.19229 2.19277 2.20225 2.22419 2.24142 2.24176 2.26425
 2.26512 2.28432 2.28475 2.33147 2.33830 2.34967 2.38905 2.40126 2.41697 2.42249
 2.44218 2.44428 2.47022 2.52784 2.54725 2.57577 2.58902 2.60371 2.60819 2.62141
 2.62765 2.73835 2.74030 2.74696 2.75791 2.78000 2.81371 2.82024 2.83162 2.88085
 2.91351 2.91638 2.93590 2.98201 3.11675 3.14342 3.18950 3.20004 3.22752 3.31508
 3.31799 3.33992 3.34829 3.34856 3.35674 3.37752 3.38752 3.39355 3.40761 3.42038
 3.42630 3.43840 3.44694 3.46273 3.50521 3.52417 3.57002 3.59394 3.68172 3.84662
 3.96069 3.97471 4.09834 4.19492 4.27540
 Occupations: 
 1.00000 1.00000 1.00000 1.00000 1.00000 1.00000 1.00000 1.00000 1.00000 1.00000
 1.00000 1.00000 1.00000 1.00000 1.00000 1.00000 1.00000 1.00000 1.00000 1.00000
 1.00000 1.00000 1.00000 1.00000 1.00000 1.00000 1.00000 1.00000 1.00000 1.00000
 1.00000 1.00000 1.00000 1.00000 1.00000 1.00000 1.00000 1.00000 1.00000 1.00000
 1.00000 1.00000 1.00000 1.00000 1.00000 1.00000 1.00000 1.00000 1.00000 1.00000
 1.00000 1.00000 1.00000 1.00000 1.00000 1.00000 1.00000 1.00000 1.00000 1.00000
 1.00000 1.00000 1.00000 1.00000 1.00000 0.97050 0.52032 0.00001 0.00000 0.00000
 0.00000 0.00000 0.00000 0.00000 0.00000 0.00000 0.00000 0.00000 0.00000 0.00000
 0.00000 0.00000 0.00000 0.00000 0.00000 0.00000 0.00000 0.00000 0.00000 0.00000
 0.00000 0.00000 0.00000 0.00000 0.00000 0.00000 0.00000 0.00000 0.00000 0.00000
 0.00000 0.00000 0.00000 0.00000 0.00000 0.00000 0.00000 0.00000 0.00000 0.00000
 0.00000 0.00000 0.00000 0.00000 0.00000 0.00000 0.00000 0.00000 0.00000 0.00000
 0.00000 0.00000 0.00000 0.00000 0.00000 0.00000 0.00000 0.00000 0.00000 0.00000
 0.00000 0.00000 0.00000 0.00000 0.00000 0.00000 0.00000 0.00000 0.00000 0.00000
 0.00000 0.00000 0.00000 0.00000 0.00000 0.00000 0.00000 0.00000 0.00000 0.00000
 0.00000 0.00000 0.00000 0.00000 0.00000 0.00000 0.00000 0.00000 0.00000 0.00000
 0.00000 0.00000 0.00000 0.00000 0.00000 0.00000 0.00000 0.00000 0.00000 0.00000
 0.00000 0.00000 0.00000 0.00000 0.00000 0.00000 0.00000 0.00000 0.00000 0.00000
 0.00000 0.00000 0.00000 0.00000 0.00000 0.00000 0.00000 0.00000 0.00000 0.00000
 0.00000 0.00000 0.00000 0.00000 0.00000 0.00000 0.00000 0.00000 0.00000 0.00000
 0.00000 0.00000 0.00000 0.00000 0.00000 0.00000 0.00000 0.00000 0.00000 0.00000
 0.00000 0.00000 0.00000 0.00000 0.00000 0.00000 0.00000 0.00000 0.00000 0.00000
 0.00000 0.00000 0.00000 0.00000 0.00000 0.00000 0.00000 0.00000 0.00000 0.00000
 0.00000 0.00000 0.00000 0.00000 0.00000 0.00000 0.00000 0.00000 0.00000 0.00000
 0.00000 0.00000 0.00000 0.00000 0.00000 0.00000 0.00000 0.00000 0.00000 0.00000
 0.00000 0.00000 0.00000 0.00000 0.00000 0.00000 0.00000 0.00000 0.00000 0.00000
 0.00000 0.00000 0.00000 0.00000 0.00000 0.00000 0.00000 0.00000 0.00000 0.00000
 0.00000 0.00000 0.00000 0.00000 0.00000 0.00000 0.00000 0.00000 0.00000 0.00000
 0.00000 0.00000 0.00000 0.00000 0.00000 0.00000 0.00000 0.00000 0.00000 0.00000
 0.00000 0.00000 0.00000 0.00000 0.00000 0.00000 0.00000 0.00000 0.00000 0.00000
 0.00000 0.00000 0.00000 0.00000 0.00000
 Spin down:
 -0.36669 -0.31709 -0.25887 -0.23928 -0.22932 -0.22574 -0.22527 -0.22157 -0.21931 -0.21489
 -0.20772 -0.20579 -0.20425 -0.20203 -0.20129 -0.19279 -0.18203 -0.18200 -0.17442 -0.17212
 -0.16957 -0.16858 -0.16838 -0.16660 -0.16439 -0.16375 -0.16252 -0.16048 -0.15961 -0.15888
 -0.15621 -0.15607 -0.15489 -0.15338 -0.15115 -0.15032 -0.14091 -0.14021 -0.13875 -0.13770
 -0.13654 -0.13524 -0.13423 -0.13357 -0.12957 -0.12754 -0.12654 -0.12550 -0.12323 -0.12220
 -0.12061 -0.12040 -0.11970 -0.11835 -0.11761 -0.11668 -0.11564 -0.11495 -0.11339 -0.11156
 -0.11108 -0.11037 -0.10815 -0.10193 -0.07747 -0.05948 -0.05607 -0.04443 -0.02323 -0.01623
 0.01944 0.03734 0.04130 0.10492 0.13817 0.14638 0.16452 0.16824 0.17074 0.17439
 0.22052 0.22069 0.22647 0.25640 0.28628 0.31238 0.33519 0.36115 0.37770 0.38212
 0.40044 0.41451 0.42977 0.46599 0.48026 0.48318 0.48547 0.51817 0.52285 0.57145
 0.57713 0.60023 0.61932 0.62494 0.65524 0.66473 0.68698 0.69597 0.69889 0.70349
 0.71131 0.71334 0.74956 0.76225 0.77347 0.78047 0.78643 0.79525 0.81228 0.82052
 0.82379 0.83360 0.86649 0.88981 0.90342 0.91193 0.92695 0.92748 0.93739 0.95326
 0.96663 0.99010 1.03978 1.04530 1.05164 1.05817 1.06457 1.07926 1.08610 1.11400
 1.11408 1.12603 1.14549 1.16454 1.17427 1.17723 1.19174 1.20069 1.21438 1.22188
 1.23362 1.23468 1.25174 1.26790 1.29028 1.30076 1.31900 1.33050 1.33272 1.35311
 1.35315 1.36306 1.36934 1.39374 1.41395 1.41828 1.44612 1.47284 1.49269 1.49339
 1.50073 1.50192 1.50954 1.52968 1.53535 1.56822 1.57324 1.57816 1.58761 1.61730
 1.62908 1.63062 1.67072 1.68553 1.68570 1.69794 1.72375 1.72472 1.75579 1.76593
 1.76611 1.79338 1.82771 1.83055 1.84919 1.85519 1.85940 1.86661 1.87274 1.87381
 1.88759 1.88780 1.89993 1.90093 1.90806 1.91948 1.93331 1.93564 1.94473 1.96793
 1.97531 1.98535 1.98911 2.00630 2.02377 2.04486 2.05675 2.06552 2.06831 2.07793
 2.08227 2.09022 2.09778 2.10291 2.10689 2.11489 2.11833 2.12194 2.14061 2.14301
 2.15557 2.15620 2.16627 2.19229 2.19277 2.20225 2.22419 2.24142 2.24176 2.26425
 2.26512 2.28432 2.28475 2.33147 2.33830 2.34967 2.38905 2.40126 2.41697 2.42249
 2.44218 2.44428 2.47022 2.52784 2.54725 2.57577 2.58902 2.60371 2.60819 2.62141
 2.62765 2.73835 2.74030 2.74696 2.75791 2.78000 2.81371 2.82024 2.83162 2.88085
 2.91351 2.91638 2.93590 2.98201 3.11675 3.14342 3.18950 3.20004 3.22752 3.31508
 3.31799 3.33992 3.34829 3.34856 3.35674 3.37752 3.38752 3.39355 3.40761 3.42038
 3.42630 3.43840 3.44694 3.46273 3.50521 3.52417 3.57002 3.59394 3.68172 3.84662
 3.96069 3.97471 4.09834 4.19492 4.27540
 Occupations:
 1.00000 1.00000 1.00000 1.00000 1.00000 1.00000 1.00000 1.00000 1.00000 1.00000
 1.00000 1.00000 1.00000 1.00000 1.00000 1.00000 1.00000 1.00000 1.00000 1.00000
 1.00000 1.00000 1.00000 1.00000 1.00000 1.00000 1.00000 1.00000 1.00000 1.00000
 1.00000 1.00000 1.00000 1.00000 1.00000 1.00000 1.00000 1.00000 1.00000 1.00000
 1.00000 1.00000 1.00000 1.00000 1.00000 1.00000 1.00000 1.00000 1.00000 1.00000
 1.00000 1.00000 1.00000 1.00000 1.00000 1.00000 1.00000 1.00000 1.00000 1.00000
 1.00000 1.00000 1.00000 1.00000 1.00000 0.97057 0.52153 0.00001 0.00000 0.00000
 0.00000 0.00000 0.00000 0.00000 0.00000 0.00000 0.00000 0.00000 0.00000 0.00000
 0.00000 0.00000 0.00000 0.00000 0.00000 0.00000 0.00000 0.00000 0.00000 0.00000
 0.00000 0.00000 0.00000 0.00000 0.00000 0.00000 0.00000 0.00000 0.00000 0.00000
 0.00000 0.00000 0.00000 0.00000 0.00000 0.00000 0.00000 0.00000 0.00000 0.00000
 0.00000 0.00000 0.00000 0.00000 0.00000 0.00000 0.00000 0.00000 0.00000 0.00000
 0.00000 0.00000 0.00000 0.00000 0.00000 0.00000 0.00000 0.00000 0.00000 0.00000
 0.00000 0.00000 0.00000 0.00000 0.00000 0.00000 0.00000 0.00000 0.00000 0.00000
 0.00000 0.00000 0.00000 0.00000 0.00000 0.00000 0.00000 0.00000 0.00000 0.00000
 0.00000 0.00000 0.00000 0.00000 0.00000 0.00000 0.00000 0.00000 0.00000 0.00000
 0.00000 0.00000 0.00000 0.00000 0.00000 0.00000 0.00000 0.00000 0.00000 0.00000
 0.00000 0.00000 0.00000 0.00000 0.00000 0.00000 0.00000 0.00000 0.00000 0.00000
 0.00000 0.00000 0.00000 0.00000 0.00000 0.00000 0.00000 0.00000 0.00000 0.00000
 0.00000 0.00000 0.00000 0.00000 0.00000 0.00000 0.00000 0.00000 0.00000 0.00000
 0.00000 0.00000 0.00000 0.00000 0.00000 0.00000 0.00000 0.00000 0.00000 0.00000
 0.00000 0.00000 0.00000 0.00000 0.00000 0.00000 0.00000 0.00000 0.00000 0.00000
 0.00000 0.00000 0.00000 0.00000 0.00000 0.00000 0.00000 0.00000 0.00000 0.00000
 0.00000 0.00000 0.00000 0.00000 0.00000 0.00000 0.00000 0.00000 0.00000 0.00000
 0.00000 0.00000 0.00000 0.00000 0.00000 0.00000 0.00000 0.00000 0.00000 0.00000
 0.00000 0.00000 0.00000 0.00000 0.00000 0.00000 0.00000 0.00000 0.00000 0.00000
 0.00000 0.00000 0.00000 0.00000 0.00000 0.00000 0.00000 0.00000 0.00000 0.00000
 0.00000 0.00000 0.00000 0.00000 0.00000 0.00000 0.00000 0.00000 0.00000 0.00000
 0.00000 0.00000 0.00000 0.00000 0.00000 0.00000 0.00000 0.00000 0.00000 0.00000
 0.00000 0.00000 0.00000 0.00000 0.00000 0.00000 0.00000 0.00000 0.00000 0.00000
 0.00000 0.00000 0.00000 0.00000 0.00000
 == 18-th k-point orbital energies
 Spin up:
 -0.36669 -0.31710 -0.25887 -0.23928 -0.22933 -0.22571 -0.22529 -0.22153 -0.21934 -0.21489
 -0.20769 -0.20581 -0.20432 -0.20198 -0.20128 -0.19280 -0.18202 -0.18202 -0.17442 -0.17211
 -0.16959 -0.16857 -0.16837 -0.16658 -0.16438 -0.16380 -0.16249 -0.16048 -0.15960 -0.15889
 -0.15621 -0.15608 -0.15488 -0.15337 -0.15116 -0.15034 -0.14086 -0.14020 -0.13877 -0.13773
 -0.13655 -0.13522 -0.13422 -0.13360 -0.12957 -0.12755 -0.12650 -0.12552 -0.12324 -0.12219
 -0.12058 -0.12043 -0.11971 -0.11837 -0.11753 -0.11669 -0.11567 -0.11494 -0.11342 -0.11153
 -0.11112 -0.11035 -0.10815 -0.10195 -0.07745 -0.05947 -0.05606 -0.04443 -0.02323 -0.01624
 0.01944 0.03733 0.04130 0.10492 0.13817 0.14639 0.16452 0.16824 0.17073 0.17440
 0.22052 0.22069 0.22648 0.25640 0.28627 0.31238 0.33519 0.36115 0.37770 0.38212
 0.40044 0.41450 0.42978 0.46600 0.48026 0.48318 0.48547 0.51816 0.52285 0.57145
 0.57713 0.60022 0.61932 0.62494 0.65524 0.66473 0.68697 0.69597 0.69889 0.70349
 0.71131 0.71334 0.74956 0.76225 0.77346 0.78047 0.78643 0.79525 0.81228 0.82052
 0.82379 0.83361 0.86649 0.88981 0.90341 0.91193 0.92695 0.92748 0.93739 0.95326
 0.96662 0.99012 1.03978 1.04530 1.05164 1.05817 1.06458 1.07926 1.08610 1.11400
 1.11408 1.12604 1.14549 1.16453 1.17427 1.17722 1.19174 1.20069 1.21437 1.22189
 1.23362 1.23468 1.25175 1.26790 1.29029 1.30077 1.31899 1.33050 1.33273 1.35311
 1.35315 1.36306 1.36934 1.39374 1.41395 1.41827 1.44612 1.47284 1.49269 1.49339
 1.50073 1.50193 1.50953 1.52967 1.53535 1.56822 1.57324 1.57816 1.58761 1.61730
 1.62908 1.63062 1.67072 1.68554 1.68570 1.69793 1.72376 1.72472 1.75579 1.76593
 1.76612 1.79338 1.82771 1.83055 1.84918 1.85518 1.85940 1.86661 1.87274 1.87381
 1.88759 1.88781 1.89993 1.90093 1.90806 1.91948 1.93331 1.93564 1.94473 1.96794
 1.97531 1.98535 1.98911 2.00631 2.02378 2.04486 2.05675 2.06552 2.06831 2.07793
 2.08228 2.09022 2.09778 2.10291 2.10689 2.11489 2.11833 2.12194 2.14062 2.14301
 2.15557 2.15620 2.16627 2.19230 2.19277 2.20225 2.22419 2.24142 2.24176 2.26425
 2.26512 2.28432 2.28475 2.33147 2.33829 2.34967 2.38905 2.40126 2.41697 2.42249
 2.44218 2.44428 2.47022 2.52785 2.54724 2.57576 2.58901 2.60373 2.60818 2.62140
 2.62766 2.73835 2.74029 2.74696 2.75791 2.78000 2.81372 2.82023 2.83162 2.88085
 2.91349 2.91638 2.93596 2.98194 3.11676 3.14347 3.18945 3.20005 3.22752 3.31510
 3.31799 3.33995 3.34824 3.34857 3.35672 3.37749 3.38756 3.39357 3.40760 3.42038
 3.42630 3.43840 3.44694 3.46271 3.50523 3.52413 3.56994 3.59396 3.68185 3.84662
 3.96068 3.97471 4.09830 4.19493 4.27541
 Occupations: 
 1.00000 1.00000 1.00000 1.00000 1.00000 1.00000 1.00000 1.00000 1.00000 1.00000
 1.00000 1.00000 1.00000 1.00000 1.00000 1.00000 1.00000 1.00000 1.00000 1.00000
 1.00000 1.00000 1.00000 1.00000 1.00000 1.00000 1.00000 1.00000 1.00000 1.00000
 1.00000 1.00000 1.00000 1.00000 1.00000 1.00000 1.00000 1.00000 1.00000 1.00000
 1.00000 1.00000 1.00000 1.00000 1.00000 1.00000 1.00000 1.00000 1.00000 1.00000
 1.00000 1.00000 1.00000 1.00000 1.00000 1.00000 1.00000 1.00000 1.00000 1.00000
 1.00000 1.00000 1.00000 1.00000 1.00000 0.97022 0.51847 0.00001 0.00000 0.00000
 0.00000 0.00000 0.00000 0.00000 0.00000 0.00000 0.00000 0.00000 0.00000 0.00000
 0.00000 0.00000 0.00000 0.00000 0.00000 0.00000 0.00000 0.00000 0.00000 0.00000
 0.00000 0.00000 0.00000 0.00000 0.00000 0.00000 0.00000 0.00000 0.00000 0.00000
 0.00000 0.00000 0.00000 0.00000 0.00000 0.00000 0.00000 0.00000 0.00000 0.00000
 0.00000 0.00000 0.00000 0.00000 0.00000 0.00000 0.00000 0.00000 0.00000 0.00000
 0.00000 0.00000 0.00000 0.00000 0.00000 0.00000 0.00000 0.00000 0.00000 0.00000
 0.00000 0.00000 0.00000 0.00000 0.00000 0.00000 0.00000 0.00000 0.00000 0.00000
 0.00000 0.00000 0.00000 0.00000 0.00000 0.00000 0.00000 0.00000 0.00000 0.00000
 0.00000 0.00000 0.00000 0.00000 0.00000 0.00000 0.00000 0.00000 0.00000 0.00000
 0.00000 0.00000 0.00000 0.00000 0.00000 0.00000 0.00000 0.00000 0.00000 0.00000
 0.00000 0.00000 0.00000 0.00000 0.00000 0.00000 0.00000 0.00000 0.00000 0.00000
 0.00000 0.00000 0.00000 0.00000 0.00000 0.00000 0.00000 0.00000 0.00000 0.00000
 0.00000 0.00000 0.00000 0.00000 0.00000 0.00000 0.00000 0.00000 0.00000 0.00000
 0.00000 0.00000 0.00000 0.00000 0.00000 0.00000 0.00000 0.00000 0.00000 0.00000
 0.00000 0.00000 0.00000 0.00000 0.00000 0.00000 0.00000 0.00000 0.00000 0.00000
 0.00000 0.00000 0.00000 0.00000 0.00000 0.00000 0.00000 0.00000 0.00000 0.00000
 0.00000 0.00000 0.00000 0.00000 0.00000 0.00000 0.00000 0.00000 0.00000 0.00000
 0.00000 0.00000 0.00000 0.00000 0.00000 0.00000 0.00000 0.00000 0.00000 0.00000
 0.00000 0.00000 0.00000 0.00000 0.00000 0.00000 0.00000 0.00000 0.00000 0.00000
 0.00000 0.00000 0.00000 0.00000 0.00000 0.00000 0.00000 0.00000 0.00000 0.00000
 0.00000 0.00000 0.00000 0.00000 0.00000 0.00000 0.00000 0.00000 0.00000 0.00000
 0.00000 0.00000 0.00000 0.00000 0.00000 0.00000 0.00000 0.00000 0.00000 0.00000
 0.00000 0.00000 0.00000 0.00000 0.00000 0.00000 0.00000 0.00000 0.00000 0.00000
 0.00000 0.00000 0.00000 0.00000 0.00000
 Spin down:
 -0.36669 -0.31710 -0.25887 -0.23928 -0.22933 -0.22571 -0.22529 -0.22153 -0.21934 -0.21489
 -0.20769 -0.20581 -0.20432 -0.20198 -0.20128 -0.19280 -0.18202 -0.18202 -0.17442 -0.17211
 -0.16959 -0.16857 -0.16837 -0.16658 -0.16438 -0.16380 -0.16249 -0.16048 -0.15960 -0.15889
 -0.15621 -0.15608 -0.15488 -0.15337 -0.15116 -0.15034 -0.14086 -0.14020 -0.13877 -0.13773
 -0.13655 -0.13522 -0.13422 -0.13360 -0.12957 -0.12755 -0.12650 -0.12552 -0.12324 -0.12219
 -0.12058 -0.12043 -0.11971 -0.11837 -0.11753 -0.11669 -0.11567 -0.11494 -0.11342 -0.11153
 -0.11112 -0.11035 -0.10815 -0.10195 -0.07745 -0.05947 -0.05606 -0.04443 -0.02323 -0.01624
 0.01944 0.03733 0.04130 0.10492 0.13817 0.14639 0.16452 0.16824 0.17073 0.17440
 0.22052 0.22069 0.22648 0.25640 0.28627 0.31238 0.33519 0.36115 0.37770 0.38212
 0.40044 0.41450 0.42978 0.46600 0.48026 0.48318 0.48547 0.51816 0.52285 0.57145
 0.57713 0.60022 0.61932 0.62494 0.65524 0.66473 0.68697 0.69597 0.69889 0.70349
 0.71131 0.71334 0.74956 0.76225 0.77346 0.78047 0.78643 0.79525 0.81228 0.82052
 0.82379 0.83361 0.86649 0.88981 0.90341 0.91193 0.92695 0.92748 0.93739 0.95326
 0.96662 0.99012 1.03978 1.04530 1.05164 1.05817 1.06458 1.07926 1.08610 1.11400
 1.11408 1.12604 1.14549 1.16453 1.17427 1.17722 1.19174 1.20069 1.21437 1.22189
 1.23362 1.23468 1.25175 1.26790 1.29029 1.30077 1.31899 1.33050 1.33273 1.35311
 1.35315 1.36306 1.36934 1.39374 1.41395 1.41827 1.44612 1.47284 1.49269 1.49339
 1.50073 1.50193 1.50953 1.52967 1.53535 1.56822 1.57324 1.57816 1.58761 1.61730
 1.62908 1.63062 1.67072 1.68554 1.68570 1.69793 1.72376 1.72472 1.75579 1.76593
 1.76612 1.79338 1.82771 1.83055 1.84918 1.85518 1.85940 1.86661 1.87274 1.87381
 1.88759 1.88781 1.89993 1.90093 1.90806 1.91948 1.93331 1.93564 1.94473 1.96794
 1.97531 1.98535 1.98911 2.00631 2.02378 2.04486 2.05675 2.06552 2.06831 2.07793
 2.08228 2.09022 2.09778 2.10291 2.10689 2.11489 2.11833 2.12194 2.14062 2.14301
 2.15557 2.15620 2.16627 2.19230 2.19277 2.20225 2.22419 2.24142 2.24176 2.26425
 2.26512 2.28432 2.28475 2.33147 2.33829 2.34967 2.38905 2.40126 2.41697 2.42249
 2.44218 2.44428 2.47022 2.52785 2.54724 2.57576 2.58901 2.60373 2.60818 2.62140
 2.62766 2.73835 2.74029 2.74696 2.75791 2.78000 2.81372 2.82023 2.83162 2.88085
 2.91349 2.91638 2.93596 2.98194 3.11676 3.14347 3.18945 3.20005 3.22752 3.31510
 3.31799 3.33995 3.34824 3.34857 3.35672 3.37749 3.38756 3.39357 3.40760 3.42038
 3.42630 3.43840 3.44694 3.46271 3.50523 3.52413 3.56994 3.59396 3.68185 3.84662
 3.96068 3.97471 4.09830 4.19493 4.27541
 Occupations:
 1.00000 1.00000 1.00000 1.00000 1.00000 1.00000 1.00000 1.00000 1.00000 1.00000
 1.00000 1.00000 1.00000 1.00000 1.00000 1.00000 1.00000 1.00000 1.00000 1.00000
 1.00000 1.00000 1.00000 1.00000 1.00000 1.00000 1.00000 1.00000 1.00000 1.00000
 1.00000 1.00000 1.00000 1.00000 1.00000 1.00000 1.00000 1.00000 1.00000 1.00000
 1.00000 1.00000 1.00000 1.00000 1.00000 1.00000 1.00000 1.00000 1.00000 1.00000
 1.00000 1.00000 1.00000 1.00000 1.00000 1.00000 1.00000 1.00000 1.00000 1.00000
 1.00000 1.00000 1.00000 1.00000 1.00000 0.97029 0.51968 0.00001 0.00000 0.00000
 0.00000 0.00000 0.00000 0.00000 0.00000 0.00000 0.00000 0.00000 0.00000 0.00000
 0.00000 0.00000 0.00000 0.00000 0.00000 0.00000 0.00000 0.00000 0.00000 0.00000
 0.00000 0.00000 0.00000 0.00000 0.00000 0.00000 0.00000 0.00000 0.00000 0.00000
 0.00000 0.00000 0.00000 0.00000 0.00000 0.00000 0.00000 0.00000 0.00000 0.00000
 0.00000 0.00000 0.00000 0.00000 0.00000 0.00000 0.00000 0.00000 0.00000 0.00000
 0.00000 0.00000 0.00000 0.00000 0.00000 0.00000 0.00000 0.00000 0.00000 0.00000
 0.00000 0.00000 0.00000 0.00000 0.00000 0.00000 0.00000 0.00000 0.00000 0.00000
 0.00000 0.00000 0.00000 0.00000 0.00000 0.00000 0.00000 0.00000 0.00000 0.00000
 0.00000 0.00000 0.00000 0.00000 0.00000 0.00000 0.00000 0.00000 0.00000 0.00000
 0.00000 0.00000 0.00000 0.00000 0.00000 0.00000 0.00000 0.00000 0.00000 0.00000
 0.00000 0.00000 0.00000 0.00000 0.00000 0.00000 0.00000 0.00000 0.00000 0.00000
 0.00000 0.00000 0.00000 0.00000 0.00000 0.00000 0.00000 0.00000 0.00000 0.00000
 0.00000 0.00000 0.00000 0.00000 0.00000 0.00000 0.00000 0.00000 0.00000 0.00000
 0.00000 0.00000 0.00000 0.00000 0.00000 0.00000 0.00000 0.00000 0.00000 0.00000
 0.00000 0.00000 0.00000 0.00000 0.00000 0.00000 0.00000 0.00000 0.00000 0.00000
 0.00000 0.00000 0.00000 0.00000 0.00000 0.00000 0.00000 0.00000 0.00000 0.00000
 0.00000 0.00000 0.00000 0.00000 0.00000 0.00000 0.00000 0.00000 0.00000 0.00000
 0.00000 0.00000 0.00000 0.00000 0.00000 0.00000 0.00000 0.00000 0.00000 0.00000
 0.00000 0.00000 0.00000 0.00000 0.00000 0.00000 0.00000 0.00000 0.00000 0.00000
 0.00000 0.00000 0.00000 0.00000 0.00000 0.00000 0.00000 0.00000 0.00000 0.00000
 0.00000 0.00000 0.00000 0.00000 0.00000 0.00000 0.00000 0.00000 0.00000 0.00000
 0.00000 0.00000 0.00000 0.00000 0.00000 0.00000 0.00000 0.00000 0.00000 0.00000
 0.00000 0.00000 0.00000 0.00000 0.00000 0.00000 0.00000 0.00000 0.00000 0.00000
 0.00000 0.00000 0.00000 0.00000 0.00000
 == 19-th k-point orbital energies
 Spin up:
 -0.34579 -0.30417 -0.25387 -0.24955 -0.24266 -0.22098 -0.22059 -0.21377 -0.21198 -0.20776
 -0.20249 -0.20210 -0.19877 -0.19418 -0.19330 -0.18999 -0.18191 -0.18118 -0.17974 -0.17882
 -0.17409 -0.17365 -0.17075 -0.16935 -0.16701 -0.16547 -0.16296 -0.16168 -0.16065 -0.15930
 -0.15807 -0.15692 -0.15544 -0.15360 -0.15281 -0.15024 -0.14799 -0.14713 -0.14609 -0.14443
 -0.14318 -0.14275 -0.14095 -0.13951 -0.13795 -0.13531 -0.13417 -0.13234 -0.13207 -0.13033
 -0.12791 -0.12501 -0.12453 -0.12253 -0.12160 -0.11896 -0.11781 -0.11738 -0.11627 -0.11496
 -0.11460 -0.11382 -0.10543 -0.10367 -0.09368 -0.08035 -0.07518 -0.02121 0.00741 0.01208
 0.01476 0.03290 0.05906 0.10901 0.13821 0.13999 0.18403 0.18715 0.21685 0.21960
 0.22128 0.27176 0.27821 0.28352 0.29501 0.31497 0.33347 0.35274 0.36519 0.38093
 0.40046 0.41279 0.43197 0.43770 0.45034 0.49963 0.50735 0.51145 0.52040 0.54063
 0.55908 0.56400 0.56709 0.58277 0.59937 0.61336 0.63687 0.64935 0.65679 0.66551
 0.68235 0.72512 0.73017 0.74344 0.75991 0.78699 0.80238 0.81347 0.82425 0.82858
 0.83307 0.84094 0.85919 0.89156 0.90636 0.91812 0.92311 0.92642 0.94720 0.97594
 0.98301 1.00274 1.01058 1.03842 1.04268 1.05768 1.08128 1.09805 1.11104 1.12242
 1.13298 1.15544 1.16694 1.17345 1.18544 1.19520 1.20208 1.22238 1.24347 1.24618
 1.24924 1.26254 1.26923 1.29386 1.30670 1.31215 1.32530 1.33680 1.34203 1.34875
 1.37542 1.38760 1.39535 1.40324 1.41405 1.43033 1.43893 1.44070 1.46337 1.46669
 1.47333 1.47827 1.48097 1.48911 1.50338 1.52755 1.54773 1.57339 1.59680 1.62128
 1.63006 1.64469 1.65014 1.65941 1.66601 1.67583 1.69756 1.70373 1.70602 1.71410
 1.72425 1.72467 1.74363 1.74541 1.76092 1.76635 1.77805 1.80653 1.81563 1.81987
 1.82443 1.83967 1.84254 1.84828 1.86348 1.87190 1.88520 1.89607 1.91403 1.93433
 1.94030 1.95619 1.96125 1.96786 1.98797 1.99206 2.00431 2.01048 2.01783 2.02833
 2.03709 2.04191 2.07178 2.08948 2.10333 2.11519 2.12597 2.13249 2.14226 2.15523
 2.16279 2.16940 2.17817 2.18104 2.21235 2.21476 2.22142 2.23111 2.23667 2.24078
 2.25559 2.26935 2.27495 2.29853 2.32191 2.33274 2.35560 2.36722 2.38565 2.38743
 2.39415 2.41784 2.46304 2.46668 2.48318 2.50484 2.52471 2.53681 2.59376 2.60967
 2.61407 2.69492 2.70307 2.70741 2.73594 2.75087 2.79264 2.83660 2.85063 2.89803
 2.90267 2.93281 2.97310 2.98548 3.08821 3.18730 3.23115 3.25633 3.26519 3.28307
 3.30715 3.31739 3.32264 3.33663 3.36046 3.36253 3.36663 3.36746 3.37791 3.38999
 3.40246 3.43620 3.47418 3.49026 3.51509 3.55879 3.66680 3.67382 3.70026 3.72085
 3.87924 4.06317 4.25486 4.26330 4.30166
 Occupations: 
 1.00000 1.00000 1.00000 1.00000 1.00000 1.00000 1.00000 1.00000 1.00000 1.00000
 1.00000 1.00000 1.00000 1.00000 1.00000 1.00000 1.00000 1.00000 1.00000 1.00000
 1.00000 1.00000 1.00000 1.00000 1.00000 1.00000 1.00000 1.00000 1.00000 1.00000
 1.00000 1.00000 1.00000 1.00000 1.00000 1.00000 1.00000 1.00000 1.00000 1.00000
 1.00000 1.00000 1.00000 1.00000 1.00000 1.00000 1.00000 1.00000 1.00000 1.00000
 1.00000 1.00000 1.00000 1.00000 1.00000 1.00000 1.00000 1.00000 1.00000 1.00000
 1.00000 1.00000 1.00000 1.00000 1.00000 1.00000 1.00000 0.00000 0.00000 0.00000
 0.00000 0.00000 0.00000 0.00000 0.00000 0.00000 0.00000 0.00000 0.00000 0.00000
 0.00000 0.00000 0.00000 0.00000 0.00000 0.00000 0.00000 0.00000 0.00000 0.00000
 0.00000 0.00000 0.00000 0.00000 0.00000 0.00000 0.00000 0.00000 0.00000 0.00000
 0.00000 0.00000 0.00000 0.00000 0.00000 0.00000 0.00000 0.00000 0.00000 0.00000
 0.00000 0.00000 0.00000 0.00000 0.00000 0.00000 0.00000 0.00000 0.00000 0.00000
 0.00000 0.00000 0.00000 0.00000 0.00000 0.00000 0.00000 0.00000 0.00000 0.00000
 0.00000 0.00000 0.00000 0.00000 0.00000 0.00000 0.00000 0.00000 0.00000 0.00000
 0.00000 0.00000 0.00000 0.00000 0.00000 0.00000 0.00000 0.00000 0.00000 0.00000
 0.00000 0.00000 0.00000 0.00000 0.00000 0.00000 0.00000 0.00000 0.00000 0.00000
 0.00000 0.00000 0.00000 0.00000 0.00000 0.00000 0.00000 0.00000 0.00000 0.00000
 0.00000 0.00000 0.00000 0.00000 0.00000 0.00000 0.00000 0.00000 0.00000 0.00000
 0.00000 0.00000 0.00000 0.00000 0.00000 0.00000 0.00000 0.00000 0.00000 0.00000
 0.00000 0.00000 0.00000 0.00000 0.00000 0.00000 0.00000 0.00000 0.00000 0.00000
 0.00000 0.00000 0.00000 0.00000 0.00000 0.00000 0.00000 0.00000 0.00000 0.00000
 0.00000 0.00000 0.00000 0.00000 0.00000 0.00000 0.00000 0.00000 0.00000 0.00000
 0.00000 0.00000 0.00000 0.00000 0.00000 0.00000 0.00000 0.00000 0.00000 0.00000
 0.00000 0.00000 0.00000 0.00000 0.00000 0.00000 0.00000 0.00000 0.00000 0.00000
 0.00000 0.00000 0.00000 0.00000 0.00000 0.00000 0.00000 0.00000 0.00000 0.00000
 0.00000 0.00000 0.00000 0.00000 0.00000 0.00000 0.00000 0.00000 0.00000 0.00000
 0.00000 0.00000 0.00000 0.00000 0.00000 0.00000 0.00000 0.00000 0.00000 0.00000
 0.00000 0.00000 0.00000 0.00000 0.00000 0.00000 0.00000 0.00000 0.00000 0.00000
 0.00000 0.00000 0.00000 0.00000 0.00000 0.00000 0.00000 0.00000 0.00000 0.00000
 0.00000 0.00000 0.00000 0.00000 0.00000 0.00000 0.00000 0.00000 0.00000 0.00000
 0.00000 0.00000 0.00000 0.00000 0.00000
 Spin down:
 -0.34579 -0.30417 -0.25387 -0.24955 -0.24266 -0.22098 -0.22059 -0.21377 -0.21198 -0.20776
 -0.20249 -0.20210 -0.19877 -0.19418 -0.19330 -0.18999 -0.18191 -0.18118 -0.17974 -0.17882
 -0.17409 -0.17365 -0.17075 -0.16935 -0.16701 -0.16547 -0.16296 -0.16168 -0.16065 -0.15930
 -0.15807 -0.15692 -0.15544 -0.15360 -0.15281 -0.15024 -0.14799 -0.14713 -0.14609 -0.14443
 -0.14318 -0.14275 -0.14095 -0.13951 -0.13795 -0.13531 -0.13417 -0.13234 -0.13207 -0.13033
 -0.12791 -0.12501 -0.12453 -0.12253 -0.12160 -0.11896 -0.11781 -0.11738 -0.11627 -0.11496
 -0.11460 -0.11382 -0.10543 -0.10367 -0.09368 -0.08035 -0.07518 -0.02121 0.00741 0.01208
 0.01476 0.03290 0.05906 0.10901 0.13821 0.13999 0.18403 0.18715 0.21685 0.21960
 0.22128 0.27176 0.27821 0.28352 0.29501 0.31497 0.33347 0.35274 0.36519 0.38093
 0.40046 0.41279 0.43197 0.43770 0.45034 0.49963 0.50735 0.51145 0.52040 0.54063
 0.55908 0.56400 0.56709 0.58277 0.59937 0.61336 0.63687 0.64935 0.65679 0.66551
 0.68235 0.72512 0.73017 0.74344 0.75991 0.78699 0.80238 0.81347 0.82425 0.82858
 0.83307 0.84094 0.85919 0.89156 0.90636 0.91812 0.92311 0.92642 0.94720 0.97594
 0.98301 1.00274 1.01058 1.03842 1.04268 1.05768 1.08128 1.09805 1.11104 1.12242
 1.13298 1.15544 1.16694 1.17345 1.18544 1.19520 1.20208 1.22238 1.24347 1.24618
 1.24924 1.26254 1.26923 1.29386 1.30670 1.31215 1.32530 1.33680 1.34203 1.34875
 1.37542 1.38760 1.39535 1.40324 1.41405 1.43033 1.43893 1.44070 1.46337 1.46669
 1.47333 1.47827 1.48097 1.48911 1.50338 1.52755 1.54773 1.57339 1.59680 1.62128
 1.63006 1.64469 1.65014 1.65941 1.66601 1.67583 1.69756 1.70373 1.70602 1.71410
 1.72425 1.72467 1.74363 1.74541 1.76092 1.76635 1.77805 1.80653 1.81563 1.81987
 1.82443 1.83967 1.84254 1.84828 1.86348 1.87190 1.88520 1.89607 1.91403 1.93433
 1.94030 1.95619 1.96125 1.96786 1.98797 1.99206 2.00431 2.01048 2.01783 2.02833
 2.03709 2.04191 2.07178 2.08948 2.10333 2.11519 2.12597 2.13249 2.14226 2.15523
 2.16279 2.16940 2.17817 2.18104 2.21235 2.21476 2.22142 2.23111 2.23667 2.24078
 2.25559 2.26935 2.27495 2.29853 2.32191 2.33274 2.35560 2.36722 2.38565 2.38743
 2.39415 2.41784 2.46304 2.46668 2.48318 2.50484 2.52471 2.53681 2.59376 2.60967
 2.61407 2.69492 2.70307 2.70741 2.73594 2.75087 2.79264 2.83660 2.85063 2.89803
 2.90267 2.93281 2.97310 2.98548 3.08821 3.18730 3.23115 3.25633 3.26519 3.28307
 3.30715 3.31739 3.32264 3.33663 3.36046 3.36253 3.36663 3.36746 3.37791 3.38999
 3.40246 3.43620 3.47418 3.49026 3.51509 3.55879 3.66680 3.67382 3.70026 3.72085
 3.87924 4.06317 4.25486 4.26330 4.30166
 Occupations:
 1.00000 1.00000 1.00000 1.00000 1.00000 1.00000 1.00000 1.00000 1.00000 1.00000
 1.00000 1.00000 1.00000 1.00000 1.00000 1.00000 1.00000 1.00000 1.00000 1.00000
 1.00000 1.00000 1.00000 1.00000 1.00000 1.00000 1.00000 1.00000 1.00000 1.00000
 1.00000 1.00000 1.00000 1.00000 1.00000 1.00000 1.00000 1.00000 1.00000 1.00000
 1.00000 1.00000 1.00000 1.00000 1.00000 1.00000 1.00000 1.00000 1.00000 1.00000
 1.00000 1.00000 1.00000 1.00000 1.00000 1.00000 1.00000 1.00000 1.00000 1.00000
 1.00000 1.00000 1.00000 1.00000 1.00000 1.00000 1.00000 0.00000 0.00000 0.00000
 0.00000 0.00000 0.00000 0.00000 0.00000 0.00000 0.00000 0.00000 0.00000 0.00000
 0.00000 0.00000 0.00000 0.00000 0.00000 0.00000 0.00000 0.00000 0.00000 0.00000
 0.00000 0.00000 0.00000 0.00000 0.00000 0.00000 0.00000 0.00000 0.00000 0.00000
 0.00000 0.00000 0.00000 0.00000 0.00000 0.00000 0.00000 0.00000 0.00000 0.00000
 0.00000 0.00000 0.00000 0.00000 0.00000 0.00000 0.00000 0.00000 0.00000 0.00000
 0.00000 0.00000 0.00000 0.00000 0.00000 0.00000 0.00000 0.00000 0.00000 0.00000
 0.00000 0.00000 0.00000 0.00000 0.00000 0.00000 0.00000 0.00000 0.00000 0.00000
 0.00000 0.00000 0.00000 0.00000 0.00000 0.00000 0.00000 0.00000 0.00000 0.00000
 0.00000 0.00000 0.00000 0.00000 0.00000 0.00000 0.00000 0.00000 0.00000 0.00000
 0.00000 0.00000 0.00000 0.00000 0.00000 0.00000 0.00000 0.00000 0.00000 0.00000
 0.00000 0.00000 0.00000 0.00000 0.00000 0.00000 0.00000 0.00000 0.00000 0.00000
 0.00000 0.00000 0.00000 0.00000 0.00000 0.00000 0.00000 0.00000 0.00000 0.00000
 0.00000 0.00000 0.00000 0.00000 0.00000 0.00000 0.00000 0.00000 0.00000 0.00000
 0.00000 0.00000 0.00000 0.00000 0.00000 0.00000 0.00000 0.00000 0.00000 0.00000
 0.00000 0.00000 0.00000 0.00000 0.00000 0.00000 0.00000 0.00000 0.00000 0.00000
 0.00000 0.00000 0.00000 0.00000 0.00000 0.00000 0.00000 0.00000 0.00000 0.00000
 0.00000 0.00000 0.00000 0.00000 0.00000 0.00000 0.00000 0.00000 0.00000 0.00000
 0.00000 0.00000 0.00000 0.00000 0.00000 0.00000 0.00000 0.00000 0.00000 0.00000
 0.00000 0.00000 0.00000 0.00000 0.00000 0.00000 0.00000 0.00000 0.00000 0.00000
 0.00000 0.00000 0.00000 0.00000 0.00000 0.00000 0.00000 0.00000 0.00000 0.00000
 0.00000 0.00000 0.00000 0.00000 0.00000 0.00000 0.00000 0.00000 0.00000 0.00000
 0.00000 0.00000 0.00000 0.00000 0.00000 0.00000 0.00000 0.00000 0.00000 0.00000
 0.00000 0.00000 0.00000 0.00000 0.00000 0.00000 0.00000 0.00000 0.00000 0.00000
 0.00000 0.00000 0.00000 0.00000 0.00000
 == 20-th k-point orbital energies
 Spin up:
 -0.31976 -0.29559 -0.27991 -0.25182 -0.23720 -0.22481 -0.21475 -0.20358 -0.20289 -0.20168
 -0.19941 -0.19397 -0.19304 -0.19199 -0.19127 -0.18590 -0.18529 -0.18383 -0.18311 -0.18210
 -0.17948 -0.17434 -0.17347 -0.16986 -0.16918 -0.16857 -0.16746 -0.16652 -0.16544 -0.16376
 -0.16258 -0.16098 -0.15760 -0.15696 -0.15556 -0.15463 -0.15338 -0.15274 -0.15073 -0.14874
 -0.14490 -0.14304 -0.14035 -0.13986 -0.13812 -0.13630 -0.13495 -0.13448 -0.13382 -0.13050
 -0.12880 -0.12832 -0.12653 -0.12369 -0.12296 -0.12265 -0.12027 -0.12000 -0.11857 -0.11680
 -0.11530 -0.11491 -0.11424 -0.11184 -0.10168 -0.08463 -0.05581 -0.03824 -0.00052 0.02016
 0.04414 0.06265 0.07246 0.11702 0.12479 0.13340 0.16638 0.20110 0.22035 0.22844
 0.25555 0.26853 0.29275 0.30706 0.32238 0.34400 0.36105 0.36431 0.38364 0.39306
 0.41354 0.42304 0.42839 0.44558 0.45387 0.45764 0.47126 0.47866 0.49319 0.50059
 0.50986 0.56046 0.57041 0.58018 0.58901 0.59488 0.59942 0.63750 0.64424 0.66823
 0.67853 0.69144 0.71156 0.72156 0.74631 0.76326 0.77724 0.78273 0.78793 0.84133
 0.85812 0.86776 0.87257 0.87717 0.90821 0.93595 0.93698 0.95466 0.97937 0.98507
 0.98956 1.01018 1.02233 1.04577 1.04799 1.05389 1.08404 1.08884 1.10409 1.12903
 1.13269 1.13872 1.16620 1.17818 1.19068 1.19115 1.19743 1.22102 1.24216 1.25408
 1.26894 1.27640 1.28316 1.29569 1.31296 1.32417 1.33191 1.33655 1.35401 1.38008
 1.41787 1.42300 1.43472 1.43835 1.44067 1.44691 1.45320 1.46261 1.46845 1.46965
 1.51351 1.51489 1.52284 1.52634 1.53420 1.54133 1.55742 1.57127 1.58197 1.58545
 1.58940 1.59316 1.60833 1.61547 1.63554 1.64239 1.65045 1.65419 1.65811 1.66359
 1.66899 1.71881 1.72588 1.73287 1.73803 1.74144 1.75949 1.76470 1.77147 1.77996
 1.78595 1.79846 1.81580 1.81780 1.82742 1.84910 1.85937 1.86226 1.86710 1.87523
 1.88192 1.88590 1.88975 1.93008 1.94875 1.97158 1.97623 1.97848 1.99199 2.00931
 2.02262 2.03385 2.03695 2.05334 2.06019 2.07165 2.08193 2.09928 2.11487 2.12260
 2.13931 2.15215 2.15760 2.17372 2.17934 2.20925 2.22609 2.23467 2.24110 2.26758
 2.28712 2.29746 2.30518 2.32465 2.33436 2.35100 2.35793 2.36676 2.37059 2.38056
 2.39230 2.39743 2.41542 2.42650 2.48635 2.50531 2.52140 2.56033 2.56197 2.58101
 2.62083 2.62615 2.64923 2.66305 2.66725 2.67049 2.82373 2.82971 2.89997 2.94906
 2.96641 2.99554 3.01346 3.10164 3.15043 3.16983 3.19888 3.21864 3.22551 3.25053
 3.28963 3.30232 3.31205 3.32304 3.32572 3.35180 3.36526 3.36886 3.37419 3.38006
 3.40086 3.41611 3.47439 3.52186 3.54851 3.56919 3.62344 3.69823 3.73048 3.82317
 3.89278 4.03084 4.27429 4.30886 4.31053
 Occupations: 
 1.00000 1.00000 1.00000 1.00000 1.00000 1.00000 1.00000 1.00000 1.00000 1.00000
 1.00000 1.00000 1.00000 1.00000 1.00000 1.00000 1.00000 1.00000 1.00000 1.00000
 1.00000 1.00000 1.00000 1.00000 1.00000 1.00000 1.00000 1.00000 1.00000 1.00000
 1.00000 1.00000 1.00000 1.00000 1.00000 1.00000 1.00000 1.00000 1.00000 1.00000
 1.00000 1.00000 1.00000 1.00000 1.00000 1.00000 1.00000 1.00000 1.00000 1.00000
 1.00000 1.00000 1.00000 1.00000 1.00000 1.00000 1.00000 1.00000 1.00000 1.00000
 1.00000 1.00000 1.00000 1.00000 1.00000 1.00000 0.45629 0.00000 0.00000 0.00000
 0.00000 0.00000 0.00000 0.00000 0.00000 0.00000 0.00000 0.00000 0.00000 0.00000
 0.00000 0.00000 0.00000 0.00000 0.00000 0.00000 0.00000 0.00000 0.00000 0.00000
 0.00000 0.00000 0.00000 0.00000 0.00000 0.00000 0.00000 0.00000 0.00000 0.00000
 0.00000 0.00000 0.00000 0.00000 0.00000 0.00000 0.00000 0.00000 0.00000 0.00000
 0.00000 0.00000 0.00000 0.00000 0.00000 0.00000 0.00000 0.00000 0.00000 0.00000
 0.00000 0.00000 0.00000 0.00000 0.00000 0.00000 0.00000 0.00000 0.00000 0.00000
 0.00000 0.00000 0.00000 0.00000 0.00000 0.00000 0.00000 0.00000 0.00000 0.00000
 0.00000 0.00000 0.00000 0.00000 0.00000 0.00000 0.00000 0.00000 0.00000 0.00000
 0.00000 0.00000 0.00000 0.00000 0.00000 0.00000 0.00000 0.00000 0.00000 0.00000
 0.00000 0.00000 0.00000 0.00000 0.00000 0.00000 0.00000 0.00000 0.00000 0.00000
 0.00000 0.00000 0.00000 0.00000 0.00000 0.00000 0.00000 0.00000 0.00000 0.00000
 0.00000 0.00000 0.00000 0.00000 0.00000 0.00000 0.00000 0.00000 0.00000 0.00000
 0.00000 0.00000 0.00000 0.00000 0.00000 0.00000 0.00000 0.00000 0.00000 0.00000
 0.00000 0.00000 0.00000 0.00000 0.00000 0.00000 0.00000 0.00000 0.00000 0.00000
 0.00000 0.00000 0.00000 0.00000 0.00000 0.00000 0.00000 0.00000 0.00000 0.00000
 0.00000 0.00000 0.00000 0.00000 0.00000 0.00000 0.00000 0.00000 0.00000 0.00000
 0.00000 0.00000 0.00000 0.00000 0.00000 0.00000 0.00000 0.00000 0.00000 0.00000
 0.00000 0.00000 0.00000 0.00000 0.00000 0.00000 0.00000 0.00000 0.00000 0.00000
 0.00000 0.00000 0.00000 0.00000 0.00000 0.00000 0.00000 0.00000 0.00000 0.00000
 0.00000 0.00000 0.00000 0.00000 0.00000 0.00000 0.00000 0.00000 0.00000 0.00000
 0.00000 0.00000 0.00000 0.00000 0.00000 0.00000 0.00000 0.00000 0.00000 0.00000
 0.00000 0.00000 0.00000 0.00000 0.00000 0.00000 0.00000 0.00000 0.00000 0.00000
 0.00000 0.00000 0.00000 0.00000 0.00000 0.00000 0.00000 0.00000 0.00000 0.00000
 0.00000 0.00000 0.00000 0.00000 0.00000
 Spin down:
 -0.31976 -0.29559 -0.27991 -0.25182 -0.23720 -0.22481 -0.21475 -0.20358 -0.20289 -0.20168
 -0.19941 -0.19397 -0.19304 -0.19199 -0.19127 -0.18590 -0.18529 -0.18383 -0.18311 -0.18210
 -0.17948 -0.17434 -0.17347 -0.16986 -0.16918 -0.16857 -0.16746 -0.16652 -0.16544 -0.16376
 -0.16258 -0.16098 -0.15760 -0.15696 -0.15556 -0.15463 -0.15338 -0.15274 -0.15073 -0.14874
 -0.14490 -0.14304 -0.14035 -0.13986 -0.13812 -0.13630 -0.13495 -0.13448 -0.13382 -0.13050
 -0.12880 -0.12832 -0.12653 -0.12369 -0.12296 -0.12265 -0.12027 -0.12000 -0.11857 -0.11680
 -0.11530 -0.11491 -0.11424 -0.11184 -0.10168 -0.08463 -0.05581 -0.03824 -0.00052 0.02016
 0.04414 0.06265 0.07246 0.11702 0.12479 0.13340 0.16638 0.20110 0.22035 0.22844
 0.25555 0.26853 0.29275 0.30706 0.32238 0.34400 0.36105 0.36431 0.38364 0.39306
 0.41354 0.42304 0.42839 0.44558 0.45387 0.45764 0.47126 0.47866 0.49319 0.50059
 0.50986 0.56046 0.57041 0.58018 0.58901 0.59488 0.59942 0.63750 0.64424 0.66823
 0.67853 0.69144 0.71156 0.72156 0.74631 0.76326 0.77724 0.78273 0.78793 0.84133
 0.85812 0.86776 0.87257 0.87717 0.90821 0.93595 0.93698 0.95466 0.97937 0.98507
 0.98956 1.01018 1.02233 1.04577 1.04799 1.05389 1.08404 1.08884 1.10409 1.12903
 1.13269 1.13872 1.16620 1.17818 1.19068 1.19115 1.19743 1.22102 1.24216 1.25408
 1.26894 1.27640 1.28316 1.29569 1.31296 1.32417 1.33191 1.33655 1.35401 1.38008
 1.41787 1.42300 1.43472 1.43835 1.44067 1.44691 1.45320 1.46261 1.46845 1.46965
 1.51351 1.51489 1.52284 1.52634 1.53420 1.54133 1.55742 1.57127 1.58197 1.58545
 1.58940 1.59316 1.60833 1.61547 1.63554 1.64239 1.65045 1.65419 1.65811 1.66359
 1.66899 1.71881 1.72588 1.73287 1.73803 1.74144 1.75949 1.76470 1.77147 1.77996
 1.78595 1.79846 1.81580 1.81780 1.82742 1.84910 1.85937 1.86226 1.86710 1.87523
 1.88192 1.88590 1.88975 1.93008 1.94875 1.97158 1.97623 1.97848 1.99199 2.00931
 2.02262 2.03385 2.03695 2.05334 2.06019 2.07165 2.08193 2.09928 2.11487 2.12260
 2.13931 2.15215 2.15760 2.17372 2.17934 2.20925 2.22609 2.23467 2.24110 2.26758
 2.28712 2.29746 2.30518 2.32465 2.33436 2.35100 2.35793 2.36676 2.37059 2.38056
 2.39230 2.39743 2.41542 2.42650 2.48635 2.50531 2.52140 2.56033 2.56197 2.58101
 2.62083 2.62615 2.64923 2.66305 2.66725 2.67049 2.82373 2.82971 2.89997 2.94906
 2.96641 2.99554 3.01346 3.10164 3.15043 3.16983 3.19888 3.21864 3.22551 3.25053
 3.28963 3.30232 3.31205 3.32304 3.32572 3.35180 3.36526 3.36886 3.37419 3.38006
 3.40086 3.41611 3.47439 3.52186 3.54851 3.56919 3.62344 3.69823 3.73048 3.82317
 3.89278 4.03084 4.27429 4.30886 4.31053
 Occupations:
 1.00000 1.00000 1.00000 1.00000 1.00000 1.00000 1.00000 1.00000 1.00000 1.00000
 1.00000 1.00000 1.00000 1.00000 1.00000 1.00000 1.00000 1.00000 1.00000 1.00000
 1.00000 1.00000 1.00000 1.00000 1.00000 1.00000 1.00000 1.00000 1.00000 1.00000
 1.00000 1.00000 1.00000 1.00000 1.00000 1.00000 1.00000 1.00000 1.00000 1.00000
 1.00000 1.00000 1.00000 1.00000 1.00000 1.00000 1.00000 1.00000 1.00000 1.00000
 1.00000 1.00000 1.00000 1.00000 1.00000 1.00000 1.00000 1.00000 1.00000 1.00000
 1.00000 1.00000 1.00000 1.00000 1.00000 1.00000 0.45703 0.00000 0.00000 0.00000
 0.00000 0.00000 0.00000 0.00000 0.00000 0.00000 0.00000 0.00000 0.00000 0.00000
 0.00000 0.00000 0.00000 0.00000 0.00000 0.00000 0.00000 0.00000 0.00000 0.00000
 0.00000 0.00000 0.00000 0.00000 0.00000 0.00000 0.00000 0.00000 0.00000 0.00000
 0.00000 0.00000 0.00000 0.00000 0.00000 0.00000 0.00000 0.00000 0.00000 0.00000
 0.00000 0.00000 0.00000 0.00000 0.00000 0.00000 0.00000 0.00000 0.00000 0.00000
 0.00000 0.00000 0.00000 0.00000 0.00000 0.00000 0.00000 0.00000 0.00000 0.00000
 0.00000 0.00000 0.00000 0.00000 0.00000 0.00000 0.00000 0.00000 0.00000 0.00000
 0.00000 0.00000 0.00000 0.00000 0.00000 0.00000 0.00000 0.00000 0.00000 0.00000
 0.00000 0.00000 0.00000 0.00000 0.00000 0.00000 0.00000 0.00000 0.00000 0.00000
 0.00000 0.00000 0.00000 0.00000 0.00000 0.00000 0.00000 0.00000 0.00000 0.00000
 0.00000 0.00000 0.00000 0.00000 0.00000 0.00000 0.00000 0.00000 0.00000 0.00000
 0.00000 0.00000 0.00000 0.00000 0.00000 0.00000 0.00000 0.00000 0.00000 0.00000
 0.00000 0.00000 0.00000 0.00000 0.00000 0.00000 0.00000 0.00000 0.00000 0.00000
 0.00000 0.00000 0.00000 0.00000 0.00000 0.00000 0.00000 0.00000 0.00000 0.00000
 0.00000 0.00000 0.00000 0.00000 0.00000 0.00000 0.00000 0.00000 0.00000 0.00000
 0.00000 0.00000 0.00000 0.00000 0.00000 0.00000 0.00000 0.00000 0.00000 0.00000
 0.00000 0.00000 0.00000 0.00000 0.00000 0.00000 0.00000 0.00000 0.00000 0.00000
 0.00000 0.00000 0.00000 0.00000 0.00000 0.00000 0.00000 0.00000 0.00000 0.00000
 0.00000 0.00000 0.00000 0.00000 0.00000 0.00000 0.00000 0.00000 0.00000 0.00000
 0.00000 0.00000 0.00000 0.00000 0.00000 0.00000 0.00000 0.00000 0.00000 0.00000
 0.00000 0.00000 0.00000 0.00000 0.00000 0.00000 0.00000 0.00000 0.00000 0.00000
 0.00000 0.00000 0.00000 0.00000 0.00000 0.00000 0.00000 0.00000 0.00000 0.00000
 0.00000 0.00000 0.00000 0.00000 0.00000 0.00000 0.00000 0.00000 0.00000 0.00000
 0.00000 0.00000 0.00000 0.00000 0.00000
 == 21-th k-point orbital energies
 Spin up:
 -0.31975 -0.29559 -0.27991 -0.25182 -0.23720 -0.22483 -0.21474 -0.20358 -0.20288 -0.20169
 -0.19941 -0.19400 -0.19307 -0.19196 -0.19128 -0.18588 -0.18531 -0.18382 -0.18308 -0.18216
 -0.17949 -0.17430 -0.17347 -0.16982 -0.16913 -0.16851 -0.16748 -0.16653 -0.16547 -0.16373
 -0.16259 -0.16099 -0.15759 -0.15697 -0.15557 -0.15468 -0.15339 -0.15273 -0.15070 -0.14875
 -0.14493 -0.14302 -0.14044 -0.13985 -0.13810 -0.13630 -0.13501 -0.13445 -0.13378 -0.13045
 -0.12885 -0.12835 -0.12641 -0.12370 -0.12290 -0.12271 -0.12025 -0.12001 -0.11858 -0.11681
 -0.11529 -0.11494 -0.11423 -0.11181 -0.10171 -0.08465 -0.05579 -0.03826 -0.00053 0.02016
 0.04415 0.06264 0.07246 0.11702 0.12479 0.13340 0.16637 0.20110 0.22036 0.22843
 0.25555 0.26853 0.29276 0.30707 0.32239 0.34400 0.36106 0.36431 0.38363 0.39307
 0.41354 0.42304 0.42839 0.44557 0.45387 0.45764 0.47127 0.47866 0.49319 0.50059
 0.50985 0.56046 0.57041 0.58018 0.58901 0.59488 0.59942 0.63750 0.64424 0.66824
 0.67853 0.69144 0.71156 0.72156 0.74631 0.76326 0.77724 0.78273 0.78793 0.84134
 0.85812 0.86775 0.87257 0.87717 0.90821 0.93595 0.93698 0.95466 0.97937 0.98507
 0.98955 1.01018 1.02233 1.04578 1.04798 1.05389 1.08404 1.08884 1.10409 1.12903
 1.13268 1.13872 1.16620 1.17819 1.19068 1.19115 1.19743 1.22102 1.24216 1.25408
 1.26894 1.27640 1.28316 1.29568 1.31296 1.32417 1.33191 1.33654 1.35402 1.38008
 1.41786 1.42300 1.43472 1.43835 1.44067 1.44691 1.45320 1.46261 1.46845 1.46965
 1.51351 1.51489 1.52284 1.52634 1.53420 1.54134 1.55742 1.57126 1.58197 1.58545
 1.58940 1.59316 1.60833 1.61547 1.63554 1.64239 1.65045 1.65419 1.65811 1.66359
 1.66898 1.71881 1.72588 1.73287 1.73803 1.74144 1.75949 1.76471 1.77146 1.77996
 1.78595 1.79847 1.81580 1.81780 1.82742 1.84910 1.85937 1.86226 1.86710 1.87523
 1.88192 1.88591 1.88974 1.93008 1.94875 1.97158 1.97622 1.97849 1.99199 2.00930
 2.02262 2.03385 2.03695 2.05335 2.06019 2.07166 2.08193 2.09928 2.11486 2.12261
 2.13931 2.15215 2.15759 2.17373 2.17934 2.20925 2.22610 2.23467 2.24110 2.26759
 2.28712 2.29746 2.30518 2.32465 2.33436 2.35099 2.35794 2.36676 2.37059 2.38057
 2.39229 2.39743 2.41542 2.42650 2.48635 2.50531 2.52139 2.56034 2.56197 2.58100
 2.62082 2.62616 2.64923 2.66305 2.66725 2.67049 2.82373 2.82972 2.89997 2.94905
 2.96633 2.99560 3.01350 3.10156 3.15048 3.16988 3.19889 3.21864 3.22549 3.25055
 3.28958 3.30237 3.31203 3.32304 3.32573 3.35177 3.36528 3.36885 3.37420 3.38002
 3.40090 3.41611 3.47445 3.52188 3.54836 3.56936 3.62345 3.69816 3.73044 3.82308
 3.89291 4.03079 4.27429 4.30906 4.31033
 Occupations: 
 1.00000 1.00000 1.00000 1.00000 1.00000 1.00000 1.00000 1.00000 1.00000 1.00000
 1.00000 1.00000 1.00000 1.00000 1.00000 1.00000 1.00000 1.00000 1.00000 1.00000
 1.00000 1.00000 1.00000 1.00000 1.00000 1.00000 1.00000 1.00000 1.00000 1.00000
 1.00000 1.00000 1.00000 1.00000 1.00000 1.00000 1.00000 1.00000 1.00000 1.00000
 1.00000 1.00000 1.00000 1.00000 1.00000 1.00000 1.00000 1.00000 1.00000 1.00000
 1.00000 1.00000 1.00000 1.00000 1.00000 1.00000 1.00000 1.00000 1.00000 1.00000
 1.00000 1.00000 1.00000 1.00000 1.00000 1.00000 0.45112 0.00000 0.00000 0.00000
 0.00000 0.00000 0.00000 0.00000 0.00000 0.00000 0.00000 0.00000 0.00000 0.00000
 0.00000 0.00000 0.00000 0.00000 0.00000 0.00000 0.00000 0.00000 0.00000 0.00000
 0.00000 0.00000 0.00000 0.00000 0.00000 0.00000 0.00000 0.00000 0.00000 0.00000
 0.00000 0.00000 0.00000 0.00000 0.00000 0.00000 0.00000 0.00000 0.00000 0.00000
 0.00000 0.00000 0.00000 0.00000 0.00000 0.00000 0.00000 0.00000 0.00000 0.00000
 0.00000 0.00000 0.00000 0.00000 0.00000 0.00000 0.00000 0.00000 0.00000 0.00000
 0.00000 0.00000 0.00000 0.00000 0.00000 0.00000 0.00000 0.00000 0.00000 0.00000
 0.00000 0.00000 0.00000 0.00000 0.00000 0.00000 0.00000 0.00000 0.00000 0.00000
 0.00000 0.00000 0.00000 0.00000 0.00000 0.00000 0.00000 0.00000 0.00000 0.00000
 0.00000 0.00000 0.00000 0.00000 0.00000 0.00000 0.00000 0.00000 0.00000 0.00000
 0.00000 0.00000 0.00000 0.00000 0.00000 0.00000 0.00000 0.00000 0.00000 0.00000
 0.00000 0.00000 0.00000 0.00000 0.00000 0.00000 0.00000 0.00000 0.00000 0.00000
 0.00000 0.00000 0.00000 0.00000 0.00000 0.00000 0.00000 0.00000 0.00000 0.00000
 0.00000 0.00000 0.00000 0.00000 0.00000 0.00000 0.00000 0.00000 0.00000 0.00000
 0.00000 0.00000 0.00000 0.00000 0.00000 0.00000 0.00000 0.00000 0.00000 0.00000
 0.00000 0.00000 0.00000 0.00000 0.00000 0.00000 0.00000 0.00000 0.00000 0.00000
 0.00000 0.00000 0.00000 0.00000 0.00000 0.00000 0.00000 0.00000 0.00000 0.00000
 0.00000 0.00000 0.00000 0.00000 0.00000 0.00000 0.00000 0.00000 0.00000 0.00000
 0.00000 0.00000 0.00000 0.00000 0.00000 0.00000 0.00000 0.00000 0.00000 0.00000
 0.00000 0.00000 0.00000 0.00000 0.00000 0.00000 0.00000 0.00000 0.00000 0.00000
 0.00000 0.00000 0.00000 0.00000 0.00000 0.00000 0.00000 0.00000 0.00000 0.00000
 0.00000 0.00000 0.00000 0.00000 0.00000 0.00000 0.00000 0.00000 0.00000 0.00000
 0.00000 0.00000 0.00000 0.00000 0.00000 0.00000 0.00000 0.00000 0.00000 0.00000
 0.00000 0.00000 0.00000 0.00000 0.00000
 Spin down:
 -0.31975 -0.29559 -0.27991 -0.25182 -0.23720 -0.22483 -0.21474 -0.20358 -0.20288 -0.20169
 -0.19941 -0.19400 -0.19307 -0.19196 -0.19128 -0.18588 -0.18531 -0.18382 -0.18308 -0.18216
 -0.17949 -0.17430 -0.17347 -0.16982 -0.16913 -0.16851 -0.16748 -0.16653 -0.16547 -0.16373
 -0.16259 -0.16099 -0.15759 -0.15697 -0.15557 -0.15468 -0.15339 -0.15273 -0.15070 -0.14875
 -0.14493 -0.14302 -0.14044 -0.13985 -0.13810 -0.13630 -0.13501 -0.13445 -0.13378 -0.13045
 -0.12885 -0.12835 -0.12641 -0.12370 -0.12290 -0.12271 -0.12025 -0.12001 -0.11858 -0.11681
 -0.11529 -0.11494 -0.11423 -0.11181 -0.10171 -0.08465 -0.05579 -0.03826 -0.00053 0.02016
 0.04415 0.06264 0.07246 0.11702 0.12479 0.13340 0.16637 0.20110 0.22036 0.22843
 0.25555 0.26853 0.29276 0.30707 0.32239 0.34400 0.36106 0.36431 0.38363 0.39307
 0.41354 0.42304 0.42839 0.44557 0.45387 0.45764 0.47127 0.47866 0.49319 0.50059
 0.50985 0.56046 0.57041 0.58018 0.58901 0.59488 0.59942 0.63750 0.64424 0.66824
 0.67853 0.69144 0.71156 0.72156 0.74631 0.76326 0.77724 0.78273 0.78793 0.84134
 0.85812 0.86775 0.87257 0.87717 0.90821 0.93595 0.93698 0.95466 0.97937 0.98507
 0.98955 1.01018 1.02233 1.04578 1.04798 1.05389 1.08404 1.08884 1.10409 1.12903
 1.13268 1.13872 1.16620 1.17819 1.19068 1.19115 1.19743 1.22102 1.24216 1.25408
 1.26894 1.27640 1.28316 1.29568 1.31296 1.32417 1.33191 1.33654 1.35402 1.38008
 1.41786 1.42300 1.43472 1.43835 1.44067 1.44691 1.45320 1.46261 1.46845 1.46965
 1.51351 1.51489 1.52284 1.52634 1.53420 1.54134 1.55742 1.57126 1.58197 1.58545
 1.58940 1.59316 1.60833 1.61547 1.63554 1.64239 1.65045 1.65419 1.65811 1.66359
 1.66898 1.71881 1.72588 1.73287 1.73803 1.74144 1.75949 1.76471 1.77146 1.77996
 1.78595 1.79847 1.81580 1.81780 1.82742 1.84910 1.85937 1.86226 1.86710 1.87523
 1.88192 1.88591 1.88974 1.93008 1.94875 1.97158 1.97622 1.97849 1.99199 2.00930
 2.02262 2.03385 2.03695 2.05335 2.06019 2.07166 2.08193 2.09928 2.11486 2.12261
 2.13931 2.15215 2.15759 2.17373 2.17934 2.20925 2.22610 2.23467 2.24110 2.26759
 2.28712 2.29746 2.30518 2.32465 2.33436 2.35099 2.35794 2.36676 2.37059 2.38057
 2.39229 2.39743 2.41542 2.42650 2.48635 2.50531 2.52139 2.56034 2.56197 2.58100
 2.62082 2.62616 2.64923 2.66305 2.66725 2.67049 2.82373 2.82972 2.89997 2.94905
 2.96633 2.99560 3.01350 3.10156 3.15048 3.16988 3.19889 3.21864 3.22549 3.25055
 3.28958 3.30237 3.31203 3.32304 3.32573 3.35177 3.36528 3.36885 3.37420 3.38002
 3.40090 3.41611 3.47445 3.52188 3.54836 3.56936 3.62345 3.69816 3.73044 3.82308
 3.89291 4.03079 4.27429 4.30906 4.31033
 Occupations:
 1.00000 1.00000 1.00000 1.00000 1.00000 1.00000 1.00000 1.00000 1.00000 1.00000
 1.00000 1.00000 1.00000 1.00000 1.00000 1.00000 1.00000 1.00000 1.00000 1.00000
 1.00000 1.00000 1.00000 1.00000 1.00000 1.00000 1.00000 1.00000 1.00000 1.00000
 1.00000 1.00000 1.00000 1.00000 1.00000 1.00000 1.00000 1.00000 1.00000 1.00000
 1.00000 1.00000 1.00000 1.00000 1.00000 1.00000 1.00000 1.00000 1.00000 1.00000
 1.00000 1.00000 1.00000 1.00000 1.00000 1.00000 1.00000 1.00000 1.00000 1.00000
 1.00000 1.00000 1.00000 1.00000 1.00000 1.00000 0.45187 0.00000 0.00000 0.00000
 0.00000 0.00000 0.00000 0.00000 0.00000 0.00000 0.00000 0.00000 0.00000 0.00000
 0.00000 0.00000 0.00000 0.00000 0.00000 0.00000 0.00000 0.00000 0.00000 0.00000
 0.00000 0.00000 0.00000 0.00000 0.00000 0.00000 0.00000 0.00000 0.00000 0.00000
 0.00000 0.00000 0.00000 0.00000 0.00000 0.00000 0.00000 0.00000 0.00000 0.00000
 0.00000 0.00000 0.00000 0.00000 0.00000 0.00000 0.00000 0.00000 0.00000 0.00000
 0.00000 0.00000 0.00000 0.00000 0.00000 0.00000 0.00000 0.00000 0.00000 0.00000
 0.00000 0.00000 0.00000 0.00000 0.00000 0.00000 0.00000 0.00000 0.00000 0.00000
 0.00000 0.00000 0.00000 0.00000 0.00000 0.00000 0.00000 0.00000 0.00000 0.00000
 0.00000 0.00000 0.00000 0.00000 0.00000 0.00000 0.00000 0.00000 0.00000 0.00000
 0.00000 0.00000 0.00000 0.00000 0.00000 0.00000 0.00000 0.00000 0.00000 0.00000
 0.00000 0.00000 0.00000 0.00000 0.00000 0.00000 0.00000 0.00000 0.00000 0.00000
 0.00000 0.00000 0.00000 0.00000 0.00000 0.00000 0.00000 0.00000 0.00000 0.00000
 0.00000 0.00000 0.00000 0.00000 0.00000 0.00000 0.00000 0.00000 0.00000 0.00000
 0.00000 0.00000 0.00000 0.00000 0.00000 0.00000 0.00000 0.00000 0.00000 0.00000
 0.00000 0.00000 0.00000 0.00000 0.00000 0.00000 0.00000 0.00000 0.00000 0.00000
 0.00000 0.00000 0.00000 0.00000 0.00000 0.00000 0.00000 0.00000 0.00000 0.00000
 0.00000 0.00000 0.00000 0.00000 0.00000 0.00000 0.00000 0.00000 0.00000 0.00000
 0.00000 0.00000 0.00000 0.00000 0.00000 0.00000 0.00000 0.00000 0.00000 0.00000
 0.00000 0.00000 0.00000 0.00000 0.00000 0.00000 0.00000 0.00000 0.00000 0.00000
 0.00000 0.00000 0.00000 0.00000 0.00000 0.00000 0.00000 0.00000 0.00000 0.00000
 0.00000 0.00000 0.00000 0.00000 0.00000 0.00000 0.00000 0.00000 0.00000 0.00000
 0.00000 0.00000 0.00000 0.00000 0.00000 0.00000 0.00000 0.00000 0.00000 0.00000
 0.00000 0.00000 0.00000 0.00000 0.00000 0.00000 0.00000 0.00000 0.00000 0.00000
 0.00000 0.00000 0.00000 0.00000 0.00000
 == 22-th k-point orbital energies
 Spin up:
 -0.33658 -0.30164 -0.27533 -0.24522 -0.22598 -0.22011 -0.21916 -0.21254 -0.21104 -0.20921
 -0.20338 -0.19839 -0.19785 -0.19200 -0.19024 -0.18929 -0.18215 -0.18037 -0.18006 -0.17952
 -0.17652 -0.17593 -0.17567 -0.16883 -0.16644 -0.16411 -0.16335 -0.16201 -0.15985 -0.15935
 -0.15758 -0.15592 -0.15576 -0.15430 -0.15218 -0.15191 -0.15035 -0.15029 -0.14950 -0.14939
 -0.14754 -0.14299 -0.14207 -0.14007 -0.13806 -0.13678 -0.13516 -0.13460 -0.13311 -0.13057
 -0.12937 -0.12830 -0.12633 -0.12564 -0.12415 -0.12368 -0.12282 -0.11922 -0.11673 -0.11554
 -0.11394 -0.11314 -0.11131 -0.11111 -0.07833 -0.05708 -0.05642 -0.03754 -0.01704 -0.01500
 0.01204 0.05847 0.07589 0.08612 0.15512 0.17401 0.19320 0.20010 0.21172 0.23503
 0.25176 0.25339 0.27302 0.27894 0.30109 0.31753 0.32847 0.33837 0.35864 0.40252
 0.40907 0.41109 0.41858 0.42538 0.44560 0.49236 0.50022 0.50754 0.53128 0.53532
 0.54123 0.54706 0.57018 0.59218 0.60765 0.62068 0.63309 0.65021 0.65994 0.67496
 0.68093 0.68562 0.69492 0.72571 0.74686 0.77799 0.78157 0.79579 0.80490 0.82174
 0.83033 0.84022 0.85615 0.88733 0.89525 0.92893 0.93885 0.94308 0.96688 0.97734
 0.99228 1.01751 1.01903 1.04412 1.06062 1.07820 1.10823 1.11146 1.12637 1.13818
 1.15102 1.15130 1.16130 1.17279 1.17628 1.20443 1.23151 1.23545 1.25911 1.26366
 1.27838 1.28649 1.30345 1.31207 1.31270 1.32236 1.32245 1.34024 1.34645 1.34835
 1.36978 1.37669 1.38136 1.38260 1.39893 1.39936 1.41062 1.43248 1.43555 1.45929
 1.47554 1.47629 1.48121 1.50537 1.50910 1.52538 1.53037 1.55495 1.56602 1.58732
 1.60569 1.60979 1.61730 1.62375 1.64336 1.66212 1.67197 1.68712 1.69501 1.70659
 1.71153 1.71809 1.73007 1.73485 1.76975 1.77108 1.80513 1.80744 1.82764 1.83052
 1.83870 1.84048 1.84824 1.85615 1.86953 1.88056 1.89529 1.90015 1.90394 1.92254
 1.94498 1.95416 1.96507 1.96654 1.97594 1.99371 1.99822 2.01486 2.02066 2.02744
 2.02843 2.04275 2.06423 2.06693 2.08399 2.12034 2.12196 2.13187 2.13650 2.14402
 2.14589 2.15031 2.16492 2.16961 2.19466 2.21526 2.21852 2.22586 2.25053 2.25792
 2.25971 2.26596 2.27578 2.29488 2.30159 2.32325 2.33791 2.34269 2.35425 2.36506
 2.40605 2.45676 2.46543 2.47488 2.47644 2.50289 2.52514 2.56097 2.62960 2.63951
 2.65470 2.65978 2.66840 2.70354 2.71499 2.73277 2.73856 2.74941 2.79419 2.81067
 2.82002 2.84852 3.05970 3.07076 3.10872 3.13599 3.19863 3.20431 3.21963 3.23725
 3.27823 3.31034 3.33182 3.33231 3.36136 3.39014 3.40207 3.40488 3.41868 3.43097
 3.43673 3.43878 3.47088 3.50291 3.53608 3.53981 3.57293 3.70512 3.77333 3.88485
 4.03400 4.06261 4.08368 4.29803 4.30557
 Occupations: 
 1.00000 1.00000 1.00000 1.00000 1.00000 1.00000 1.00000 1.00000 1.00000 1.00000
 1.00000 1.00000 1.00000 1.00000 1.00000 1.00000 1.00000 1.00000 1.00000 1.00000
 1.00000 1.00000 1.00000 1.00000 1.00000 1.00000 1.00000 1.00000 1.00000 1.00000
 1.00000 1.00000 1.00000 1.00000 1.00000 1.00000 1.00000 1.00000 1.00000 1.00000
 1.00000 1.00000 1.00000 1.00000 1.00000 1.00000 1.00000 1.00000 1.00000 1.00000
 1.00000 1.00000 1.00000 1.00000 1.00000 1.00000 1.00000 1.00000 1.00000 1.00000
 1.00000 1.00000 1.00000 1.00000 1.00000 0.74824 0.60488 0.00000 0.00000 0.00000
 0.00000 0.00000 0.00000 0.00000 0.00000 0.00000 0.00000 0.00000 0.00000 0.00000
 0.00000 0.00000 0.00000 0.00000 0.00000 0.00000 0.00000 0.00000 0.00000 0.00000
 0.00000 0.00000 0.00000 0.00000 0.00000 0.00000 0.00000 0.00000 0.00000 0.00000
 0.00000 0.00000 0.00000 0.00000 0.00000 0.00000 0.00000 0.00000 0.00000 0.00000
 0.00000 0.00000 0.00000 0.00000 0.00000 0.00000 0.00000 0.00000 0.00000 0.00000
 0.00000 0.00000 0.00000 0.00000 0.00000 0.00000 0.00000 0.00000 0.00000 0.00000
 0.00000 0.00000 0.00000 0.00000 0.00000 0.00000 0.00000 0.00000 0.00000 0.00000
 0.00000 0.00000 0.00000 0.00000 0.00000 0.00000 0.00000 0.00000 0.00000 0.00000
 0.00000 0.00000 0.00000 0.00000 0.00000 0.00000 0.00000 0.00000 0.00000 0.00000
 0.00000 0.00000 0.00000 0.00000 0.00000 0.00000 0.00000 0.00000 0.00000 0.00000
 0.00000 0.00000 0.00000 0.00000 0.00000 0.00000 0.00000 0.00000 0.00000 0.00000
 0.00000 0.00000 0.00000 0.00000 0.00000 0.00000 0.00000 0.00000 0.00000 0.00000
 0.00000 0.00000 0.00000 0.00000 0.00000 0.00000 0.00000 0.00000 0.00000 0.00000
 0.00000 0.00000 0.00000 0.00000 0.00000 0.00000 0.00000 0.00000 0.00000 0.00000
 0.00000 0.00000 0.00000 0.00000 0.00000 0.00000 0.00000 0.00000 0.00000 0.00000
 0.00000 0.00000 0.00000 0.00000 0.00000 0.00000 0.00000 0.00000 0.00000 0.00000
 0.00000 0.00000 0.00000 0.00000 0.00000 0.00000 0.00000 0.00000 0.00000 0.00000
 0.00000 0.00000 0.00000 0.00000 0.00000 0.00000 0.00000 0.00000 0.00000 0.00000
 0.00000 0.00000 0.00000 0.00000 0.00000 0.00000 0.00000 0.00000 0.00000 0.00000
 0.00000 0.00000 0.00000 0.00000 0.00000 0.00000 0.00000 0.00000 0.00000 0.00000
 0.00000 0.00000 0.00000 0.00000 0.00000 0.00000 0.00000 0.00000 0.00000 0.00000
 0.00000 0.00000 0.00000 0.00000 0.00000 0.00000 0.00000 0.00000 0.00000 0.00000
 0.00000 0.00000 0.00000 0.00000 0.00000 0.00000 0.00000 0.00000 0.00000 0.00000
 0.00000 0.00000 0.00000 0.00000 0.00000
 Spin down:
 -0.33658 -0.30164 -0.27533 -0.24522 -0.22598 -0.22011 -0.21916 -0.21254 -0.21104 -0.20921
 -0.20338 -0.19839 -0.19785 -0.19200 -0.19024 -0.18929 -0.18215 -0.18037 -0.18006 -0.17952
 -0.17652 -0.17593 -0.17567 -0.16883 -0.16644 -0.16411 -0.16335 -0.16201 -0.15985 -0.15935
 -0.15758 -0.15592 -0.15576 -0.15430 -0.15218 -0.15191 -0.15035 -0.15029 -0.14950 -0.14939
 -0.14754 -0.14299 -0.14207 -0.14007 -0.13806 -0.13678 -0.13516 -0.13460 -0.13311 -0.13057
 -0.12937 -0.12830 -0.12633 -0.12564 -0.12415 -0.12368 -0.12282 -0.11922 -0.11673 -0.11554
 -0.11394 -0.11314 -0.11131 -0.11111 -0.07833 -0.05708 -0.05642 -0.03754 -0.01704 -0.01500
 0.01204 0.05847 0.07589 0.08612 0.15512 0.17401 0.19320 0.20010 0.21172 0.23503
 0.25176 0.25339 0.27302 0.27894 0.30109 0.31753 0.32847 0.33837 0.35864 0.40252
 0.40907 0.41109 0.41858 0.42538 0.44560 0.49236 0.50022 0.50754 0.53128 0.53532
 0.54123 0.54706 0.57018 0.59218 0.60765 0.62068 0.63309 0.65021 0.65994 0.67496
 0.68093 0.68562 0.69492 0.72571 0.74686 0.77799 0.78157 0.79579 0.80490 0.82174
 0.83033 0.84022 0.85615 0.88733 0.89525 0.92893 0.93885 0.94308 0.96688 0.97734
 0.99228 1.01751 1.01903 1.04412 1.06062 1.07820 1.10823 1.11146 1.12637 1.13818
 1.15102 1.15130 1.16130 1.17279 1.17628 1.20443 1.23151 1.23545 1.25911 1.26366
 1.27838 1.28649 1.30345 1.31207 1.31270 1.32236 1.32245 1.34024 1.34645 1.34835
 1.36978 1.37669 1.38136 1.38260 1.39893 1.39936 1.41062 1.43248 1.43555 1.45929
 1.47554 1.47629 1.48121 1.50537 1.50910 1.52538 1.53037 1.55495 1.56602 1.58732
 1.60569 1.60979 1.61730 1.62375 1.64336 1.66212 1.67197 1.68712 1.69501 1.70659
 1.71153 1.71809 1.73007 1.73485 1.76975 1.77108 1.80513 1.80744 1.82764 1.83052
 1.83870 1.84048 1.84824 1.85615 1.86953 1.88056 1.89529 1.90015 1.90394 1.92254
 1.94498 1.95416 1.96507 1.96654 1.97594 1.99371 1.99822 2.01486 2.02066 2.02744
 2.02843 2.04275 2.06423 2.06693 2.08399 2.12034 2.12196 2.13187 2.13650 2.14402
 2.14589 2.15031 2.16492 2.16961 2.19466 2.21526 2.21852 2.22586 2.25053 2.25792
 2.25971 2.26596 2.27578 2.29488 2.30159 2.32325 2.33791 2.34269 2.35425 2.36506
 2.40605 2.45676 2.46543 2.47488 2.47644 2.50289 2.52514 2.56097 2.62960 2.63951
 2.65470 2.65978 2.66840 2.70354 2.71499 2.73277 2.73856 2.74941 2.79419 2.81067
 2.82002 2.84852 3.05970 3.07076 3.10872 3.13599 3.19863 3.20431 3.21963 3.23725
 3.27823 3.31034 3.33182 3.33231 3.36136 3.39014 3.40207 3.40488 3.41868 3.43097
 3.43673 3.43878 3.47088 3.50291 3.53608 3.53981 3.57293 3.70512 3.77333 3.88485
 4.03400 4.06261 4.08368 4.29803 4.30557
 Occupations:
 1.00000 1.00000 1.00000 1.00000 1.00000 1.00000 1.00000 1.00000 1.00000 1.00000
 1.00000 1.00000 1.00000 1.00000 1.00000 1.00000 1.00000 1.00000 1.00000 1.00000
 1.00000 1.00000 1.00000 1.00000 1.00000 1.00000 1.00000 1.00000 1.00000 1.00000
 1.00000 1.00000 1.00000 1.00000 1.00000 1.00000 1.00000 1.00000 1.00000 1.00000
 1.00000 1.00000 1.00000 1.00000 1.00000 1.00000 1.00000 1.00000 1.00000 1.00000
 1.00000 1.00000 1.00000 1.00000 1.00000 1.00000 1.00000 1.00000 1.00000 1.00000
 1.00000 1.00000 1.00000 1.00000 1.00000 0.74866 0.60615 0.00000 0.00000 0.00000
 0.00000 0.00000 0.00000 0.00000 0.00000 0.00000 0.00000 0.00000 0.00000 0.00000
 0.00000 0.00000 0.00000 0.00000 0.00000 0.00000 0.00000 0.00000 0.00000 0.00000
 0.00000 0.00000 0.00000 0.00000 0.00000 0.00000 0.00000 0.00000 0.00000 0.00000
 0.00000 0.00000 0.00000 0.00000 0.00000 0.00000 0.00000 0.00000 0.00000 0.00000
 0.00000 0.00000 0.00000 0.00000 0.00000 0.00000 0.00000 0.00000 0.00000 0.00000
 0.00000 0.00000 0.00000 0.00000 0.00000 0.00000 0.00000 0.00000 0.00000 0.00000
 0.00000 0.00000 0.00000 0.00000 0.00000 0.00000 0.00000 0.00000 0.00000 0.00000
 0.00000 0.00000 0.00000 0.00000 0.00000 0.00000 0.00000 0.00000 0.00000 0.00000
 0.00000 0.00000 0.00000 0.00000 0.00000 0.00000 0.00000 0.00000 0.00000 0.00000
 0.00000 0.00000 0.00000 0.00000 0.00000 0.00000 0.00000 0.00000 0.00000 0.00000
 0.00000 0.00000 0.00000 0.00000 0.00000 0.00000 0.00000 0.00000 0.00000 0.00000
 0.00000 0.00000 0.00000 0.00000 0.00000 0.00000 0.00000 0.00000 0.00000 0.00000
 0.00000 0.00000 0.00000 0.00000 0.00000 0.00000 0.00000 0.00000 0.00000 0.00000
 0.00000 0.00000 0.00000 0.00000 0.00000 0.00000 0.00000 0.00000 0.00000 0.00000
 0.00000 0.00000 0.00000 0.00000 0.00000 0.00000 0.00000 0.00000 0.00000 0.00000
 0.00000 0.00000 0.00000 0.00000 0.00000 0.00000 0.00000 0.00000 0.00000 0.00000
 0.00000 0.00000 0.00000 0.00000 0.00000 0.00000 0.00000 0.00000 0.00000 0.00000
 0.00000 0.00000 0.00000 0.00000 0.00000 0.00000 0.00000 0.00000 0.00000 0.00000
 0.00000 0.00000 0.00000 0.00000 0.00000 0.00000 0.00000 0.00000 0.00000 0.00000
 0.00000 0.00000 0.00000 0.00000 0.00000 0.00000 0.00000 0.00000 0.00000 0.00000
 0.00000 0.00000 0.00000 0.00000 0.00000 0.00000 0.00000 0.00000 0.00000 0.00000
 0.00000 0.00000 0.00000 0.00000 0.00000 0.00000 0.00000 0.00000 0.00000 0.00000
 0.00000 0.00000 0.00000 0.00000 0.00000 0.00000 0.00000 0.00000 0.00000 0.00000
 0.00000 0.00000 0.00000 0.00000 0.00000
 == 23-th k-point orbital energies
 Spin up:
 -0.34579 -0.30417 -0.25387 -0.24955 -0.24266 -0.22098 -0.22059 -0.21377 -0.21198 -0.20776
 -0.20249 -0.20210 -0.19877 -0.19418 -0.19330 -0.18999 -0.18191 -0.18118 -0.17974 -0.17882
 -0.17409 -0.17365 -0.17075 -0.16935 -0.16701 -0.16547 -0.16296 -0.16168 -0.16065 -0.15930
 -0.15807 -0.15692 -0.15544 -0.15360 -0.15281 -0.15024 -0.14799 -0.14713 -0.14609 -0.14443
 -0.14318 -0.14275 -0.14095 -0.13951 -0.13795 -0.13531 -0.13417 -0.13234 -0.13207 -0.13033
 -0.12791 -0.12501 -0.12453 -0.12253 -0.12160 -0.11896 -0.11781 -0.11738 -0.11627 -0.11496
 -0.11460 -0.11382 -0.10543 -0.10367 -0.09368 -0.08035 -0.07518 -0.02121 0.00741 0.01208
 0.01476 0.03290 0.05906 0.10901 0.13821 0.13999 0.18403 0.18715 0.21685 0.21960
 0.22128 0.27176 0.27821 0.28352 0.29501 0.31497 0.33347 0.35274 0.36519 0.38093
 0.40046 0.41279 0.43197 0.43770 0.45034 0.49963 0.50735 0.51145 0.52040 0.54063
 0.55908 0.56400 0.56709 0.58277 0.59937 0.61336 0.63687 0.64935 0.65679 0.66551
 0.68235 0.72512 0.73017 0.74344 0.75991 0.78699 0.80238 0.81347 0.82425 0.82858
 0.83307 0.84094 0.85919 0.89156 0.90636 0.91812 0.92311 0.92642 0.94720 0.97594
 0.98301 1.00274 1.01058 1.03842 1.04268 1.05768 1.08128 1.09805 1.11104 1.12242
 1.13298 1.15544 1.16694 1.17345 1.18544 1.19520 1.20208 1.22238 1.24347 1.24618
 1.24924 1.26254 1.26923 1.29386 1.30670 1.31215 1.32530 1.33680 1.34203 1.34875
 1.37542 1.38760 1.39535 1.40324 1.41405 1.43033 1.43893 1.44070 1.46337 1.46669
 1.47333 1.47827 1.48097 1.48911 1.50338 1.52755 1.54773 1.57339 1.59680 1.62128
 1.63006 1.64469 1.65014 1.65941 1.66601 1.67583 1.69756 1.70373 1.70602 1.71410
 1.72425 1.72467 1.74363 1.74541 1.76092 1.76635 1.77805 1.80653 1.81563 1.81987
 1.82443 1.83967 1.84254 1.84828 1.86348 1.87190 1.88520 1.89607 1.91403 1.93433
 1.94030 1.95619 1.96125 1.96786 1.98797 1.99206 2.00431 2.01048 2.01783 2.02833
 2.03709 2.04191 2.07178 2.08948 2.10333 2.11519 2.12597 2.13249 2.14226 2.15523
 2.16279 2.16940 2.17817 2.18104 2.21235 2.21476 2.22142 2.23111 2.23667 2.24078
 2.25559 2.26935 2.27495 2.29853 2.32191 2.33274 2.35560 2.36722 2.38565 2.38743
 2.39415 2.41784 2.46304 2.46668 2.48318 2.50484 2.52471 2.53681 2.59376 2.60967
 2.61407 2.69492 2.70307 2.70741 2.73594 2.75087 2.79264 2.83660 2.85063 2.89803
 2.90267 2.93281 2.97310 2.98548 3.08821 3.18730 3.23115 3.25633 3.26519 3.28307
 3.30715 3.31739 3.32264 3.33663 3.36046 3.36253 3.36663 3.36746 3.37791 3.38999
 3.40246 3.43620 3.47418 3.49026 3.51509 3.55879 3.66680 3.67382 3.70026 3.72085
 3.87924 4.06317 4.25486 4.26330 4.30166
 Occupations: 
 1.00000 1.00000 1.00000 1.00000 1.00000 1.00000 1.00000 1.00000 1.00000 1.00000
 1.00000 1.00000 1.00000 1.00000 1.00000 1.00000 1.00000 1.00000 1.00000 1.00000
 1.00000 1.00000 1.00000 1.00000 1.00000 1.00000 1.00000 1.00000 1.00000 1.00000
 1.00000 1.00000 1.00000 1.00000 1.00000 1.00000 1.00000 1.00000 1.00000 1.00000
 1.00000 1.00000 1.00000 1.00000 1.00000 1.00000 1.00000 1.00000 1.00000 1.00000
 1.00000 1.00000 1.00000 1.00000 1.00000 1.00000 1.00000 1.00000 1.00000 1.00000
 1.00000 1.00000 1.00000 1.00000 1.00000 1.00000 1.00000 0.00000 0.00000 0.00000
 0.00000 0.00000 0.00000 0.00000 0.00000 0.00000 0.00000 0.00000 0.00000 0.00000
 0.00000 0.00000 0.00000 0.00000 0.00000 0.00000 0.00000 0.00000 0.00000 0.00000
 0.00000 0.00000 0.00000 0.00000 0.00000 0.00000 0.00000 0.00000 0.00000 0.00000
 0.00000 0.00000 0.00000 0.00000 0.00000 0.00000 0.00000 0.00000 0.00000 0.00000
 0.00000 0.00000 0.00000 0.00000 0.00000 0.00000 0.00000 0.00000 0.00000 0.00000
 0.00000 0.00000 0.00000 0.00000 0.00000 0.00000 0.00000 0.00000 0.00000 0.00000
 0.00000 0.00000 0.00000 0.00000 0.00000 0.00000 0.00000 0.00000 0.00000 0.00000
 0.00000 0.00000 0.00000 0.00000 0.00000 0.00000 0.00000 0.00000 0.00000 0.00000
 0.00000 0.00000 0.00000 0.00000 0.00000 0.00000 0.00000 0.00000 0.00000 0.00000
 0.00000 0.00000 0.00000 0.00000 0.00000 0.00000 0.00000 0.00000 0.00000 0.00000
 0.00000 0.00000 0.00000 0.00000 0.00000 0.00000 0.00000 0.00000 0.00000 0.00000
 0.00000 0.00000 0.00000 0.00000 0.00000 0.00000 0.00000 0.00000 0.00000 0.00000
 0.00000 0.00000 0.00000 0.00000 0.00000 0.00000 0.00000 0.00000 0.00000 0.00000
 0.00000 0.00000 0.00000 0.00000 0.00000 0.00000 0.00000 0.00000 0.00000 0.00000
 0.00000 0.00000 0.00000 0.00000 0.00000 0.00000 0.00000 0.00000 0.00000 0.00000
 0.00000 0.00000 0.00000 0.00000 0.00000 0.00000 0.00000 0.00000 0.00000 0.00000
 0.00000 0.00000 0.00000 0.00000 0.00000 0.00000 0.00000 0.00000 0.00000 0.00000
 0.00000 0.00000 0.00000 0.00000 0.00000 0.00000 0.00000 0.00000 0.00000 0.00000
 0.00000 0.00000 0.00000 0.00000 0.00000 0.00000 0.00000 0.00000 0.00000 0.00000
 0.00000 0.00000 0.00000 0.00000 0.00000 0.00000 0.00000 0.00000 0.00000 0.00000
 0.00000 0.00000 0.00000 0.00000 0.00000 0.00000 0.00000 0.00000 0.00000 0.00000
 0.00000 0.00000 0.00000 0.00000 0.00000 0.00000 0.00000 0.00000 0.00000 0.00000
 0.00000 0.00000 0.00000 0.00000 0.00000 0.00000 0.00000 0.00000 0.00000 0.00000
 0.00000 0.00000 0.00000 0.00000 0.00000
 Spin down:
 -0.34579 -0.30417 -0.25387 -0.24955 -0.24266 -0.22098 -0.22059 -0.21377 -0.21198 -0.20776
 -0.20249 -0.20210 -0.19877 -0.19418 -0.19330 -0.18999 -0.18191 -0.18118 -0.17974 -0.17882
 -0.17409 -0.17365 -0.17075 -0.16935 -0.16701 -0.16547 -0.16296 -0.16168 -0.16065 -0.15930
 -0.15807 -0.15692 -0.15544 -0.15360 -0.15281 -0.15024 -0.14799 -0.14713 -0.14609 -0.14443
 -0.14318 -0.14275 -0.14095 -0.13951 -0.13795 -0.13531 -0.13417 -0.13234 -0.13207 -0.13033
 -0.12791 -0.12501 -0.12453 -0.12253 -0.12160 -0.11896 -0.11781 -0.11738 -0.11627 -0.11496
 -0.11460 -0.11382 -0.10543 -0.10367 -0.09368 -0.08035 -0.07518 -0.02121 0.00741 0.01208
 0.01476 0.03290 0.05906 0.10901 0.13821 0.13999 0.18403 0.18715 0.21685 0.21960
 0.22128 0.27176 0.27821 0.28352 0.29501 0.31497 0.33347 0.35274 0.36519 0.38093
 0.40046 0.41279 0.43197 0.43770 0.45034 0.49963 0.50735 0.51145 0.52040 0.54063
 0.55908 0.56400 0.56709 0.58277 0.59937 0.61336 0.63687 0.64935 0.65679 0.66551
 0.68235 0.72512 0.73017 0.74344 0.75991 0.78699 0.80238 0.81347 0.82425 0.82858
 0.83307 0.84094 0.85919 0.89156 0.90636 0.91812 0.92311 0.92642 0.94720 0.97594
 0.98301 1.00274 1.01058 1.03842 1.04268 1.05768 1.08128 1.09805 1.11104 1.12242
 1.13298 1.15544 1.16694 1.17345 1.18544 1.19520 1.20208 1.22238 1.24347 1.24618
 1.24924 1.26254 1.26923 1.29386 1.30670 1.31215 1.32530 1.33680 1.34203 1.34875
 1.37542 1.38760 1.39535 1.40324 1.41405 1.43033 1.43893 1.44070 1.46337 1.46669
 1.47333 1.47827 1.48097 1.48911 1.50338 1.52755 1.54773 1.57339 1.59680 1.62128
 1.63006 1.64469 1.65014 1.65941 1.66601 1.67583 1.69756 1.70373 1.70602 1.71410
 1.72425 1.72467 1.74363 1.74541 1.76092 1.76635 1.77805 1.80653 1.81563 1.81987
 1.82443 1.83967 1.84254 1.84828 1.86348 1.87190 1.88520 1.89607 1.91403 1.93433
 1.94030 1.95619 1.96125 1.96786 1.98797 1.99206 2.00431 2.01048 2.01783 2.02833
 2.03709 2.04191 2.07178 2.08948 2.10333 2.11519 2.12597 2.13249 2.14226 2.15523
 2.16279 2.16940 2.17817 2.18104 2.21235 2.21476 2.22142 2.23111 2.23667 2.24078
 2.25559 2.26935 2.27495 2.29853 2.32191 2.33274 2.35560 2.36722 2.38565 2.38743
 2.39415 2.41784 2.46304 2.46668 2.48318 2.50484 2.52471 2.53681 2.59376 2.60967
 2.61407 2.69492 2.70307 2.70741 2.73594 2.75087 2.79264 2.83660 2.85063 2.89803
 2.90267 2.93281 2.97310 2.98548 3.08821 3.18730 3.23115 3.25633 3.26519 3.28307
 3.30715 3.31739 3.32264 3.33663 3.36046 3.36253 3.36663 3.36746 3.37791 3.38999
 3.40246 3.43620 3.47418 3.49026 3.51509 3.55879 3.66680 3.67382 3.70026 3.72085
 3.87924 4.06317 4.25486 4.26330 4.30166
 Occupations:
 1.00000 1.00000 1.00000 1.00000 1.00000 1.00000 1.00000 1.00000 1.00000 1.00000
 1.00000 1.00000 1.00000 1.00000 1.00000 1.00000 1.00000 1.00000 1.00000 1.00000
 1.00000 1.00000 1.00000 1.00000 1.00000 1.00000 1.00000 1.00000 1.00000 1.00000
 1.00000 1.00000 1.00000 1.00000 1.00000 1.00000 1.00000 1.00000 1.00000 1.00000
 1.00000 1.00000 1.00000 1.00000 1.00000 1.00000 1.00000 1.00000 1.00000 1.00000
 1.00000 1.00000 1.00000 1.00000 1.00000 1.00000 1.00000 1.00000 1.00000 1.00000
 1.00000 1.00000 1.00000 1.00000 1.00000 1.00000 1.00000 0.00000 0.00000 0.00000
 0.00000 0.00000 0.00000 0.00000 0.00000 0.00000 0.00000 0.00000 0.00000 0.00000
 0.00000 0.00000 0.00000 0.00000 0.00000 0.00000 0.00000 0.00000 0.00000 0.00000
 0.00000 0.00000 0.00000 0.00000 0.00000 0.00000 0.00000 0.00000 0.00000 0.00000
 0.00000 0.00000 0.00000 0.00000 0.00000 0.00000 0.00000 0.00000 0.00000 0.00000
 0.00000 0.00000 0.00000 0.00000 0.00000 0.00000 0.00000 0.00000 0.00000 0.00000
 0.00000 0.00000 0.00000 0.00000 0.00000 0.00000 0.00000 0.00000 0.00000 0.00000
 0.00000 0.00000 0.00000 0.00000 0.00000 0.00000 0.00000 0.00000 0.00000 0.00000
 0.00000 0.00000 0.00000 0.00000 0.00000 0.00000 0.00000 0.00000 0.00000 0.00000
 0.00000 0.00000 0.00000 0.00000 0.00000 0.00000 0.00000 0.00000 0.00000 0.00000
 0.00000 0.00000 0.00000 0.00000 0.00000 0.00000 0.00000 0.00000 0.00000 0.00000
 0.00000 0.00000 0.00000 0.00000 0.00000 0.00000 0.00000 0.00000 0.00000 0.00000
 0.00000 0.00000 0.00000 0.00000 0.00000 0.00000 0.00000 0.00000 0.00000 0.00000
 0.00000 0.00000 0.00000 0.00000 0.00000 0.00000 0.00000 0.00000 0.00000 0.00000
 0.00000 0.00000 0.00000 0.00000 0.00000 0.00000 0.00000 0.00000 0.00000 0.00000
 0.00000 0.00000 0.00000 0.00000 0.00000 0.00000 0.00000 0.00000 0.00000 0.00000
 0.00000 0.00000 0.00000 0.00000 0.00000 0.00000 0.00000 0.00000 0.00000 0.00000
 0.00000 0.00000 0.00000 0.00000 0.00000 0.00000 0.00000 0.00000 0.00000 0.00000
 0.00000 0.00000 0.00000 0.00000 0.00000 0.00000 0.00000 0.00000 0.00000 0.00000
 0.00000 0.00000 0.00000 0.00000 0.00000 0.00000 0.00000 0.00000 0.00000 0.00000
 0.00000 0.00000 0.00000 0.00000 0.00000 0.00000 0.00000 0.00000 0.00000 0.00000
 0.00000 0.00000 0.00000 0.00000 0.00000 0.00000 0.00000 0.00000 0.00000 0.00000
 0.00000 0.00000 0.00000 0.00000 0.00000 0.00000 0.00000 0.00000 0.00000 0.00000
 0.00000 0.00000 0.00000 0.00000 0.00000 0.00000 0.00000 0.00000 0.00000 0.00000
 0.00000 0.00000 0.00000 0.00000 0.00000
 == 24-th k-point orbital energies
 Spin up:
 -0.33658 -0.30164 -0.27533 -0.24522 -0.22597 -0.22011 -0.21916 -0.21251 -0.21106 -0.20921
 -0.20337 -0.19836 -0.19788 -0.19194 -0.19024 -0.18933 -0.18216 -0.18037 -0.18008 -0.17950
 -0.17652 -0.17597 -0.17564 -0.16882 -0.16646 -0.16412 -0.16331 -0.16204 -0.15991 -0.15937
 -0.15761 -0.15592 -0.15582 -0.15432 -0.15215 -0.15190 -0.15029 -0.15027 -0.14954 -0.14937
 -0.14747 -0.14296 -0.14202 -0.14003 -0.13808 -0.13682 -0.13514 -0.13461 -0.13309 -0.13059
 -0.12944 -0.12824 -0.12640 -0.12571 -0.12414 -0.12365 -0.12281 -0.11924 -0.11673 -0.11552
 -0.11393 -0.11318 -0.11128 -0.11113 -0.07833 -0.05706 -0.05640 -0.03754 -0.01703 -0.01502
 0.01204 0.05846 0.07589 0.08612 0.15513 0.17402 0.19319 0.20010 0.21172 0.23503
 0.25177 0.25338 0.27302 0.27894 0.30110 0.31752 0.32847 0.33837 0.35864 0.40252
 0.40907 0.41110 0.41857 0.42539 0.44560 0.49236 0.50022 0.50755 0.53128 0.53532
 0.54123 0.54706 0.57018 0.59218 0.60765 0.62068 0.63309 0.65021 0.65994 0.67496
 0.68093 0.68562 0.69492 0.72572 0.74686 0.77799 0.78158 0.79579 0.80490 0.82174
 0.83033 0.84022 0.85615 0.88732 0.89525 0.92893 0.93885 0.94308 0.96688 0.97734
 0.99228 1.01750 1.01903 1.04412 1.06062 1.07820 1.10823 1.11146 1.12638 1.13817
 1.15103 1.15129 1.16130 1.17278 1.17628 1.20442 1.23151 1.23545 1.25911 1.26367
 1.27838 1.28649 1.30345 1.31207 1.31269 1.32237 1.32245 1.34024 1.34645 1.34835
 1.36978 1.37669 1.38136 1.38260 1.39893 1.39936 1.41062 1.43248 1.43555 1.45929
 1.47554 1.47629 1.48121 1.50537 1.50910 1.52537 1.53037 1.55496 1.56602 1.58732
 1.60569 1.60979 1.61730 1.62375 1.64336 1.66211 1.67197 1.68712 1.69501 1.70659
 1.71153 1.71809 1.73007 1.73485 1.76976 1.77108 1.80513 1.80744 1.82765 1.83052
 1.83870 1.84048 1.84824 1.85615 1.86954 1.88056 1.89530 1.90014 1.90394 1.92254
 1.94498 1.95415 1.96507 1.96654 1.97595 1.99371 1.99822 2.01487 2.02065 2.02745
 2.02843 2.04275 2.06424 2.06693 2.08399 2.12034 2.12196 2.13187 2.13651 2.14402
 2.14589 2.15031 2.16492 2.16962 2.19465 2.21526 2.21852 2.22586 2.25053 2.25792
 2.25971 2.26596 2.27578 2.29489 2.30159 2.32325 2.33791 2.34269 2.35424 2.36506
 2.40604 2.45676 2.46543 2.47488 2.47644 2.50288 2.52514 2.56097 2.62961 2.63949
 2.65470 2.65978 2.66840 2.70354 2.71499 2.73278 2.73856 2.74941 2.79423 2.81067
 2.82000 2.84850 3.05970 3.07075 3.10877 3.13592 3.19868 3.20433 3.21953 3.23730
 3.27822 3.31034 3.33181 3.33231 3.36136 3.39015 3.40204 3.40490 3.41869 3.43101
 3.43670 3.43873 3.47087 3.50289 3.53607 3.53983 3.57287 3.70525 3.77340 3.88474
 4.03405 4.06260 4.08366 4.29796 4.30564
 Occupations: 
 1.00000 1.00000 1.00000 1.00000 1.00000 1.00000 1.00000 1.00000 1.00000 1.00000
 1.00000 1.00000 1.00000 1.00000 1.00000 1.00000 1.00000 1.00000 1.00000 1.00000
 1.00000 1.00000 1.00000 1.00000 1.00000 1.00000 1.00000 1.00000 1.00000 1.00000
 1.00000 1.00000 1.00000 1.00000 1.00000 1.00000 1.00000 1.00000 1.00000 1.00000
 1.00000 1.00000 1.00000 1.00000 1.00000 1.00000 1.00000 1.00000 1.00000 1.00000
 1.00000 1.00000 1.00000 1.00000 1.00000 1.00000 1.00000 1.00000 1.00000 1.00000
 1.00000 1.00000 1.00000 1.00000 1.00000 0.74461 0.60212 0.00000 0.00000 0.00000
 0.00000 0.00000 0.00000 0.00000 0.00000 0.00000 0.00000 0.00000 0.00000 0.00000
 0.00000 0.00000 0.00000 0.00000 0.00000 0.00000 0.00000 0.00000 0.00000 0.00000
 0.00000 0.00000 0.00000 0.00000 0.00000 0.00000 0.00000 0.00000 0.00000 0.00000
 0.00000 0.00000 0.00000 0.00000 0.00000 0.00000 0.00000 0.00000 0.00000 0.00000
 0.00000 0.00000 0.00000 0.00000 0.00000 0.00000 0.00000 0.00000 0.00000 0.00000
 0.00000 0.00000 0.00000 0.00000 0.00000 0.00000 0.00000 0.00000 0.00000 0.00000
 0.00000 0.00000 0.00000 0.00000 0.00000 0.00000 0.00000 0.00000 0.00000 0.00000
 0.00000 0.00000 0.00000 0.00000 0.00000 0.00000 0.00000 0.00000 0.00000 0.00000
 0.00000 0.00000 0.00000 0.00000 0.00000 0.00000 0.00000 0.00000 0.00000 0.00000
 0.00000 0.00000 0.00000 0.00000 0.00000 0.00000 0.00000 0.00000 0.00000 0.00000
 0.00000 0.00000 0.00000 0.00000 0.00000 0.00000 0.00000 0.00000 0.00000 0.00000
 0.00000 0.00000 0.00000 0.00000 0.00000 0.00000 0.00000 0.00000 0.00000 0.00000
 0.00000 0.00000 0.00000 0.00000 0.00000 0.00000 0.00000 0.00000 0.00000 0.00000
 0.00000 0.00000 0.00000 0.00000 0.00000 0.00000 0.00000 0.00000 0.00000 0.00000
 0.00000 0.00000 0.00000 0.00000 0.00000 0.00000 0.00000 0.00000 0.00000 0.00000
 0.00000 0.00000 0.00000 0.00000 0.00000 0.00000 0.00000 0.00000 0.00000 0.00000
 0.00000 0.00000 0.00000 0.00000 0.00000 0.00000 0.00000 0.00000 0.00000 0.00000
 0.00000 0.00000 0.00000 0.00000 0.00000 0.00000 0.00000 0.00000 0.00000 0.00000
 0.00000 0.00000 0.00000 0.00000 0.00000 0.00000 0.00000 0.00000 0.00000 0.00000
 0.00000 0.00000 0.00000 0.00000 0.00000 0.00000 0.00000 0.00000 0.00000 0.00000
 0.00000 0.00000 0.00000 0.00000 0.00000 0.00000 0.00000 0.00000 0.00000 0.00000
 0.00000 0.00000 0.00000 0.00000 0.00000 0.00000 0.00000 0.00000 0.00000 0.00000
 0.00000 0.00000 0.00000 0.00000 0.00000 0.00000 0.00000 0.00000 0.00000 0.00000
 0.00000 0.00000 0.00000 0.00000 0.00000
 Spin down:
 -0.33658 -0.30164 -0.27533 -0.24522 -0.22597 -0.22011 -0.21916 -0.21251 -0.21106 -0.20921
 -0.20337 -0.19836 -0.19788 -0.19194 -0.19024 -0.18933 -0.18216 -0.18037 -0.18008 -0.17950
 -0.17652 -0.17597 -0.17564 -0.16882 -0.16646 -0.16412 -0.16331 -0.16204 -0.15991 -0.15937
 -0.15761 -0.15592 -0.15582 -0.15432 -0.15215 -0.15190 -0.15029 -0.15027 -0.14954 -0.14937
 -0.14747 -0.14296 -0.14202 -0.14003 -0.13808 -0.13682 -0.13514 -0.13461 -0.13309 -0.13059
 -0.12944 -0.12824 -0.12640 -0.12571 -0.12414 -0.12365 -0.12281 -0.11924 -0.11673 -0.11552
 -0.11393 -0.11318 -0.11128 -0.11113 -0.07833 -0.05706 -0.05640 -0.03754 -0.01703 -0.01502
 0.01204 0.05846 0.07589 0.08612 0.15513 0.17402 0.19319 0.20010 0.21172 0.23503
 0.25177 0.25338 0.27302 0.27894 0.30110 0.31752 0.32847 0.33837 0.35864 0.40252
 0.40907 0.41110 0.41857 0.42539 0.44560 0.49236 0.50022 0.50755 0.53128 0.53532
 0.54123 0.54706 0.57018 0.59218 0.60765 0.62068 0.63309 0.65021 0.65994 0.67496
 0.68093 0.68562 0.69492 0.72572 0.74686 0.77799 0.78158 0.79579 0.80490 0.82174
 0.83033 0.84022 0.85615 0.88732 0.89525 0.92893 0.93885 0.94308 0.96688 0.97734
 0.99228 1.01750 1.01903 1.04412 1.06062 1.07820 1.10823 1.11146 1.12638 1.13817
 1.15103 1.15129 1.16130 1.17278 1.17628 1.20442 1.23151 1.23545 1.25911 1.26367
 1.27838 1.28649 1.30345 1.31207 1.31269 1.32237 1.32245 1.34024 1.34645 1.34835
 1.36978 1.37669 1.38136 1.38260 1.39893 1.39936 1.41062 1.43248 1.43555 1.45929
 1.47554 1.47629 1.48121 1.50537 1.50910 1.52537 1.53037 1.55496 1.56602 1.58732
 1.60569 1.60979 1.61730 1.62375 1.64336 1.66211 1.67197 1.68712 1.69501 1.70659
 1.71153 1.71809 1.73007 1.73485 1.76976 1.77108 1.80513 1.80744 1.82765 1.83052
 1.83870 1.84048 1.84824 1.85615 1.86954 1.88056 1.89530 1.90014 1.90394 1.92254
 1.94498 1.95415 1.96507 1.96654 1.97595 1.99371 1.99822 2.01487 2.02065 2.02745
 2.02843 2.04275 2.06424 2.06693 2.08399 2.12034 2.12196 2.13187 2.13651 2.14402
 2.14589 2.15031 2.16492 2.16962 2.19465 2.21526 2.21852 2.22586 2.25053 2.25792
 2.25971 2.26596 2.27578 2.29489 2.30159 2.32325 2.33791 2.34269 2.35424 2.36506
 2.40604 2.45676 2.46543 2.47488 2.47644 2.50288 2.52514 2.56097 2.62961 2.63949
 2.65470 2.65978 2.66840 2.70354 2.71499 2.73278 2.73856 2.74941 2.79423 2.81067
 2.82000 2.84850 3.05970 3.07075 3.10877 3.13592 3.19868 3.20433 3.21953 3.23730
 3.27822 3.31034 3.33181 3.33231 3.36136 3.39015 3.40204 3.40490 3.41869 3.43101
 3.43670 3.43873 3.47087 3.50289 3.53607 3.53983 3.57287 3.70525 3.77340 3.88474
 4.03405 4.06260 4.08366 4.29796 4.30564
 Occupations:
 1.00000 1.00000 1.00000 1.00000 1.00000 1.00000 1.00000 1.00000 1.00000 1.00000
 1.00000 1.00000 1.00000 1.00000 1.00000 1.00000 1.00000 1.00000 1.00000 1.00000
 1.00000 1.00000 1.00000 1.00000 1.00000 1.00000 1.00000 1.00000 1.00000 1.00000
 1.00000 1.00000 1.00000 1.00000 1.00000 1.00000 1.00000 1.00000 1.00000 1.00000
 1.00000 1.00000 1.00000 1.00000 1.00000 1.00000 1.00000 1.00000 1.00000 1.00000
 1.00000 1.00000 1.00000 1.00000 1.00000 1.00000 1.00000 1.00000 1.00000 1.00000
 1.00000 1.00000 1.00000 1.00000 1.00000 0.74503 0.60339 0.00000 0.00000 0.00000
 0.00000 0.00000 0.00000 0.00000 0.00000 0.00000 0.00000 0.00000 0.00000 0.00000
 0.00000 0.00000 0.00000 0.00000 0.00000 0.00000 0.00000 0.00000 0.00000 0.00000
 0.00000 0.00000 0.00000 0.00000 0.00000 0.00000 0.00000 0.00000 0.00000 0.00000
 0.00000 0.00000 0.00000 0.00000 0.00000 0.00000 0.00000 0.00000 0.00000 0.00000
 0.00000 0.00000 0.00000 0.00000 0.00000 0.00000 0.00000 0.00000 0.00000 0.00000
 0.00000 0.00000 0.00000 0.00000 0.00000 0.00000 0.00000 0.00000 0.00000 0.00000
 0.00000 0.00000 0.00000 0.00000 0.00000 0.00000 0.00000 0.00000 0.00000 0.00000
 0.00000 0.00000 0.00000 0.00000 0.00000 0.00000 0.00000 0.00000 0.00000 0.00000
 0.00000 0.00000 0.00000 0.00000 0.00000 0.00000 0.00000 0.00000 0.00000 0.00000
 0.00000 0.00000 0.00000 0.00000 0.00000 0.00000 0.00000 0.00000 0.00000 0.00000
 0.00000 0.00000 0.00000 0.00000 0.00000 0.00000 0.00000 0.00000 0.00000 0.00000
 0.00000 0.00000 0.00000 0.00000 0.00000 0.00000 0.00000 0.00000 0.00000 0.00000
 0.00000 0.00000 0.00000 0.00000 0.00000 0.00000 0.00000 0.00000 0.00000 0.00000
 0.00000 0.00000 0.00000 0.00000 0.00000 0.00000 0.00000 0.00000 0.00000 0.00000
 0.00000 0.00000 0.00000 0.00000 0.00000 0.00000 0.00000 0.00000 0.00000 0.00000
 0.00000 0.00000 0.00000 0.00000 0.00000 0.00000 0.00000 0.00000 0.00000 0.00000
 0.00000 0.00000 0.00000 0.00000 0.00000 0.00000 0.00000 0.00000 0.00000 0.00000
 0.00000 0.00000 0.00000 0.00000 0.00000 0.00000 0.00000 0.00000 0.00000 0.00000
 0.00000 0.00000 0.00000 0.00000 0.00000 0.00000 0.00000 0.00000 0.00000 0.00000
 0.00000 0.00000 0.00000 0.00000 0.00000 0.00000 0.00000 0.00000 0.00000 0.00000
 0.00000 0.00000 0.00000 0.00000 0.00000 0.00000 0.00000 0.00000 0.00000 0.00000
 0.00000 0.00000 0.00000 0.00000 0.00000 0.00000 0.00000 0.00000 0.00000 0.00000
 0.00000 0.00000 0.00000 0.00000 0.00000 0.00000 0.00000 0.00000 0.00000 0.00000
 0.00000 0.00000 0.00000 0.00000 0.00000

 The final Fermi energy from SCF is -1.52354 eV

           Ground-State Mulliken Net Atomic Charges

      Atom                 Charge (a.u.)          Spin (a.u.)
   --------------------------------------------------------
      1 Cu               (0.012981,-0.000000)   (-0.000063,0.000000)
      2 Cu               (0.020639,-0.000000)  (-0.000058,-0.000000)
      3 Cu                (0.020639,0.000000)   (-0.000058,0.000000)
      4 Cu               (0.020593,-0.000000)  (-0.000058,-0.000000)
      5 Cu              (-0.030320,-0.000000)   (-0.000106,0.000000)
      6 Cu               (-0.030458,0.000000)  (-0.000106,-0.000000)
      7 Cu               (-0.052120,0.000000)  (-0.000079,-0.000000)
      8 Cu              (-0.030320,-0.000000)   (-0.000106,0.000000)
      9 Cu              (-0.010169,-0.000000)  (-0.000074,-0.000000)
     10 Cu              (-0.010235,-0.000000)   (-0.000074,0.000000)
     11 Cu               (-0.010235,0.000000)   (-0.000074,0.000000)
     12 Cu                (0.060850,0.000000)  (-0.000059,-0.000000)
     13  H               (0.038156,-0.000000)  (-0.000014,-0.000000)
   --------------------------------------------------------
  Sum of atomic charges =      (0.000000,-0.000000)
  Sum of spin   charges =      (-0.000927,0.000000)



 Total job time:  6737.09 s.
 Thu Jun  4 04:32:24 2026


        *************************************************************
        *                                                           *
        *  Thank you very much for using QCPBC. Have a nice day.    *
        *                                                           *
        *************************************************************

