
Running job 1 of 1
                  Welcome to Q-Chem
           with Periodic Boundary Conditions
     A Quantum Leap Into The Future Of Chemistry

 Adam Rettig, Xintian Feng, Meng-Fu Chen, Hieu Dinh, Anton Ni,
 Stephen Quiton, Paul J. Robinson, Jinghong Zhang, Joonho Lee

Contributors to earlier versions of Q-Chem not listed above:
 Evgeny Epifanovsky, Leo Cunha, Jerome F. Gonthier, Kuan-Yu Liu
 Input file: /n/home10/lko/qcpbc/scratch//INPUT_Cu_H_bridge.scratch20260612183400/INPUT_Cu_H_bridge.0
 Scratch folder: /n/home10/lko/qcpbc/scratch//INPUT_Cu_H_bridge.scratch20260612183400
 Auxillary files located at: /n/home10/lko/qcpbc/qcpbc/qcaux
 Q-Chem begins on Fri Jun 12 18:34:06 2026

 -------------------------------------------------------------
 User input:
 -------------------------------------------------------------
 $lattice
  3
   5.1123820280 0.0000000000 0.0000000000
   2.5561910140 4.4274527101 0.0000000000
   0.0000000000 0.0000000000 34.1742424462
 $end
 $unitcell
  ABSOLUTE
  0 1
 Cu      1.278095506994685      0.737908785013432     15.000000000000000
 Cu      3.834286520984055      0.737908785013432     15.000000000000000
 Cu      2.556191013989370      2.951635140053729     15.000000000000000
 Cu      5.112382027978740      2.951635140053729     15.000000000000000
 Cu      0.000000000000000      1.475817570026865     17.087121223120498
 Cu      2.556191013989370      1.475817570026865     17.087121223120498
 Cu      1.278095506994685      3.689543925067162     17.087121223120498
 Cu      3.834286520984055      3.689543925067162     17.087121223120498
 Cu      0.000000000000000      0.000000000000000     19.174242446240996
 Cu      2.556191013989370      0.000000000000000     19.174242446240996
 Cu      1.278095506994685      2.213726355040297     19.174242446240996
 Cu      3.834286520984055      2.213726355040297     19.174242446240996
 H       1.278095506994685      0.000000000000000     20.22189
 $end
 $rem
 jobtype sp
 unrestricted true 
 method pbe
 pseudo GTH-PBE
 basis DZVP-MOLOPT-PBE-GTH
 kecut 1500
 symmetry false
 scf_guess read
 DFT_D 6
 !gpw_method shellpair
 collinear_gscf true
 scf_convergence 8
 scf_algorithm diis
 !tscf true
 !theta 0.001
 max_scf_cycles 200
 mem_total 300000
 scf_print 2
 mp_mesh [5,5,1]
 occ_smearing Fermi
 smearing_sigma 0.001
 $end
 $rem_autosad
 incfock 1000
 scf_algorithm gdm_ls
 scf_convergence 7
 $end
 -------------------------------------------------------------
 Running PBC job

 Requested Exchange Correlation Functionals: 
  DFT Exchange:  1.00000 pbe_x
  DFT Correlation:  1.00000 pbe_c
 using 64 threads for computing.
 ---------------------------------------------------------------
      Coordinates of Atoms in Central Unit Cell (Angstroms)
    I     Atom         X            Y            Z
 ---------------------------------------------------------------
    1      Cu      1.278096     0.737909    15.000000
    2      Cu      3.834287     0.737909    15.000000
    3      Cu      2.556191     2.951635    15.000000
    4      Cu      5.112382     2.951635    15.000000
    5      Cu      0.000000     1.475818    17.087121
    6      Cu      2.556191     1.475818    17.087121
    7      Cu      1.278096     3.689544    17.087121
    8      Cu      3.834287     3.689544    17.087121
    9      Cu      0.000000     0.000000    19.174242
   10      Cu      2.556191     0.000000    19.174242
   11      Cu      1.278096     2.213726    19.174242
   12      Cu      3.834287     2.213726    19.174242
   13       H      1.278096     0.000000    20.221890
 ---------------------------------------------------------------
 --------------------------------------------------
              Lattice Vectors (Angstroms)
              X            Y            Z
 --------------------------------------------------
   a1       5.112382     0.000000     0.000000
   a2       2.556191     4.427453     0.000000
   a3       0.000000     0.000000    34.174242
 --------------------------------------------------
 --------------------------------------------------
       Reciprocal Lattice Vectors (Angstroms^-1)
              X            Y            Z
 --------------------------------------------------
   b1       1.229013    -0.709571     0.000000
   b2      -0.000000     1.419142     0.000000
   b3       0.000000     0.000000     0.183857
 --------------------------------------------------

 Single point calculation requested


 K-Points calculation started.

 There are 305 basis functions in the central unit cell.
 There are 363 image cells after screening.
 There are 225 image cells for CGTO evaluation after screening.
 Real-Space grid for FFT initialized based on kinetic energy cutoff (eV) = 1500.0
 Real-Space grid for FFT: (23,23,153)
 There are 678163 real-space grid points.

 Adding empirical dispersion correction 
 ----------------------------------------------------------------
 Doing -D3(BJ) with
 s6  =   1.00000
 s8  =   0.78750
 a1  =   0.42890
 a2  =   4.44070
 ----------------------------------------------------------------
 Spacegroup symmetry group: Cm  (hall_number: 30)
    Reducing spacegroup symmetry to symmorphic group: P 1  (hall_number: 1)
 Monkhorst-Pack mesh is [5,5,1]
 There are 25 k points.
 Smearing occupation scheme, kind: fermi, sigma: 0.0010000000, collinear GSCF occupation scheme
 k-points (Bohr^-1):
 == 0-th k-point nmo = 305 (-0.26015,-0.15020,0.00000) ==
 == 1-th k-point nmo = 305 (-0.26015,-0.00000,0.00000) ==
 == 2-th k-point nmo = 305 (-0.26015,0.15020,0.00000) ==
 == 3-th k-point nmo = 305 (-0.26015,0.30039,0.00000) ==
 == 4-th k-point nmo = 305 (-0.26015,0.45059,0.00000) ==
 == 5-th k-point nmo = 305 (-0.13007,-0.22529,0.00000) ==
 == 6-th k-point nmo = 305 (-0.13007,-0.07510,0.00000) ==
 == 7-th k-point nmo = 305 (-0.13007,0.07510,0.00000) ==
 == 8-th k-point nmo = 305 (-0.13007,0.22529,0.00000) ==
 == 9-th k-point nmo = 305 (-0.13007,0.37549,0.00000) ==
 == 10-th k-point nmo = 305 (0.00000,-0.30039,0.00000) ==
 == 11-th k-point nmo = 305 (0.00000,-0.15020,0.00000) ==
 == 12-th k-point nmo = 305 (0.00000,0.00000,0.00000) ==
 == 13-th k-point nmo = 305 (-0.00000,0.15020,0.00000) ==
 == 14-th k-point nmo = 305 (-0.00000,0.30039,0.00000) ==
 == 15-th k-point nmo = 305 (0.13007,-0.37549,0.00000) ==
 == 16-th k-point nmo = 305 (0.13007,-0.22529,0.00000) ==
 == 17-th k-point nmo = 305 (0.13007,-0.07510,0.00000) ==
 == 18-th k-point nmo = 305 (0.13007,0.07510,0.00000) ==
 == 19-th k-point nmo = 305 (0.13007,0.22529,0.00000) ==
 == 20-th k-point nmo = 305 (0.26015,-0.45059,0.00000) ==
 == 21-th k-point nmo = 305 (0.26015,-0.30039,0.00000) ==
 == 22-th k-point nmo = 305 (0.26015,-0.15020,0.00000) ==
 == 23-th k-point nmo = 305 (0.26015,0.00000,0.00000) ==
 == 24-th k-point nmo = 305 (0.26015,0.15020,0.00000) ==

 There are 66.500000 alpha and 66.500000 beta electrons per k-point
 Reading guess density from scratch folder
 Reading guess density from scratch data context

 Start computing CGTO
 CGTO with derivative is computed and kept in memory, which occupies 233641 MB (25.97% sparsity)

 smearing ON : fermi
  sigma: 1.000e-03
 electronic temperature: 1.000e-03 a.u.
 electronic temperature: 315.78 K
The total number of electrons in this calculation is 3325.00000
 ----------------------------------------------
 Guess energy: -578.0913962549
 ----------------------------------------------
 Guess energy components:
 D3 correction     Energy =  -0.17181714485541
 DFT Correlation   Energy =  -5.43460214965046
 DFT Exchange      Energy = -87.94530712710883
 Kinetic           Energy = 836.78595377411693
 Nuclear Repulsion Energy = 4554.32835000978775
 Pseudo Potential  Energy = -11014.40599108314200
 Total Coulomb     Energy = 5138.75201746590483
 ----------------------------------------------
  Cycle       Energy         DIIS error
 ----------------------------------------------
    1    -578.0395862304      1.81e-04  M = 1.000000
 Energy components after cycle 1:
 D3 correction     Energy =  -0.17181714485541
 DFT Correlation   Energy =  -5.43475737996035
 DFT Exchange      Energy = -87.85753839779532
 Kinetic           Energy = 835.82851162311408
 Nuclear Repulsion Energy = 4554.32835000978775
 Pseudo Potential  Energy = -11011.60077863672814
 Total Coulomb     Energy = 5136.86844369601386
    2    -578.0632838908      1.70e-03  M = 1.000000
 Energy components after cycle 2:
 D3 correction     Energy =  -0.17181714485541
 DFT Correlation   Energy =  -5.43455504193630
 DFT Exchange      Energy = -87.91045145243530
 Kinetic           Energy = 836.39114203616748
 Nuclear Repulsion Energy = 4554.32835000978775
 Pseudo Potential  Energy = -11013.41544685261761
 Total Coulomb     Energy = 5138.14949455504393
    3    -578.0919158230      1.28e-03  M = 1.000000
 Energy components after cycle 3:
 D3 correction     Energy =  -0.17181714485541
 DFT Correlation   Energy =  -5.43445961483670
 DFT Exchange      Energy = -87.93283387492653
 Kinetic           Energy = 836.65805713362818
 Nuclear Repulsion Energy = 4554.32835000978775
 Pseudo Potential  Energy = -11013.97036329744697
 Total Coulomb     Energy = 5138.43115096559995
    4    -578.0919941951      7.72e-05  M = 1.000000
 Energy components after cycle 4:
 D3 correction     Energy =  -0.17181714485541
 DFT Correlation   Energy =  -5.43452013637382
 DFT Exchange      Energy = -87.93300635025209
 Kinetic           Energy = 836.65560947863958
 Nuclear Repulsion Energy = 4554.32835000978775
 Pseudo Potential  Energy = -11013.88257552054711
 Total Coulomb     Energy = 5138.34596546848661
    5    -578.0919887716      4.43e-05  M = 1.000000
 Energy components after cycle 5:
 D3 correction     Energy =  -0.17181714485541
 DFT Correlation   Energy =  -5.43474543659680
 DFT Exchange      Energy = -87.93560420282478
 Kinetic           Energy = 836.67435648791343
 Nuclear Repulsion Energy = 4554.32835000978775
 Pseudo Potential  Energy = -11014.33325902211436
 Total Coulomb     Energy = 5138.78073053704793
    6    -578.0920226646      4.13e-05  M = 1.000000
 Energy components after cycle 6:
 D3 correction     Energy =  -0.17181714485541
 DFT Correlation   Energy =  -5.43456220186946
 DFT Exchange      Energy = -87.92974688330609
 Kinetic           Energy = 836.61604760118814
 Nuclear Repulsion Energy = 4554.32835000978775
 Pseudo Potential  Energy = -11013.85463983181216
 Total Coulomb     Energy = 5138.35434578626791
    7    -578.0920303728      2.25e-05  M = 1.000000
 Energy components after cycle 7:
 D3 correction     Energy =  -0.17181714485541
 DFT Correlation   Energy =  -5.43457030417741
 DFT Exchange      Energy = -87.93215634487359
 Kinetic           Energy = 836.64296242441037
 Nuclear Repulsion Energy = 4554.32835000978775
 Pseudo Potential  Energy = -11013.99319217200173
 Total Coulomb     Energy = 5138.46839315889520
    8    -578.0920315571      5.08e-06  M = 1.000000
 Energy components after cycle 8:
 D3 correction     Energy =  -0.17181714485541
 DFT Correlation   Energy =  -5.43455981201064
 DFT Exchange      Energy = -87.93338190297874
 Kinetic           Energy = 836.65736468725163
 Nuclear Repulsion Energy = 4554.32835000978775
 Pseudo Potential  Energy = -11014.00834422429762
 Total Coulomb     Energy = 5138.47035683005106
    9    -578.0920310691      2.76e-06  M = 1.000000
 Energy components after cycle 9:
 D3 correction     Energy =  -0.17181714485541
 DFT Correlation   Energy =  -5.43456586878724
 DFT Exchange      Energy = -87.93343279094206
 Kinetic           Energy = 836.65776877737812
 Nuclear Repulsion Energy = 4554.32835000978775
 Pseudo Potential  Energy = -11014.01717130529505
 Total Coulomb     Energy = 5138.47883725362044
   10    -578.0920310426      9.46e-07  M = 1.000000
 Energy components after cycle 10:
 D3 correction     Energy =  -0.17181714485541
 DFT Correlation   Energy =  -5.43457074094196
 DFT Exchange      Energy = -87.93304219912788
 Kinetic           Energy = 836.65323360699699
 Nuclear Repulsion Energy = 4554.32835000978775
 Pseudo Potential  Energy = -11014.01146508177226
 Total Coulomb     Energy = 5138.47728050736168
   11    -578.0920310020      3.47e-07  M = 1.000000
 Energy components after cycle 11:
 D3 correction     Energy =  -0.17181714485541
 DFT Correlation   Energy =  -5.43457124178771
 DFT Exchange      Energy = -87.93312836509773
 Kinetic           Energy = 836.65418230282103
 Nuclear Repulsion Energy = 4554.32835000978775
 Pseudo Potential  Energy = -11014.01450688420846
 Total Coulomb     Energy = 5138.47946032139043
   12    -578.0920310428      5.15e-07  M = 1.000000
 Energy components after cycle 12:
 D3 correction     Energy =  -0.17181714485541
 DFT Correlation   Energy =  -5.43457028110676
 DFT Exchange      Energy = -87.93320713765536
 Kinetic           Energy = 836.65508435939876
 Nuclear Repulsion Energy = 4554.32835000978775
 Pseudo Potential  Energy = -11014.01588711217119
 Total Coulomb     Energy = 5138.48001626384212
   13    -578.0920310450      1.86e-07  M = 1.000000
 Energy components after cycle 13:
 D3 correction     Energy =  -0.17181714485541
 DFT Correlation   Energy =  -5.43457026081889
 DFT Exchange      Energy = -87.93316740566665
 Kinetic           Energy = 836.65463771950408
 Nuclear Repulsion Energy = 4554.32835000978775
 Pseudo Potential  Energy = -11014.01469567714776
 Total Coulomb     Energy = 5138.47923171422553
   14    -578.0920310516      1.57e-07  M = 1.000000
 Energy components after cycle 14:
 D3 correction     Energy =  -0.17181714485541
 DFT Correlation   Energy =  -5.43457021872103
 DFT Exchange      Energy = -87.93315688758891
 Kinetic           Energy = 836.65451921773331
 Nuclear Repulsion Energy = 4554.32835000978775
 Pseudo Potential  Energy = -11014.01438872919607
 Total Coulomb     Energy = 5138.47903270120332
   15    -578.0920310414      5.91e-08  M = 1.000000
 Energy components after cycle 15:
 D3 correction     Energy =  -0.17181714485541
 DFT Correlation   Energy =  -5.43457034525826
 DFT Exchange      Energy = -87.93315524019427
 Kinetic           Energy = 836.65449876214348
 Nuclear Repulsion Energy = 4554.32835000978775
 Pseudo Potential  Energy = -11014.01438162521481
 Total Coulomb     Energy = 5138.47904454214768
   16    -578.0920310452      5.59e-08  M = 1.000000
 Energy components after cycle 16:
 D3 correction     Energy =  -0.17181714485541
 DFT Correlation   Energy =  -5.43457033428078
 DFT Exchange      Energy = -87.93315615342129
 Kinetic           Energy = 836.65450762525870
 Nuclear Repulsion Energy = 4554.32835000978775
 Pseudo Potential  Energy = -11014.01449052741918
 Total Coulomb     Energy = 5138.47914547974233
   17    -578.0920310483      4.18e-08  M = 1.000000
 Energy components after cycle 17:
 D3 correction     Energy =  -0.17181714485541
 DFT Correlation   Energy =  -5.43457028233661
 DFT Exchange      Energy = -87.93315709166228
 Kinetic           Energy = 836.65452019775580
 Nuclear Repulsion Energy = 4554.32835000978775
 Pseudo Potential  Energy = -11014.01439302929248
 Total Coulomb     Energy = 5138.47903629229495
   18    -578.0920310489      1.89e-08  M = 1.000000
 Energy components after cycle 18:
 D3 correction     Energy =  -0.17181714485541
 DFT Correlation   Energy =  -5.43457021857319
 DFT Exchange      Energy = -87.93315490019744
 Kinetic           Energy = 836.65449892849017
 Nuclear Repulsion Energy = 4554.32835000978775
 Pseudo Potential  Energy = -11014.01428060969374
 Total Coulomb     Energy = 5138.47894288612042
   19    -578.0920310515      1.54e-08  M = 1.000000
 Energy components after cycle 19:
 D3 correction     Energy =  -0.17181714485541
 DFT Correlation   Energy =  -5.43457018459639
 DFT Exchange      Energy = -87.93315779438906
 Kinetic           Energy = 836.65453353163957
 Nuclear Repulsion Energy = 4554.32835000978775
 Pseudo Potential  Energy = -11014.01428797980589
 Total Coulomb     Energy = 5138.47891851069380
   20    -578.0920310471      1.88e-08  M = 1.000000
 Energy components after cycle 20:
 D3 correction     Energy =  -0.17181714485541
 DFT Correlation   Energy =  -5.43457024432605
 DFT Exchange      Energy = -87.93315751848435
 Kinetic           Energy = 836.65452794691066
 Nuclear Repulsion Energy = 4554.32835000978775
 Pseudo Potential  Energy = -11014.01437756500673
 Total Coulomb     Energy = 5138.47901346883009
   21    -578.0920310471      7.83e-09  M = 1.000000
 Energy components after cycle 21:
 D3 correction     Energy =  -0.17181714485541
 DFT Correlation   Energy =  -5.43457024432605
 DFT Exchange      Energy = -87.93315751848435
 Kinetic           Energy = 836.65452794691066
 Nuclear Repulsion Energy = 4554.32835000978775
 Pseudo Potential  Energy = -11014.01437756500673
 Total Coulomb     Energy = 5138.47901346883009
   21    -578.0920310471      7.83e-09  Convergence criterion met
 ----------------------------------------------
 Final energy components:
 D3 correction     Energy =  -0.17181714485541
 DFT Correlation   Energy =  -5.43457024432605
 DFT Exchange      Energy = -87.93315751848435
 Kinetic           Energy = 836.65452794691066
 Nuclear Repulsion Energy = 4554.32835000978775
 Pseudo Potential  Energy = -11014.01437756500673
 Total Coulomb     Energy = 5138.47901346883009
 ----------------------------------------------
 Final energy is -578.0920310471

 Electronic Entropic Energy (TS) is 0.0013378717

 Free Energy (E - TS) is -578.0933689189

 SCF time:   CPU 193335.96s  wall 3207.00s 
 ---------------------------------------------------------------------------
                 Molecular Orbital Energies and Occupations
 ---------------------------------------------------------------------------
 == 0-th k-point orbital energies
 Spin up:
 -0.33288 -0.29266 -0.27695 -0.24531 -0.22911 -0.22177 -0.22108 -0.21518 -0.21245 -0.21068
 -0.20575 -0.20032 -0.19978 -0.19402 -0.19244 -0.19084 -0.18423 -0.18295 -0.18210 -0.18114
 -0.17848 -0.17790 -0.17743 -0.17086 -0.16889 -0.16598 -0.16376 -0.16312 -0.16190 -0.16078
 -0.15893 -0.15768 -0.15600 -0.15486 -0.15375 -0.15350 -0.15253 -0.15142 -0.15091 -0.14996
 -0.14952 -0.14515 -0.14202 -0.14039 -0.13914 -0.13878 -0.13682 -0.13624 -0.13373 -0.13270
 -0.13072 -0.12900 -0.12818 -0.12678 -0.12616 -0.12489 -0.12453 -0.11959 -0.11806 -0.11750
 -0.11608 -0.11476 -0.11320 -0.11221 -0.07940 -0.05850 -0.05734 -0.03957 -0.01810 -0.01547
 0.00848 0.05475 0.07471 0.08441 0.15072 0.17204 0.18258 0.19818 0.20971 0.23425
 0.24125 0.25480 0.27283 0.27609 0.30988 0.31627 0.32118 0.33908 0.37769 0.39931
 0.40707 0.41278 0.41471 0.42515 0.44749 0.49151 0.50298 0.50911 0.53029 0.53159
 0.54171 0.54379 0.57595 0.59681 0.60633 0.61808 0.63162 0.64382 0.65700 0.66891
 0.67708 0.68206 0.69596 0.71536 0.74631 0.77133 0.77736 0.79601 0.81042 0.82480
 0.82946 0.83628 0.85889 0.87849 0.90558 0.91820 0.94176 0.94481 0.96533 0.97407
 0.98332 1.00102 1.02659 1.03901 1.04483 1.06192 1.09847 1.11610 1.12463 1.13430
 1.14540 1.15221 1.15600 1.16569 1.17247 1.18270 1.22382 1.23805 1.25620 1.26968
 1.27478 1.28196 1.29151 1.30753 1.31444 1.31784 1.32162 1.33181 1.34397 1.34718
 1.36690 1.37489 1.38283 1.38848 1.39561 1.40064 1.41274 1.43002 1.44112 1.45148
 1.47181 1.47388 1.48141 1.49674 1.50815 1.52302 1.52904 1.55101 1.56651 1.58447
 1.60177 1.60696 1.62406 1.63058 1.64126 1.66159 1.66978 1.68447 1.69077 1.69583
 1.70558 1.71587 1.72085 1.73547 1.76487 1.77811 1.80245 1.80540 1.82613 1.82802
 1.83322 1.84687 1.84979 1.85107 1.86899 1.87722 1.88518 1.89595 1.90268 1.91832
 1.94167 1.95319 1.95971 1.97288 1.98241 1.99182 1.99417 2.00382 2.02207 2.02974
 2.03551 2.05744 2.06574 2.07504 2.08895 2.11092 2.12551 2.12935 2.13333 2.13901
 2.14469 2.14809 2.15831 2.16784 2.19963 2.21646 2.22245 2.23844 2.25366 2.25740
 2.26225 2.26292 2.28633 2.29963 2.31162 2.32230 2.33496 2.34233 2.34665 2.36454
 2.39111 2.43645 2.46692 2.47711 2.48330 2.49929 2.52529 2.55857 2.58806 2.62283
 2.64201 2.65298 2.65463 2.68749 2.70554 2.71589 2.73130 2.73533 2.76488 2.79000
 2.81586 2.83923 2.85902 3.06739 3.07228 3.11542 3.13897 3.20714 3.21681 3.22891
 3.23766 3.30106 3.31194 3.32625 3.33443 3.38198 3.38906 3.40373 3.41677 3.42535
 3.43242 3.43747 3.44848 3.50369 3.52480 3.53954 3.59260 3.81301 3.86449 3.94262
 3.99908 4.06249 4.09402 4.29614 4.30358
 Occupations: 
 1.00000 1.00000 1.00000 1.00000 1.00000 1.00000 1.00000 1.00000 1.00000 1.00000
 1.00000 1.00000 1.00000 1.00000 1.00000 1.00000 1.00000 1.00000 1.00000 1.00000
 1.00000 1.00000 1.00000 1.00000 1.00000 1.00000 1.00000 1.00000 1.00000 1.00000
 1.00000 1.00000 1.00000 1.00000 1.00000 1.00000 1.00000 1.00000 1.00000 1.00000
 1.00000 1.00000 1.00000 1.00000 1.00000 1.00000 1.00000 1.00000 1.00000 1.00000
 1.00000 1.00000 1.00000 1.00000 1.00000 1.00000 1.00000 1.00000 1.00000 1.00000
 1.00000 1.00000 1.00000 1.00000 1.00000 0.66242 0.37988 0.00000 0.00000 0.00000
 0.00000 0.00000 0.00000 0.00000 0.00000 0.00000 0.00000 0.00000 0.00000 0.00000
 0.00000 0.00000 0.00000 0.00000 0.00000 0.00000 0.00000 0.00000 0.00000 0.00000
 0.00000 0.00000 0.00000 0.00000 0.00000 0.00000 0.00000 0.00000 0.00000 0.00000
 0.00000 0.00000 0.00000 0.00000 0.00000 0.00000 0.00000 0.00000 0.00000 0.00000
 0.00000 0.00000 0.00000 0.00000 0.00000 0.00000 0.00000 0.00000 0.00000 0.00000
 0.00000 0.00000 0.00000 0.00000 0.00000 0.00000 0.00000 0.00000 0.00000 0.00000
 0.00000 0.00000 0.00000 0.00000 0.00000 0.00000 0.00000 0.00000 0.00000 0.00000
 0.00000 0.00000 0.00000 0.00000 0.00000 0.00000 0.00000 0.00000 0.00000 0.00000
 0.00000 0.00000 0.00000 0.00000 0.00000 0.00000 0.00000 0.00000 0.00000 0.00000
 0.00000 0.00000 0.00000 0.00000 0.00000 0.00000 0.00000 0.00000 0.00000 0.00000
 0.00000 0.00000 0.00000 0.00000 0.00000 0.00000 0.00000 0.00000 0.00000 0.00000
 0.00000 0.00000 0.00000 0.00000 0.00000 0.00000 0.00000 0.00000 0.00000 0.00000
 0.00000 0.00000 0.00000 0.00000 0.00000 0.00000 0.00000 0.00000 0.00000 0.00000
 0.00000 0.00000 0.00000 0.00000 0.00000 0.00000 0.00000 0.00000 0.00000 0.00000
 0.00000 0.00000 0.00000 0.00000 0.00000 0.00000 0.00000 0.00000 0.00000 0.00000
 0.00000 0.00000 0.00000 0.00000 0.00000 0.00000 0.00000 0.00000 0.00000 0.00000
 0.00000 0.00000 0.00000 0.00000 0.00000 0.00000 0.00000 0.00000 0.00000 0.00000
 0.00000 0.00000 0.00000 0.00000 0.00000 0.00000 0.00000 0.00000 0.00000 0.00000
 0.00000 0.00000 0.00000 0.00000 0.00000 0.00000 0.00000 0.00000 0.00000 0.00000
 0.00000 0.00000 0.00000 0.00000 0.00000 0.00000 0.00000 0.00000 0.00000 0.00000
 0.00000 0.00000 0.00000 0.00000 0.00000 0.00000 0.00000 0.00000 0.00000 0.00000
 0.00000 0.00000 0.00000 0.00000 0.00000 0.00000 0.00000 0.00000 0.00000 0.00000
 0.00000 0.00000 0.00000 0.00000 0.00000 0.00000 0.00000 0.00000 0.00000 0.00000
 0.00000 0.00000 0.00000 0.00000 0.00000
 Spin down:
 -0.33288 -0.29266 -0.27695 -0.24531 -0.22911 -0.22177 -0.22108 -0.21518 -0.21245 -0.21068
 -0.20575 -0.20032 -0.19978 -0.19402 -0.19244 -0.19084 -0.18423 -0.18295 -0.18210 -0.18114
 -0.17848 -0.17790 -0.17743 -0.17086 -0.16889 -0.16598 -0.16376 -0.16312 -0.16190 -0.16078
 -0.15893 -0.15768 -0.15600 -0.15486 -0.15375 -0.15350 -0.15253 -0.15142 -0.15091 -0.14996
 -0.14952 -0.14515 -0.14202 -0.14039 -0.13914 -0.13878 -0.13682 -0.13624 -0.13373 -0.13270
 -0.13072 -0.12900 -0.12818 -0.12678 -0.12616 -0.12489 -0.12453 -0.11959 -0.11806 -0.11750
 -0.11608 -0.11476 -0.11320 -0.11221 -0.07940 -0.05850 -0.05734 -0.03957 -0.01810 -0.01547
 0.00848 0.05475 0.07471 0.08441 0.15072 0.17204 0.18258 0.19818 0.20971 0.23425
 0.24125 0.25480 0.27283 0.27609 0.30988 0.31627 0.32118 0.33908 0.37769 0.39931
 0.40707 0.41278 0.41471 0.42515 0.44749 0.49151 0.50298 0.50911 0.53029 0.53159
 0.54171 0.54379 0.57595 0.59681 0.60633 0.61808 0.63162 0.64382 0.65700 0.66891
 0.67708 0.68206 0.69596 0.71536 0.74631 0.77133 0.77736 0.79601 0.81042 0.82480
 0.82946 0.83628 0.85889 0.87849 0.90558 0.91820 0.94176 0.94481 0.96533 0.97407
 0.98332 1.00102 1.02659 1.03901 1.04483 1.06192 1.09847 1.11610 1.12463 1.13430
 1.14540 1.15221 1.15600 1.16569 1.17247 1.18270 1.22382 1.23805 1.25620 1.26968
 1.27478 1.28196 1.29151 1.30753 1.31444 1.31784 1.32162 1.33181 1.34397 1.34718
 1.36690 1.37489 1.38283 1.38848 1.39561 1.40064 1.41274 1.43002 1.44112 1.45148
 1.47181 1.47388 1.48141 1.49674 1.50815 1.52302 1.52904 1.55101 1.56651 1.58447
 1.60177 1.60696 1.62406 1.63058 1.64126 1.66159 1.66978 1.68447 1.69077 1.69583
 1.70558 1.71587 1.72085 1.73547 1.76487 1.77811 1.80245 1.80540 1.82613 1.82802
 1.83322 1.84687 1.84979 1.85107 1.86899 1.87722 1.88518 1.89595 1.90268 1.91832
 1.94167 1.95319 1.95971 1.97288 1.98241 1.99182 1.99417 2.00382 2.02207 2.02974
 2.03551 2.05744 2.06574 2.07504 2.08895 2.11092 2.12551 2.12935 2.13333 2.13901
 2.14469 2.14809 2.15831 2.16784 2.19963 2.21646 2.22245 2.23844 2.25366 2.25740
 2.26225 2.26292 2.28633 2.29963 2.31162 2.32230 2.33496 2.34233 2.34665 2.36454
 2.39111 2.43645 2.46692 2.47711 2.48330 2.49929 2.52529 2.55857 2.58806 2.62283
 2.64201 2.65298 2.65463 2.68749 2.70554 2.71589 2.73130 2.73533 2.76488 2.79000
 2.81586 2.83923 2.85902 3.06739 3.07228 3.11542 3.13897 3.20714 3.21681 3.22891
 3.23766 3.30106 3.31194 3.32625 3.33443 3.38198 3.38906 3.40373 3.41677 3.42535
 3.43242 3.43747 3.44848 3.50369 3.52480 3.53954 3.59260 3.81301 3.86449 3.94262
 3.99908 4.06249 4.09402 4.29614 4.30358
 Occupations:
 1.00000 1.00000 1.00000 1.00000 1.00000 1.00000 1.00000 1.00000 1.00000 1.00000
 1.00000 1.00000 1.00000 1.00000 1.00000 1.00000 1.00000 1.00000 1.00000 1.00000
 1.00000 1.00000 1.00000 1.00000 1.00000 1.00000 1.00000 1.00000 1.00000 1.00000
 1.00000 1.00000 1.00000 1.00000 1.00000 1.00000 1.00000 1.00000 1.00000 1.00000
 1.00000 1.00000 1.00000 1.00000 1.00000 1.00000 1.00000 1.00000 1.00000 1.00000
 1.00000 1.00000 1.00000 1.00000 1.00000 1.00000 1.00000 1.00000 1.00000 1.00000
 1.00000 1.00000 1.00000 1.00000 1.00000 0.66243 0.37989 0.00000 0.00000 0.00000
 0.00000 0.00000 0.00000 0.00000 0.00000 0.00000 0.00000 0.00000 0.00000 0.00000
 0.00000 0.00000 0.00000 0.00000 0.00000 0.00000 0.00000 0.00000 0.00000 0.00000
 0.00000 0.00000 0.00000 0.00000 0.00000 0.00000 0.00000 0.00000 0.00000 0.00000
 0.00000 0.00000 0.00000 0.00000 0.00000 0.00000 0.00000 0.00000 0.00000 0.00000
 0.00000 0.00000 0.00000 0.00000 0.00000 0.00000 0.00000 0.00000 0.00000 0.00000
 0.00000 0.00000 0.00000 0.00000 0.00000 0.00000 0.00000 0.00000 0.00000 0.00000
 0.00000 0.00000 0.00000 0.00000 0.00000 0.00000 0.00000 0.00000 0.00000 0.00000
 0.00000 0.00000 0.00000 0.00000 0.00000 0.00000 0.00000 0.00000 0.00000 0.00000
 0.00000 0.00000 0.00000 0.00000 0.00000 0.00000 0.00000 0.00000 0.00000 0.00000
 0.00000 0.00000 0.00000 0.00000 0.00000 0.00000 0.00000 0.00000 0.00000 0.00000
 0.00000 0.00000 0.00000 0.00000 0.00000 0.00000 0.00000 0.00000 0.00000 0.00000
 0.00000 0.00000 0.00000 0.00000 0.00000 0.00000 0.00000 0.00000 0.00000 0.00000
 0.00000 0.00000 0.00000 0.00000 0.00000 0.00000 0.00000 0.00000 0.00000 0.00000
 0.00000 0.00000 0.00000 0.00000 0.00000 0.00000 0.00000 0.00000 0.00000 0.00000
 0.00000 0.00000 0.00000 0.00000 0.00000 0.00000 0.00000 0.00000 0.00000 0.00000
 0.00000 0.00000 0.00000 0.00000 0.00000 0.00000 0.00000 0.00000 0.00000 0.00000
 0.00000 0.00000 0.00000 0.00000 0.00000 0.00000 0.00000 0.00000 0.00000 0.00000
 0.00000 0.00000 0.00000 0.00000 0.00000 0.00000 0.00000 0.00000 0.00000 0.00000
 0.00000 0.00000 0.00000 0.00000 0.00000 0.00000 0.00000 0.00000 0.00000 0.00000
 0.00000 0.00000 0.00000 0.00000 0.00000 0.00000 0.00000 0.00000 0.00000 0.00000
 0.00000 0.00000 0.00000 0.00000 0.00000 0.00000 0.00000 0.00000 0.00000 0.00000
 0.00000 0.00000 0.00000 0.00000 0.00000 0.00000 0.00000 0.00000 0.00000 0.00000
 0.00000 0.00000 0.00000 0.00000 0.00000 0.00000 0.00000 0.00000 0.00000 0.00000
 0.00000 0.00000 0.00000 0.00000 0.00000
 == 1-th k-point orbital energies
 Spin up:
 -0.34314 -0.29452 -0.25354 -0.25122 -0.24435 -0.22319 -0.22199 -0.21760 -0.21403 -0.20868
 -0.20502 -0.20387 -0.20066 -0.19675 -0.19474 -0.19288 -0.18437 -0.18336 -0.18259 -0.18074
 -0.17580 -0.17522 -0.17305 -0.17118 -0.16949 -0.16571 -0.16388 -0.16332 -0.16281 -0.16154
 -0.16015 -0.15801 -0.15616 -0.15504 -0.15459 -0.15117 -0.14894 -0.14796 -0.14681 -0.14558
 -0.14481 -0.14391 -0.14263 -0.13927 -0.13755 -0.13677 -0.13661 -0.13449 -0.13387 -0.13158
 -0.12944 -0.12653 -0.12507 -0.12404 -0.12135 -0.12063 -0.12009 -0.11860 -0.11808 -0.11712
 -0.11655 -0.11521 -0.10625 -0.10541 -0.09471 -0.08132 -0.07664 -0.02239 0.00619 0.00984
 0.01404 0.03361 0.05906 0.09477 0.13699 0.13920 0.16984 0.18632 0.21496 0.21686
 0.22155 0.26862 0.27707 0.28299 0.29834 0.31741 0.33641 0.35395 0.37550 0.37748
 0.39488 0.41102 0.43768 0.43964 0.45037 0.49962 0.50394 0.51166 0.52833 0.53032
 0.55889 0.56381 0.56891 0.58287 0.60189 0.62670 0.63738 0.64262 0.65258 0.66074
 0.68423 0.70981 0.72382 0.73883 0.75605 0.79620 0.79968 0.81352 0.82208 0.82328
 0.83039 0.83959 0.86307 0.88142 0.90993 0.91780 0.91975 0.92638 0.93918 0.95281
 0.97777 0.99726 1.00297 1.01605 1.04136 1.05748 1.07522 1.08363 1.11181 1.11700
 1.13956 1.15732 1.16224 1.17229 1.18166 1.18975 1.20127 1.22223 1.23223 1.24521
 1.25097 1.25902 1.26412 1.28193 1.29582 1.31484 1.32325 1.32373 1.32697 1.35268
 1.38395 1.38878 1.39619 1.40020 1.41225 1.42208 1.43779 1.44341 1.46492 1.46757
 1.47046 1.47877 1.48726 1.49645 1.50076 1.51337 1.55298 1.56780 1.59888 1.61901
 1.62924 1.64368 1.64723 1.65750 1.66537 1.67714 1.69266 1.70045 1.70361 1.70686
 1.72094 1.72242 1.73826 1.74456 1.75703 1.76308 1.77903 1.80137 1.81336 1.82125
 1.82792 1.83104 1.83947 1.85107 1.86145 1.86500 1.88294 1.90303 1.90956 1.92771
 1.93764 1.95333 1.95708 1.96345 1.98383 1.99273 2.00196 2.01297 2.02144 2.02441
 2.04009 2.04791 2.07371 2.08728 2.10202 2.11691 2.12426 2.12568 2.14058 2.15285
 2.16412 2.16962 2.17538 2.18168 2.20831 2.21369 2.22086 2.23031 2.23542 2.24861
 2.26388 2.27143 2.28355 2.29514 2.32622 2.33748 2.34650 2.36567 2.38300 2.38702
 2.39167 2.41324 2.45891 2.47075 2.47662 2.49946 2.53075 2.54127 2.58712 2.59954
 2.61468 2.63900 2.69257 2.70433 2.72990 2.73634 2.74923 2.80961 2.84124 2.85193
 2.90900 2.91493 2.92515 2.97836 3.01136 3.08169 3.18459 3.24548 3.24906 3.26171
 3.30847 3.31329 3.31536 3.32835 3.35149 3.36367 3.36408 3.36609 3.37895 3.38727
 3.39315 3.40681 3.44158 3.47365 3.48400 3.60284 3.65049 3.70527 3.72095 3.84334
 3.97763 4.02860 4.25607 4.26213 4.29931
 Occupations: 
 1.00000 1.00000 1.00000 1.00000 1.00000 1.00000 1.00000 1.00000 1.00000 1.00000
 1.00000 1.00000 1.00000 1.00000 1.00000 1.00000 1.00000 1.00000 1.00000 1.00000
 1.00000 1.00000 1.00000 1.00000 1.00000 1.00000 1.00000 1.00000 1.00000 1.00000
 1.00000 1.00000 1.00000 1.00000 1.00000 1.00000 1.00000 1.00000 1.00000 1.00000
 1.00000 1.00000 1.00000 1.00000 1.00000 1.00000 1.00000 1.00000 1.00000 1.00000
 1.00000 1.00000 1.00000 1.00000 1.00000 1.00000 1.00000 1.00000 1.00000 1.00000
 1.00000 1.00000 1.00000 1.00000 1.00000 1.00000 1.00000 0.00000 0.00000 0.00000
 0.00000 0.00000 0.00000 0.00000 0.00000 0.00000 0.00000 0.00000 0.00000 0.00000
 0.00000 0.00000 0.00000 0.00000 0.00000 0.00000 0.00000 0.00000 0.00000 0.00000
 0.00000 0.00000 0.00000 0.00000 0.00000 0.00000 0.00000 0.00000 0.00000 0.00000
 0.00000 0.00000 0.00000 0.00000 0.00000 0.00000 0.00000 0.00000 0.00000 0.00000
 0.00000 0.00000 0.00000 0.00000 0.00000 0.00000 0.00000 0.00000 0.00000 0.00000
 0.00000 0.00000 0.00000 0.00000 0.00000 0.00000 0.00000 0.00000 0.00000 0.00000
 0.00000 0.00000 0.00000 0.00000 0.00000 0.00000 0.00000 0.00000 0.00000 0.00000
 0.00000 0.00000 0.00000 0.00000 0.00000 0.00000 0.00000 0.00000 0.00000 0.00000
 0.00000 0.00000 0.00000 0.00000 0.00000 0.00000 0.00000 0.00000 0.00000 0.00000
 0.00000 0.00000 0.00000 0.00000 0.00000 0.00000 0.00000 0.00000 0.00000 0.00000
 0.00000 0.00000 0.00000 0.00000 0.00000 0.00000 0.00000 0.00000 0.00000 0.00000
 0.00000 0.00000 0.00000 0.00000 0.00000 0.00000 0.00000 0.00000 0.00000 0.00000
 0.00000 0.00000 0.00000 0.00000 0.00000 0.00000 0.00000 0.00000 0.00000 0.00000
 0.00000 0.00000 0.00000 0.00000 0.00000 0.00000 0.00000 0.00000 0.00000 0.00000
 0.00000 0.00000 0.00000 0.00000 0.00000 0.00000 0.00000 0.00000 0.00000 0.00000
 0.00000 0.00000 0.00000 0.00000 0.00000 0.00000 0.00000 0.00000 0.00000 0.00000
 0.00000 0.00000 0.00000 0.00000 0.00000 0.00000 0.00000 0.00000 0.00000 0.00000
 0.00000 0.00000 0.00000 0.00000 0.00000 0.00000 0.00000 0.00000 0.00000 0.00000
 0.00000 0.00000 0.00000 0.00000 0.00000 0.00000 0.00000 0.00000 0.00000 0.00000
 0.00000 0.00000 0.00000 0.00000 0.00000 0.00000 0.00000 0.00000 0.00000 0.00000
 0.00000 0.00000 0.00000 0.00000 0.00000 0.00000 0.00000 0.00000 0.00000 0.00000
 0.00000 0.00000 0.00000 0.00000 0.00000 0.00000 0.00000 0.00000 0.00000 0.00000
 0.00000 0.00000 0.00000 0.00000 0.00000 0.00000 0.00000 0.00000 0.00000 0.00000
 0.00000 0.00000 0.00000 0.00000 0.00000
 Spin down:
 -0.34314 -0.29452 -0.25354 -0.25122 -0.24435 -0.22319 -0.22199 -0.21760 -0.21403 -0.20868
 -0.20502 -0.20387 -0.20066 -0.19675 -0.19474 -0.19288 -0.18437 -0.18336 -0.18259 -0.18074
 -0.17580 -0.17522 -0.17305 -0.17118 -0.16949 -0.16571 -0.16388 -0.16332 -0.16281 -0.16154
 -0.16015 -0.15801 -0.15616 -0.15504 -0.15459 -0.15117 -0.14894 -0.14796 -0.14681 -0.14558
 -0.14481 -0.14391 -0.14263 -0.13927 -0.13755 -0.13677 -0.13661 -0.13449 -0.13387 -0.13158
 -0.12944 -0.12653 -0.12507 -0.12404 -0.12135 -0.12063 -0.12009 -0.11860 -0.11808 -0.11712
 -0.11655 -0.11521 -0.10625 -0.10541 -0.09471 -0.08132 -0.07664 -0.02239 0.00619 0.00984
 0.01404 0.03361 0.05906 0.09477 0.13699 0.13920 0.16984 0.18632 0.21496 0.21686
 0.22155 0.26862 0.27707 0.28299 0.29834 0.31741 0.33641 0.35395 0.37550 0.37748
 0.39488 0.41102 0.43768 0.43964 0.45037 0.49962 0.50394 0.51166 0.52833 0.53032
 0.55889 0.56381 0.56891 0.58287 0.60189 0.62670 0.63738 0.64262 0.65258 0.66074
 0.68423 0.70981 0.72382 0.73883 0.75605 0.79620 0.79968 0.81352 0.82208 0.82328
 0.83039 0.83959 0.86307 0.88142 0.90993 0.91780 0.91975 0.92638 0.93918 0.95281
 0.97777 0.99726 1.00297 1.01605 1.04136 1.05748 1.07522 1.08363 1.11181 1.11700
 1.13956 1.15732 1.16224 1.17229 1.18166 1.18975 1.20127 1.22223 1.23223 1.24521
 1.25097 1.25902 1.26412 1.28193 1.29582 1.31484 1.32325 1.32373 1.32697 1.35268
 1.38395 1.38878 1.39619 1.40020 1.41225 1.42208 1.43779 1.44341 1.46492 1.46757
 1.47046 1.47877 1.48726 1.49645 1.50076 1.51337 1.55298 1.56780 1.59888 1.61901
 1.62924 1.64368 1.64723 1.65750 1.66537 1.67714 1.69266 1.70045 1.70361 1.70686
 1.72094 1.72242 1.73826 1.74456 1.75703 1.76308 1.77903 1.80137 1.81336 1.82125
 1.82792 1.83104 1.83947 1.85107 1.86145 1.86500 1.88294 1.90303 1.90956 1.92771
 1.93764 1.95333 1.95708 1.96345 1.98383 1.99273 2.00196 2.01297 2.02144 2.02441
 2.04009 2.04791 2.07371 2.08728 2.10202 2.11691 2.12426 2.12568 2.14058 2.15285
 2.16412 2.16962 2.17538 2.18168 2.20831 2.21369 2.22086 2.23031 2.23542 2.24861
 2.26388 2.27143 2.28355 2.29514 2.32622 2.33748 2.34650 2.36567 2.38300 2.38702
 2.39167 2.41324 2.45891 2.47075 2.47662 2.49946 2.53075 2.54127 2.58712 2.59954
 2.61468 2.63900 2.69257 2.70433 2.72990 2.73634 2.74923 2.80961 2.84124 2.85193
 2.90900 2.91493 2.92515 2.97836 3.01136 3.08169 3.18459 3.24548 3.24906 3.26171
 3.30847 3.31329 3.31536 3.32835 3.35149 3.36367 3.36408 3.36609 3.37895 3.38727
 3.39315 3.40681 3.44158 3.47365 3.48400 3.60284 3.65049 3.70527 3.72095 3.84334
 3.97763 4.02860 4.25607 4.26213 4.29931
 Occupations:
 1.00000 1.00000 1.00000 1.00000 1.00000 1.00000 1.00000 1.00000 1.00000 1.00000
 1.00000 1.00000 1.00000 1.00000 1.00000 1.00000 1.00000 1.00000 1.00000 1.00000
 1.00000 1.00000 1.00000 1.00000 1.00000 1.00000 1.00000 1.00000 1.00000 1.00000
 1.00000 1.00000 1.00000 1.00000 1.00000 1.00000 1.00000 1.00000 1.00000 1.00000
 1.00000 1.00000 1.00000 1.00000 1.00000 1.00000 1.00000 1.00000 1.00000 1.00000
 1.00000 1.00000 1.00000 1.00000 1.00000 1.00000 1.00000 1.00000 1.00000 1.00000
 1.00000 1.00000 1.00000 1.00000 1.00000 1.00000 1.00000 0.00000 0.00000 0.00000
 0.00000 0.00000 0.00000 0.00000 0.00000 0.00000 0.00000 0.00000 0.00000 0.00000
 0.00000 0.00000 0.00000 0.00000 0.00000 0.00000 0.00000 0.00000 0.00000 0.00000
 0.00000 0.00000 0.00000 0.00000 0.00000 0.00000 0.00000 0.00000 0.00000 0.00000
 0.00000 0.00000 0.00000 0.00000 0.00000 0.00000 0.00000 0.00000 0.00000 0.00000
 0.00000 0.00000 0.00000 0.00000 0.00000 0.00000 0.00000 0.00000 0.00000 0.00000
 0.00000 0.00000 0.00000 0.00000 0.00000 0.00000 0.00000 0.00000 0.00000 0.00000
 0.00000 0.00000 0.00000 0.00000 0.00000 0.00000 0.00000 0.00000 0.00000 0.00000
 0.00000 0.00000 0.00000 0.00000 0.00000 0.00000 0.00000 0.00000 0.00000 0.00000
 0.00000 0.00000 0.00000 0.00000 0.00000 0.00000 0.00000 0.00000 0.00000 0.00000
 0.00000 0.00000 0.00000 0.00000 0.00000 0.00000 0.00000 0.00000 0.00000 0.00000
 0.00000 0.00000 0.00000 0.00000 0.00000 0.00000 0.00000 0.00000 0.00000 0.00000
 0.00000 0.00000 0.00000 0.00000 0.00000 0.00000 0.00000 0.00000 0.00000 0.00000
 0.00000 0.00000 0.00000 0.00000 0.00000 0.00000 0.00000 0.00000 0.00000 0.00000
 0.00000 0.00000 0.00000 0.00000 0.00000 0.00000 0.00000 0.00000 0.00000 0.00000
 0.00000 0.00000 0.00000 0.00000 0.00000 0.00000 0.00000 0.00000 0.00000 0.00000
 0.00000 0.00000 0.00000 0.00000 0.00000 0.00000 0.00000 0.00000 0.00000 0.00000
 0.00000 0.00000 0.00000 0.00000 0.00000 0.00000 0.00000 0.00000 0.00000 0.00000
 0.00000 0.00000 0.00000 0.00000 0.00000 0.00000 0.00000 0.00000 0.00000 0.00000
 0.00000 0.00000 0.00000 0.00000 0.00000 0.00000 0.00000 0.00000 0.00000 0.00000
 0.00000 0.00000 0.00000 0.00000 0.00000 0.00000 0.00000 0.00000 0.00000 0.00000
 0.00000 0.00000 0.00000 0.00000 0.00000 0.00000 0.00000 0.00000 0.00000 0.00000
 0.00000 0.00000 0.00000 0.00000 0.00000 0.00000 0.00000 0.00000 0.00000 0.00000
 0.00000 0.00000 0.00000 0.00000 0.00000 0.00000 0.00000 0.00000 0.00000 0.00000
 0.00000 0.00000 0.00000 0.00000 0.00000
 == 2-th k-point orbital energies
 Spin up:
 -0.33288 -0.29266 -0.27695 -0.24531 -0.22912 -0.22176 -0.22109 -0.21517 -0.21246 -0.21069
 -0.20574 -0.20033 -0.19977 -0.19405 -0.19244 -0.19081 -0.18422 -0.18294 -0.18211 -0.18116
 -0.17848 -0.17793 -0.17740 -0.17089 -0.16888 -0.16597 -0.16379 -0.16310 -0.16190 -0.16078
 -0.15891 -0.15768 -0.15599 -0.15484 -0.15374 -0.15353 -0.15254 -0.15144 -0.15090 -0.14996
 -0.14951 -0.14516 -0.14200 -0.14041 -0.13916 -0.13874 -0.13683 -0.13622 -0.13375 -0.13270
 -0.13075 -0.12897 -0.12819 -0.12680 -0.12615 -0.12489 -0.12453 -0.11956 -0.11807 -0.11750
 -0.11609 -0.11474 -0.11319 -0.11223 -0.07939 -0.05851 -0.05734 -0.03957 -0.01810 -0.01547
 0.00848 0.05475 0.07471 0.08441 0.15071 0.17204 0.18259 0.19818 0.20971 0.23425
 0.24126 0.25480 0.27283 0.27608 0.30987 0.31627 0.32118 0.33907 0.37769 0.39931
 0.40707 0.41277 0.41471 0.42514 0.44749 0.49151 0.50298 0.50911 0.53029 0.53159
 0.54171 0.54379 0.57595 0.59681 0.60633 0.61808 0.63162 0.64382 0.65700 0.66891
 0.67708 0.68206 0.69596 0.71536 0.74631 0.77133 0.77736 0.79601 0.81041 0.82480
 0.82946 0.83628 0.85889 0.87849 0.90558 0.91820 0.94175 0.94481 0.96533 0.97407
 0.98332 1.00103 1.02659 1.03901 1.04483 1.06192 1.09847 1.11610 1.12463 1.13430
 1.14540 1.15220 1.15600 1.16568 1.17248 1.18270 1.22383 1.23806 1.25620 1.26968
 1.27478 1.28196 1.29151 1.30754 1.31443 1.31784 1.32162 1.33182 1.34397 1.34718
 1.36690 1.37489 1.38283 1.38848 1.39561 1.40064 1.41274 1.43001 1.44112 1.45148
 1.47181 1.47388 1.48141 1.49674 1.50815 1.52302 1.52905 1.55101 1.56651 1.58447
 1.60177 1.60696 1.62405 1.63059 1.64126 1.66159 1.66977 1.68447 1.69077 1.69583
 1.70558 1.71587 1.72085 1.73548 1.76487 1.77810 1.80245 1.80541 1.82614 1.82803
 1.83322 1.84686 1.84979 1.85107 1.86899 1.87722 1.88518 1.89595 1.90267 1.91832
 1.94167 1.95319 1.95971 1.97288 1.98241 1.99183 1.99417 2.00381 2.02207 2.02974
 2.03551 2.05744 2.06574 2.07504 2.08895 2.11092 2.12551 2.12935 2.13332 2.13901
 2.14469 2.14809 2.15830 2.16784 2.19963 2.21647 2.22245 2.23844 2.25367 2.25740
 2.26226 2.26292 2.28634 2.29963 2.31162 2.32230 2.33496 2.34234 2.34665 2.36454
 2.39111 2.43644 2.46692 2.47710 2.48330 2.49930 2.52529 2.55857 2.58806 2.62284
 2.64201 2.65299 2.65463 2.68748 2.70554 2.71589 2.73130 2.73534 2.76487 2.78999
 2.81588 2.83920 2.85903 3.06740 3.07228 3.11541 3.13900 3.20715 3.21674 3.22892
 3.23769 3.30106 3.31193 3.32624 3.33443 3.38202 3.38908 3.40368 3.41676 3.42533
 3.43243 3.43748 3.44847 3.50374 3.52476 3.53954 3.59256 3.81304 3.86446 3.94263
 3.99912 4.06249 4.09399 4.29625 4.30348
 Occupations: 
 1.00000 1.00000 1.00000 1.00000 1.00000 1.00000 1.00000 1.00000 1.00000 1.00000
 1.00000 1.00000 1.00000 1.00000 1.00000 1.00000 1.00000 1.00000 1.00000 1.00000
 1.00000 1.00000 1.00000 1.00000 1.00000 1.00000 1.00000 1.00000 1.00000 1.00000
 1.00000 1.00000 1.00000 1.00000 1.00000 1.00000 1.00000 1.00000 1.00000 1.00000
 1.00000 1.00000 1.00000 1.00000 1.00000 1.00000 1.00000 1.00000 1.00000 1.00000
 1.00000 1.00000 1.00000 1.00000 1.00000 1.00000 1.00000 1.00000 1.00000 1.00000
 1.00000 1.00000 1.00000 1.00000 1.00000 0.66421 0.38106 0.00000 0.00000 0.00000
 0.00000 0.00000 0.00000 0.00000 0.00000 0.00000 0.00000 0.00000 0.00000 0.00000
 0.00000 0.00000 0.00000 0.00000 0.00000 0.00000 0.00000 0.00000 0.00000 0.00000
 0.00000 0.00000 0.00000 0.00000 0.00000 0.00000 0.00000 0.00000 0.00000 0.00000
 0.00000 0.00000 0.00000 0.00000 0.00000 0.00000 0.00000 0.00000 0.00000 0.00000
 0.00000 0.00000 0.00000 0.00000 0.00000 0.00000 0.00000 0.00000 0.00000 0.00000
 0.00000 0.00000 0.00000 0.00000 0.00000 0.00000 0.00000 0.00000 0.00000 0.00000
 0.00000 0.00000 0.00000 0.00000 0.00000 0.00000 0.00000 0.00000 0.00000 0.00000
 0.00000 0.00000 0.00000 0.00000 0.00000 0.00000 0.00000 0.00000 0.00000 0.00000
 0.00000 0.00000 0.00000 0.00000 0.00000 0.00000 0.00000 0.00000 0.00000 0.00000
 0.00000 0.00000 0.00000 0.00000 0.00000 0.00000 0.00000 0.00000 0.00000 0.00000
 0.00000 0.00000 0.00000 0.00000 0.00000 0.00000 0.00000 0.00000 0.00000 0.00000
 0.00000 0.00000 0.00000 0.00000 0.00000 0.00000 0.00000 0.00000 0.00000 0.00000
 0.00000 0.00000 0.00000 0.00000 0.00000 0.00000 0.00000 0.00000 0.00000 0.00000
 0.00000 0.00000 0.00000 0.00000 0.00000 0.00000 0.00000 0.00000 0.00000 0.00000
 0.00000 0.00000 0.00000 0.00000 0.00000 0.00000 0.00000 0.00000 0.00000 0.00000
 0.00000 0.00000 0.00000 0.00000 0.00000 0.00000 0.00000 0.00000 0.00000 0.00000
 0.00000 0.00000 0.00000 0.00000 0.00000 0.00000 0.00000 0.00000 0.00000 0.00000
 0.00000 0.00000 0.00000 0.00000 0.00000 0.00000 0.00000 0.00000 0.00000 0.00000
 0.00000 0.00000 0.00000 0.00000 0.00000 0.00000 0.00000 0.00000 0.00000 0.00000
 0.00000 0.00000 0.00000 0.00000 0.00000 0.00000 0.00000 0.00000 0.00000 0.00000
 0.00000 0.00000 0.00000 0.00000 0.00000 0.00000 0.00000 0.00000 0.00000 0.00000
 0.00000 0.00000 0.00000 0.00000 0.00000 0.00000 0.00000 0.00000 0.00000 0.00000
 0.00000 0.00000 0.00000 0.00000 0.00000 0.00000 0.00000 0.00000 0.00000 0.00000
 0.00000 0.00000 0.00000 0.00000 0.00000
 Spin down:
 -0.33288 -0.29266 -0.27695 -0.24531 -0.22912 -0.22176 -0.22109 -0.21517 -0.21246 -0.21069
 -0.20574 -0.20033 -0.19977 -0.19405 -0.19244 -0.19081 -0.18422 -0.18294 -0.18211 -0.18116
 -0.17848 -0.17793 -0.17740 -0.17089 -0.16888 -0.16597 -0.16379 -0.16310 -0.16190 -0.16078
 -0.15891 -0.15768 -0.15599 -0.15484 -0.15374 -0.15353 -0.15254 -0.15144 -0.15090 -0.14996
 -0.14951 -0.14516 -0.14200 -0.14041 -0.13916 -0.13874 -0.13683 -0.13622 -0.13375 -0.13270
 -0.13075 -0.12897 -0.12819 -0.12680 -0.12615 -0.12489 -0.12453 -0.11956 -0.11807 -0.11750
 -0.11609 -0.11474 -0.11319 -0.11223 -0.07939 -0.05851 -0.05734 -0.03957 -0.01810 -0.01547
 0.00848 0.05475 0.07471 0.08441 0.15071 0.17204 0.18259 0.19818 0.20971 0.23425
 0.24126 0.25480 0.27283 0.27608 0.30987 0.31627 0.32118 0.33907 0.37769 0.39931
 0.40707 0.41277 0.41471 0.42514 0.44749 0.49151 0.50298 0.50911 0.53029 0.53159
 0.54171 0.54379 0.57595 0.59681 0.60633 0.61808 0.63162 0.64382 0.65700 0.66891
 0.67708 0.68206 0.69596 0.71536 0.74631 0.77133 0.77736 0.79601 0.81041 0.82480
 0.82946 0.83628 0.85889 0.87849 0.90558 0.91820 0.94175 0.94481 0.96533 0.97407
 0.98332 1.00103 1.02659 1.03901 1.04483 1.06192 1.09847 1.11610 1.12463 1.13430
 1.14540 1.15220 1.15600 1.16568 1.17248 1.18270 1.22383 1.23806 1.25620 1.26968
 1.27478 1.28196 1.29151 1.30754 1.31443 1.31784 1.32162 1.33182 1.34397 1.34718
 1.36690 1.37489 1.38283 1.38848 1.39561 1.40064 1.41274 1.43001 1.44112 1.45148
 1.47181 1.47388 1.48141 1.49674 1.50815 1.52302 1.52905 1.55101 1.56651 1.58447
 1.60177 1.60696 1.62405 1.63059 1.64126 1.66159 1.66977 1.68447 1.69077 1.69583
 1.70558 1.71587 1.72085 1.73548 1.76487 1.77810 1.80245 1.80541 1.82614 1.82803
 1.83322 1.84686 1.84979 1.85107 1.86899 1.87722 1.88518 1.89595 1.90267 1.91832
 1.94167 1.95319 1.95971 1.97288 1.98241 1.99183 1.99417 2.00381 2.02207 2.02974
 2.03551 2.05744 2.06574 2.07504 2.08895 2.11092 2.12551 2.12935 2.13332 2.13901
 2.14469 2.14809 2.15830 2.16784 2.19963 2.21647 2.22245 2.23844 2.25367 2.25740
 2.26226 2.26292 2.28634 2.29963 2.31162 2.32230 2.33496 2.34234 2.34665 2.36454
 2.39111 2.43644 2.46692 2.47710 2.48330 2.49930 2.52529 2.55857 2.58806 2.62284
 2.64201 2.65299 2.65463 2.68748 2.70554 2.71589 2.73130 2.73534 2.76487 2.78999
 2.81588 2.83920 2.85903 3.06740 3.07228 3.11541 3.13900 3.20715 3.21674 3.22892
 3.23769 3.30106 3.31193 3.32624 3.33443 3.38202 3.38908 3.40368 3.41676 3.42533
 3.43243 3.43748 3.44847 3.50374 3.52476 3.53954 3.59256 3.81304 3.86446 3.94263
 3.99912 4.06249 4.09399 4.29625 4.30348
 Occupations:
 1.00000 1.00000 1.00000 1.00000 1.00000 1.00000 1.00000 1.00000 1.00000 1.00000
 1.00000 1.00000 1.00000 1.00000 1.00000 1.00000 1.00000 1.00000 1.00000 1.00000
 1.00000 1.00000 1.00000 1.00000 1.00000 1.00000 1.00000 1.00000 1.00000 1.00000
 1.00000 1.00000 1.00000 1.00000 1.00000 1.00000 1.00000 1.00000 1.00000 1.00000
 1.00000 1.00000 1.00000 1.00000 1.00000 1.00000 1.00000 1.00000 1.00000 1.00000
 1.00000 1.00000 1.00000 1.00000 1.00000 1.00000 1.00000 1.00000 1.00000 1.00000
 1.00000 1.00000 1.00000 1.00000 1.00000 0.66422 0.38107 0.00000 0.00000 0.00000
 0.00000 0.00000 0.00000 0.00000 0.00000 0.00000 0.00000 0.00000 0.00000 0.00000
 0.00000 0.00000 0.00000 0.00000 0.00000 0.00000 0.00000 0.00000 0.00000 0.00000
 0.00000 0.00000 0.00000 0.00000 0.00000 0.00000 0.00000 0.00000 0.00000 0.00000
 0.00000 0.00000 0.00000 0.00000 0.00000 0.00000 0.00000 0.00000 0.00000 0.00000
 0.00000 0.00000 0.00000 0.00000 0.00000 0.00000 0.00000 0.00000 0.00000 0.00000
 0.00000 0.00000 0.00000 0.00000 0.00000 0.00000 0.00000 0.00000 0.00000 0.00000
 0.00000 0.00000 0.00000 0.00000 0.00000 0.00000 0.00000 0.00000 0.00000 0.00000
 0.00000 0.00000 0.00000 0.00000 0.00000 0.00000 0.00000 0.00000 0.00000 0.00000
 0.00000 0.00000 0.00000 0.00000 0.00000 0.00000 0.00000 0.00000 0.00000 0.00000
 0.00000 0.00000 0.00000 0.00000 0.00000 0.00000 0.00000 0.00000 0.00000 0.00000
 0.00000 0.00000 0.00000 0.00000 0.00000 0.00000 0.00000 0.00000 0.00000 0.00000
 0.00000 0.00000 0.00000 0.00000 0.00000 0.00000 0.00000 0.00000 0.00000 0.00000
 0.00000 0.00000 0.00000 0.00000 0.00000 0.00000 0.00000 0.00000 0.00000 0.00000
 0.00000 0.00000 0.00000 0.00000 0.00000 0.00000 0.00000 0.00000 0.00000 0.00000
 0.00000 0.00000 0.00000 0.00000 0.00000 0.00000 0.00000 0.00000 0.00000 0.00000
 0.00000 0.00000 0.00000 0.00000 0.00000 0.00000 0.00000 0.00000 0.00000 0.00000
 0.00000 0.00000 0.00000 0.00000 0.00000 0.00000 0.00000 0.00000 0.00000 0.00000
 0.00000 0.00000 0.00000 0.00000 0.00000 0.00000 0.00000 0.00000 0.00000 0.00000
 0.00000 0.00000 0.00000 0.00000 0.00000 0.00000 0.00000 0.00000 0.00000 0.00000
 0.00000 0.00000 0.00000 0.00000 0.00000 0.00000 0.00000 0.00000 0.00000 0.00000
 0.00000 0.00000 0.00000 0.00000 0.00000 0.00000 0.00000 0.00000 0.00000 0.00000
 0.00000 0.00000 0.00000 0.00000 0.00000 0.00000 0.00000 0.00000 0.00000 0.00000
 0.00000 0.00000 0.00000 0.00000 0.00000 0.00000 0.00000 0.00000 0.00000 0.00000
 0.00000 0.00000 0.00000 0.00000 0.00000
 == 3-th k-point orbital energies
 Spin up:
 -0.30919 -0.29757 -0.27662 -0.25295 -0.23887 -0.22771 -0.21652 -0.20528 -0.20442 -0.20351
 -0.20163 -0.19611 -0.19450 -0.19432 -0.19251 -0.18845 -0.18651 -0.18574 -0.18553 -0.18407
 -0.18010 -0.17638 -0.17540 -0.17365 -0.17120 -0.16965 -0.16895 -0.16806 -0.16736 -0.16505
 -0.16309 -0.16055 -0.15875 -0.15814 -0.15709 -0.15607 -0.15498 -0.15453 -0.15181 -0.15071
 -0.14710 -0.14483 -0.14172 -0.14029 -0.13939 -0.13787 -0.13633 -0.13602 -0.13423 -0.13238
 -0.13035 -0.12899 -0.12821 -0.12530 -0.12485 -0.12402 -0.12192 -0.12079 -0.11987 -0.11877
 -0.11734 -0.11638 -0.11555 -0.11329 -0.10281 -0.08563 -0.05906 -0.03985 -0.00348 0.01936
 0.03982 0.06109 0.07200 0.11031 0.12468 0.13193 0.16992 0.19679 0.21367 0.22669
 0.24065 0.26661 0.28561 0.31372 0.33147 0.35163 0.35713 0.36326 0.38460 0.39101
 0.41738 0.42254 0.42613 0.44709 0.45057 0.45437 0.47151 0.47451 0.49652 0.49933
 0.52144 0.56483 0.57679 0.58042 0.58604 0.59399 0.60009 0.63447 0.64361 0.65257
 0.67579 0.69016 0.71268 0.71790 0.74755 0.75636 0.76613 0.77684 0.79594 0.84249
 0.85758 0.86253 0.87072 0.87404 0.91953 0.92826 0.93581 0.94751 0.97161 0.98330
 0.98680 1.01276 1.03430 1.03889 1.04650 1.05973 1.07295 1.08856 1.09275 1.11366
 1.13117 1.13294 1.16000 1.16707 1.17935 1.18908 1.19541 1.20348 1.24311 1.25157
 1.26139 1.27507 1.28381 1.29268 1.31665 1.32407 1.33027 1.33740 1.34846 1.36924
 1.41739 1.42735 1.43262 1.43629 1.44085 1.44782 1.45037 1.45693 1.46441 1.46859
 1.48722 1.51156 1.52039 1.52454 1.53167 1.54517 1.55412 1.56290 1.57633 1.58613
 1.58989 1.59333 1.60447 1.61841 1.63074 1.63743 1.64963 1.65518 1.65593 1.66639
 1.67227 1.70132 1.72550 1.73266 1.73726 1.74328 1.75308 1.75900 1.77075 1.77539
 1.79386 1.80460 1.80800 1.81392 1.82525 1.85001 1.85811 1.86029 1.86760 1.87209
 1.87869 1.88541 1.88912 1.92929 1.94588 1.95832 1.97268 1.97917 1.99382 2.00732
 2.02281 2.03576 2.03910 2.05133 2.06278 2.07216 2.07921 2.09611 2.10620 2.12252
 2.13472 2.14883 2.15731 2.16861 2.17865 2.21215 2.23005 2.23608 2.25297 2.26861
 2.28766 2.29892 2.30266 2.32247 2.33260 2.35136 2.35698 2.36720 2.36915 2.37488
 2.38975 2.39546 2.41246 2.43489 2.47711 2.50000 2.50830 2.53701 2.55984 2.56194
 2.60715 2.62183 2.62653 2.65836 2.66259 2.67034 2.72740 2.83279 2.84697 2.91237
 2.95307 2.97108 2.99506 3.01780 3.09005 3.14792 3.18904 3.19862 3.22123 3.24255
 3.28858 3.30157 3.30944 3.31549 3.32286 3.33310 3.35110 3.36614 3.37157 3.37665
 3.38136 3.40048 3.43838 3.50377 3.56083 3.56617 3.62342 3.74310 3.84515 3.88669
 3.92422 4.02862 4.27525 4.30619 4.31050
 Occupations: 
 1.00000 1.00000 1.00000 1.00000 1.00000 1.00000 1.00000 1.00000 1.00000 1.00000
 1.00000 1.00000 1.00000 1.00000 1.00000 1.00000 1.00000 1.00000 1.00000 1.00000
 1.00000 1.00000 1.00000 1.00000 1.00000 1.00000 1.00000 1.00000 1.00000 1.00000
 1.00000 1.00000 1.00000 1.00000 1.00000 1.00000 1.00000 1.00000 1.00000 1.00000
 1.00000 1.00000 1.00000 1.00000 1.00000 1.00000 1.00000 1.00000 1.00000 1.00000
 1.00000 1.00000 1.00000 1.00000 1.00000 1.00000 1.00000 1.00000 1.00000 1.00000
 1.00000 1.00000 1.00000 1.00000 1.00000 1.00000 0.77518 0.00000 0.00000 0.00000
 0.00000 0.00000 0.00000 0.00000 0.00000 0.00000 0.00000 0.00000 0.00000 0.00000
 0.00000 0.00000 0.00000 0.00000 0.00000 0.00000 0.00000 0.00000 0.00000 0.00000
 0.00000 0.00000 0.00000 0.00000 0.00000 0.00000 0.00000 0.00000 0.00000 0.00000
 0.00000 0.00000 0.00000 0.00000 0.00000 0.00000 0.00000 0.00000 0.00000 0.00000
 0.00000 0.00000 0.00000 0.00000 0.00000 0.00000 0.00000 0.00000 0.00000 0.00000
 0.00000 0.00000 0.00000 0.00000 0.00000 0.00000 0.00000 0.00000 0.00000 0.00000
 0.00000 0.00000 0.00000 0.00000 0.00000 0.00000 0.00000 0.00000 0.00000 0.00000
 0.00000 0.00000 0.00000 0.00000 0.00000 0.00000 0.00000 0.00000 0.00000 0.00000
 0.00000 0.00000 0.00000 0.00000 0.00000 0.00000 0.00000 0.00000 0.00000 0.00000
 0.00000 0.00000 0.00000 0.00000 0.00000 0.00000 0.00000 0.00000 0.00000 0.00000
 0.00000 0.00000 0.00000 0.00000 0.00000 0.00000 0.00000 0.00000 0.00000 0.00000
 0.00000 0.00000 0.00000 0.00000 0.00000 0.00000 0.00000 0.00000 0.00000 0.00000
 0.00000 0.00000 0.00000 0.00000 0.00000 0.00000 0.00000 0.00000 0.00000 0.00000
 0.00000 0.00000 0.00000 0.00000 0.00000 0.00000 0.00000 0.00000 0.00000 0.00000
 0.00000 0.00000 0.00000 0.00000 0.00000 0.00000 0.00000 0.00000 0.00000 0.00000
 0.00000 0.00000 0.00000 0.00000 0.00000 0.00000 0.00000 0.00000 0.00000 0.00000
 0.00000 0.00000 0.00000 0.00000 0.00000 0.00000 0.00000 0.00000 0.00000 0.00000
 0.00000 0.00000 0.00000 0.00000 0.00000 0.00000 0.00000 0.00000 0.00000 0.00000
 0.00000 0.00000 0.00000 0.00000 0.00000 0.00000 0.00000 0.00000 0.00000 0.00000
 0.00000 0.00000 0.00000 0.00000 0.00000 0.00000 0.00000 0.00000 0.00000 0.00000
 0.00000 0.00000 0.00000 0.00000 0.00000 0.00000 0.00000 0.00000 0.00000 0.00000
 0.00000 0.00000 0.00000 0.00000 0.00000 0.00000 0.00000 0.00000 0.00000 0.00000
 0.00000 0.00000 0.00000 0.00000 0.00000 0.00000 0.00000 0.00000 0.00000 0.00000
 0.00000 0.00000 0.00000 0.00000 0.00000
 Spin down:
 -0.30919 -0.29757 -0.27662 -0.25295 -0.23887 -0.22771 -0.21652 -0.20528 -0.20442 -0.20351
 -0.20163 -0.19611 -0.19450 -0.19432 -0.19251 -0.18845 -0.18651 -0.18574 -0.18553 -0.18407
 -0.18010 -0.17638 -0.17540 -0.17365 -0.17120 -0.16965 -0.16895 -0.16806 -0.16736 -0.16505
 -0.16309 -0.16055 -0.15875 -0.15814 -0.15709 -0.15607 -0.15498 -0.15453 -0.15181 -0.15071
 -0.14710 -0.14483 -0.14172 -0.14029 -0.13939 -0.13787 -0.13633 -0.13602 -0.13423 -0.13238
 -0.13035 -0.12899 -0.12821 -0.12530 -0.12485 -0.12402 -0.12192 -0.12079 -0.11987 -0.11877
 -0.11734 -0.11638 -0.11555 -0.11329 -0.10281 -0.08563 -0.05906 -0.03985 -0.00348 0.01936
 0.03982 0.06109 0.07200 0.11031 0.12468 0.13193 0.16992 0.19679 0.21367 0.22669
 0.24065 0.26661 0.28561 0.31372 0.33147 0.35163 0.35713 0.36326 0.38460 0.39101
 0.41738 0.42254 0.42613 0.44709 0.45057 0.45437 0.47151 0.47451 0.49652 0.49933
 0.52144 0.56483 0.57679 0.58042 0.58604 0.59399 0.60009 0.63447 0.64361 0.65257
 0.67579 0.69016 0.71268 0.71790 0.74755 0.75636 0.76613 0.77684 0.79594 0.84249
 0.85758 0.86253 0.87072 0.87404 0.91953 0.92826 0.93581 0.94751 0.97161 0.98330
 0.98680 1.01276 1.03430 1.03889 1.04650 1.05973 1.07295 1.08856 1.09275 1.11366
 1.13117 1.13294 1.16000 1.16707 1.17935 1.18908 1.19541 1.20348 1.24311 1.25157
 1.26139 1.27507 1.28381 1.29268 1.31665 1.32407 1.33027 1.33740 1.34846 1.36924
 1.41739 1.42735 1.43262 1.43629 1.44085 1.44782 1.45037 1.45693 1.46441 1.46859
 1.48722 1.51156 1.52039 1.52454 1.53167 1.54517 1.55412 1.56290 1.57633 1.58613
 1.58989 1.59333 1.60447 1.61841 1.63074 1.63743 1.64963 1.65518 1.65593 1.66639
 1.67227 1.70132 1.72550 1.73266 1.73726 1.74328 1.75308 1.75900 1.77075 1.77539
 1.79386 1.80460 1.80800 1.81392 1.82525 1.85001 1.85811 1.86029 1.86760 1.87209
 1.87869 1.88541 1.88912 1.92929 1.94588 1.95832 1.97268 1.97917 1.99382 2.00732
 2.02281 2.03576 2.03910 2.05133 2.06278 2.07216 2.07921 2.09611 2.10620 2.12252
 2.13472 2.14883 2.15731 2.16861 2.17865 2.21215 2.23005 2.23608 2.25297 2.26861
 2.28766 2.29892 2.30266 2.32247 2.33260 2.35136 2.35698 2.36720 2.36915 2.37488
 2.38975 2.39546 2.41246 2.43489 2.47711 2.50000 2.50830 2.53701 2.55984 2.56194
 2.60715 2.62183 2.62653 2.65836 2.66259 2.67034 2.72740 2.83279 2.84697 2.91237
 2.95307 2.97108 2.99506 3.01780 3.09005 3.14792 3.18904 3.19862 3.22123 3.24255
 3.28858 3.30157 3.30944 3.31549 3.32286 3.33310 3.35110 3.36614 3.37157 3.37665
 3.38136 3.40048 3.43838 3.50377 3.56083 3.56617 3.62342 3.74310 3.84515 3.88669
 3.92422 4.02862 4.27525 4.30619 4.31050
 Occupations:
 1.00000 1.00000 1.00000 1.00000 1.00000 1.00000 1.00000 1.00000 1.00000 1.00000
 1.00000 1.00000 1.00000 1.00000 1.00000 1.00000 1.00000 1.00000 1.00000 1.00000
 1.00000 1.00000 1.00000 1.00000 1.00000 1.00000 1.00000 1.00000 1.00000 1.00000
 1.00000 1.00000 1.00000 1.00000 1.00000 1.00000 1.00000 1.00000 1.00000 1.00000
 1.00000 1.00000 1.00000 1.00000 1.00000 1.00000 1.00000 1.00000 1.00000 1.00000
 1.00000 1.00000 1.00000 1.00000 1.00000 1.00000 1.00000 1.00000 1.00000 1.00000
 1.00000 1.00000 1.00000 1.00000 1.00000 1.00000 0.77519 0.00000 0.00000 0.00000
 0.00000 0.00000 0.00000 0.00000 0.00000 0.00000 0.00000 0.00000 0.00000 0.00000
 0.00000 0.00000 0.00000 0.00000 0.00000 0.00000 0.00000 0.00000 0.00000 0.00000
 0.00000 0.00000 0.00000 0.00000 0.00000 0.00000 0.00000 0.00000 0.00000 0.00000
 0.00000 0.00000 0.00000 0.00000 0.00000 0.00000 0.00000 0.00000 0.00000 0.00000
 0.00000 0.00000 0.00000 0.00000 0.00000 0.00000 0.00000 0.00000 0.00000 0.00000
 0.00000 0.00000 0.00000 0.00000 0.00000 0.00000 0.00000 0.00000 0.00000 0.00000
 0.00000 0.00000 0.00000 0.00000 0.00000 0.00000 0.00000 0.00000 0.00000 0.00000
 0.00000 0.00000 0.00000 0.00000 0.00000 0.00000 0.00000 0.00000 0.00000 0.00000
 0.00000 0.00000 0.00000 0.00000 0.00000 0.00000 0.00000 0.00000 0.00000 0.00000
 0.00000 0.00000 0.00000 0.00000 0.00000 0.00000 0.00000 0.00000 0.00000 0.00000
 0.00000 0.00000 0.00000 0.00000 0.00000 0.00000 0.00000 0.00000 0.00000 0.00000
 0.00000 0.00000 0.00000 0.00000 0.00000 0.00000 0.00000 0.00000 0.00000 0.00000
 0.00000 0.00000 0.00000 0.00000 0.00000 0.00000 0.00000 0.00000 0.00000 0.00000
 0.00000 0.00000 0.00000 0.00000 0.00000 0.00000 0.00000 0.00000 0.00000 0.00000
 0.00000 0.00000 0.00000 0.00000 0.00000 0.00000 0.00000 0.00000 0.00000 0.00000
 0.00000 0.00000 0.00000 0.00000 0.00000 0.00000 0.00000 0.00000 0.00000 0.00000
 0.00000 0.00000 0.00000 0.00000 0.00000 0.00000 0.00000 0.00000 0.00000 0.00000
 0.00000 0.00000 0.00000 0.00000 0.00000 0.00000 0.00000 0.00000 0.00000 0.00000
 0.00000 0.00000 0.00000 0.00000 0.00000 0.00000 0.00000 0.00000 0.00000 0.00000
 0.00000 0.00000 0.00000 0.00000 0.00000 0.00000 0.00000 0.00000 0.00000 0.00000
 0.00000 0.00000 0.00000 0.00000 0.00000 0.00000 0.00000 0.00000 0.00000 0.00000
 0.00000 0.00000 0.00000 0.00000 0.00000 0.00000 0.00000 0.00000 0.00000 0.00000
 0.00000 0.00000 0.00000 0.00000 0.00000 0.00000 0.00000 0.00000 0.00000 0.00000
 0.00000 0.00000 0.00000 0.00000 0.00000
 == 4-th k-point orbital energies
 Spin up:
 -0.30919 -0.29757 -0.27663 -0.25295 -0.23889 -0.22768 -0.21653 -0.20529 -0.20441 -0.20352
 -0.20165 -0.19608 -0.19451 -0.19432 -0.19250 -0.18847 -0.18649 -0.18577 -0.18554 -0.18403
 -0.18008 -0.17639 -0.17539 -0.17366 -0.17122 -0.16968 -0.16894 -0.16801 -0.16738 -0.16507
 -0.16309 -0.16053 -0.15876 -0.15815 -0.15710 -0.15607 -0.15498 -0.15453 -0.15182 -0.15069
 -0.14709 -0.14485 -0.14170 -0.14026 -0.13945 -0.13786 -0.13636 -0.13599 -0.13419 -0.13240
 -0.13038 -0.12903 -0.12812 -0.12534 -0.12482 -0.12403 -0.12192 -0.12080 -0.11986 -0.11876
 -0.11735 -0.11636 -0.11553 -0.11333 -0.10281 -0.08563 -0.05906 -0.03984 -0.00348 0.01937
 0.03982 0.06109 0.07200 0.11031 0.12467 0.13193 0.16993 0.19679 0.21366 0.22669
 0.24065 0.26661 0.28561 0.31373 0.33147 0.35162 0.35714 0.36326 0.38460 0.39101
 0.41738 0.42255 0.42613 0.44708 0.45057 0.45437 0.47151 0.47451 0.49653 0.49933
 0.52143 0.56484 0.57679 0.58041 0.58604 0.59399 0.60009 0.63447 0.64361 0.65257
 0.67579 0.69016 0.71268 0.71790 0.74755 0.75636 0.76613 0.77685 0.79594 0.84249
 0.85758 0.86253 0.87072 0.87405 0.91952 0.92826 0.93581 0.94751 0.97161 0.98330
 0.98680 1.01276 1.03430 1.03889 1.04651 1.05973 1.07295 1.08856 1.09275 1.11365
 1.13117 1.13295 1.16000 1.16707 1.17935 1.18908 1.19541 1.20348 1.24310 1.25158
 1.26139 1.27507 1.28381 1.29268 1.31666 1.32408 1.33026 1.33740 1.34847 1.36924
 1.41739 1.42735 1.43262 1.43629 1.44085 1.44782 1.45037 1.45693 1.46441 1.46859
 1.48722 1.51157 1.52039 1.52454 1.53167 1.54517 1.55411 1.56290 1.57633 1.58613
 1.58990 1.59333 1.60447 1.61841 1.63074 1.63743 1.64963 1.65519 1.65592 1.66639
 1.67227 1.70132 1.72550 1.73266 1.73727 1.74328 1.75308 1.75900 1.77075 1.77540
 1.79386 1.80460 1.80799 1.81392 1.82525 1.85000 1.85811 1.86029 1.86761 1.87209
 1.87869 1.88542 1.88912 1.92929 1.94587 1.95832 1.97268 1.97916 1.99382 2.00733
 2.02281 2.03576 2.03910 2.05133 2.06278 2.07216 2.07921 2.09611 2.10620 2.12251
 2.13472 2.14883 2.15731 2.16861 2.17865 2.21215 2.23004 2.23607 2.25297 2.26862
 2.28766 2.29892 2.30266 2.32247 2.33260 2.35136 2.35698 2.36720 2.36916 2.37488
 2.38976 2.39545 2.41245 2.43490 2.47710 2.50000 2.50830 2.53701 2.55984 2.56194
 2.60716 2.62184 2.62652 2.65836 2.66259 2.67034 2.72741 2.83278 2.84697 2.91237
 2.95308 2.97110 2.99501 3.01779 3.09013 3.14790 3.18898 3.19859 3.22122 3.24258
 3.28862 3.30159 3.30942 3.31552 3.32284 3.33311 3.35111 3.36613 3.37155 3.37666
 3.38137 3.40048 3.43838 3.50377 3.56075 3.56627 3.62339 3.74312 3.84510 3.88673
 3.92422 4.02862 4.27526 4.30607 4.31061
 Occupations: 
 1.00000 1.00000 1.00000 1.00000 1.00000 1.00000 1.00000 1.00000 1.00000 1.00000
 1.00000 1.00000 1.00000 1.00000 1.00000 1.00000 1.00000 1.00000 1.00000 1.00000
 1.00000 1.00000 1.00000 1.00000 1.00000 1.00000 1.00000 1.00000 1.00000 1.00000
 1.00000 1.00000 1.00000 1.00000 1.00000 1.00000 1.00000 1.00000 1.00000 1.00000
 1.00000 1.00000 1.00000 1.00000 1.00000 1.00000 1.00000 1.00000 1.00000 1.00000
 1.00000 1.00000 1.00000 1.00000 1.00000 1.00000 1.00000 1.00000 1.00000 1.00000
 1.00000 1.00000 1.00000 1.00000 1.00000 1.00000 0.77523 0.00000 0.00000 0.00000
 0.00000 0.00000 0.00000 0.00000 0.00000 0.00000 0.00000 0.00000 0.00000 0.00000
 0.00000 0.00000 0.00000 0.00000 0.00000 0.00000 0.00000 0.00000 0.00000 0.00000
 0.00000 0.00000 0.00000 0.00000 0.00000 0.00000 0.00000 0.00000 0.00000 0.00000
 0.00000 0.00000 0.00000 0.00000 0.00000 0.00000 0.00000 0.00000 0.00000 0.00000
 0.00000 0.00000 0.00000 0.00000 0.00000 0.00000 0.00000 0.00000 0.00000 0.00000
 0.00000 0.00000 0.00000 0.00000 0.00000 0.00000 0.00000 0.00000 0.00000 0.00000
 0.00000 0.00000 0.00000 0.00000 0.00000 0.00000 0.00000 0.00000 0.00000 0.00000
 0.00000 0.00000 0.00000 0.00000 0.00000 0.00000 0.00000 0.00000 0.00000 0.00000
 0.00000 0.00000 0.00000 0.00000 0.00000 0.00000 0.00000 0.00000 0.00000 0.00000
 0.00000 0.00000 0.00000 0.00000 0.00000 0.00000 0.00000 0.00000 0.00000 0.00000
 0.00000 0.00000 0.00000 0.00000 0.00000 0.00000 0.00000 0.00000 0.00000 0.00000
 0.00000 0.00000 0.00000 0.00000 0.00000 0.00000 0.00000 0.00000 0.00000 0.00000
 0.00000 0.00000 0.00000 0.00000 0.00000 0.00000 0.00000 0.00000 0.00000 0.00000
 0.00000 0.00000 0.00000 0.00000 0.00000 0.00000 0.00000 0.00000 0.00000 0.00000
 0.00000 0.00000 0.00000 0.00000 0.00000 0.00000 0.00000 0.00000 0.00000 0.00000
 0.00000 0.00000 0.00000 0.00000 0.00000 0.00000 0.00000 0.00000 0.00000 0.00000
 0.00000 0.00000 0.00000 0.00000 0.00000 0.00000 0.00000 0.00000 0.00000 0.00000
 0.00000 0.00000 0.00000 0.00000 0.00000 0.00000 0.00000 0.00000 0.00000 0.00000
 0.00000 0.00000 0.00000 0.00000 0.00000 0.00000 0.00000 0.00000 0.00000 0.00000
 0.00000 0.00000 0.00000 0.00000 0.00000 0.00000 0.00000 0.00000 0.00000 0.00000
 0.00000 0.00000 0.00000 0.00000 0.00000 0.00000 0.00000 0.00000 0.00000 0.00000
 0.00000 0.00000 0.00000 0.00000 0.00000 0.00000 0.00000 0.00000 0.00000 0.00000
 0.00000 0.00000 0.00000 0.00000 0.00000 0.00000 0.00000 0.00000 0.00000 0.00000
 0.00000 0.00000 0.00000 0.00000 0.00000
 Spin down:
 -0.30919 -0.29757 -0.27663 -0.25295 -0.23889 -0.22768 -0.21653 -0.20529 -0.20441 -0.20352
 -0.20165 -0.19608 -0.19451 -0.19432 -0.19250 -0.18847 -0.18649 -0.18577 -0.18554 -0.18403
 -0.18008 -0.17639 -0.17539 -0.17366 -0.17122 -0.16968 -0.16894 -0.16801 -0.16738 -0.16507
 -0.16309 -0.16053 -0.15876 -0.15815 -0.15710 -0.15607 -0.15498 -0.15453 -0.15182 -0.15069
 -0.14709 -0.14485 -0.14170 -0.14026 -0.13945 -0.13786 -0.13636 -0.13599 -0.13419 -0.13240
 -0.13038 -0.12903 -0.12812 -0.12534 -0.12482 -0.12403 -0.12192 -0.12080 -0.11986 -0.11876
 -0.11735 -0.11636 -0.11553 -0.11333 -0.10281 -0.08563 -0.05906 -0.03984 -0.00348 0.01937
 0.03982 0.06109 0.07200 0.11031 0.12467 0.13193 0.16993 0.19679 0.21366 0.22669
 0.24065 0.26661 0.28561 0.31373 0.33147 0.35162 0.35714 0.36326 0.38460 0.39101
 0.41738 0.42255 0.42613 0.44708 0.45057 0.45437 0.47151 0.47451 0.49653 0.49933
 0.52143 0.56484 0.57679 0.58041 0.58604 0.59399 0.60009 0.63447 0.64361 0.65257
 0.67579 0.69016 0.71268 0.71790 0.74755 0.75636 0.76613 0.77685 0.79594 0.84249
 0.85758 0.86253 0.87072 0.87405 0.91952 0.92826 0.93581 0.94751 0.97161 0.98330
 0.98680 1.01276 1.03430 1.03889 1.04651 1.05973 1.07295 1.08856 1.09275 1.11365
 1.13117 1.13295 1.16000 1.16707 1.17935 1.18908 1.19541 1.20348 1.24310 1.25158
 1.26139 1.27507 1.28381 1.29268 1.31666 1.32408 1.33026 1.33740 1.34847 1.36924
 1.41739 1.42735 1.43262 1.43629 1.44085 1.44782 1.45037 1.45693 1.46441 1.46859
 1.48722 1.51157 1.52039 1.52454 1.53167 1.54517 1.55411 1.56290 1.57633 1.58613
 1.58990 1.59333 1.60447 1.61841 1.63074 1.63743 1.64963 1.65519 1.65592 1.66639
 1.67227 1.70132 1.72550 1.73266 1.73727 1.74328 1.75308 1.75900 1.77075 1.77540
 1.79386 1.80460 1.80799 1.81392 1.82525 1.85000 1.85811 1.86029 1.86761 1.87209
 1.87869 1.88542 1.88912 1.92929 1.94587 1.95832 1.97268 1.97916 1.99382 2.00733
 2.02281 2.03576 2.03910 2.05133 2.06278 2.07216 2.07921 2.09611 2.10620 2.12251
 2.13472 2.14883 2.15731 2.16861 2.17865 2.21215 2.23004 2.23607 2.25297 2.26862
 2.28766 2.29892 2.30266 2.32247 2.33260 2.35136 2.35698 2.36720 2.36916 2.37488
 2.38976 2.39545 2.41245 2.43490 2.47710 2.50000 2.50830 2.53701 2.55984 2.56194
 2.60716 2.62184 2.62652 2.65836 2.66259 2.67034 2.72741 2.83278 2.84697 2.91237
 2.95308 2.97110 2.99501 3.01779 3.09013 3.14790 3.18898 3.19859 3.22122 3.24258
 3.28862 3.30159 3.30942 3.31552 3.32284 3.33311 3.35111 3.36613 3.37155 3.37666
 3.38137 3.40048 3.43838 3.50377 3.56075 3.56627 3.62339 3.74312 3.84510 3.88673
 3.92422 4.02862 4.27526 4.30607 4.31061
 Occupations:
 1.00000 1.00000 1.00000 1.00000 1.00000 1.00000 1.00000 1.00000 1.00000 1.00000
 1.00000 1.00000 1.00000 1.00000 1.00000 1.00000 1.00000 1.00000 1.00000 1.00000
 1.00000 1.00000 1.00000 1.00000 1.00000 1.00000 1.00000 1.00000 1.00000 1.00000
 1.00000 1.00000 1.00000 1.00000 1.00000 1.00000 1.00000 1.00000 1.00000 1.00000
 1.00000 1.00000 1.00000 1.00000 1.00000 1.00000 1.00000 1.00000 1.00000 1.00000
 1.00000 1.00000 1.00000 1.00000 1.00000 1.00000 1.00000 1.00000 1.00000 1.00000
 1.00000 1.00000 1.00000 1.00000 1.00000 1.00000 0.77524 0.00000 0.00000 0.00000
 0.00000 0.00000 0.00000 0.00000 0.00000 0.00000 0.00000 0.00000 0.00000 0.00000
 0.00000 0.00000 0.00000 0.00000 0.00000 0.00000 0.00000 0.00000 0.00000 0.00000
 0.00000 0.00000 0.00000 0.00000 0.00000 0.00000 0.00000 0.00000 0.00000 0.00000
 0.00000 0.00000 0.00000 0.00000 0.00000 0.00000 0.00000 0.00000 0.00000 0.00000
 0.00000 0.00000 0.00000 0.00000 0.00000 0.00000 0.00000 0.00000 0.00000 0.00000
 0.00000 0.00000 0.00000 0.00000 0.00000 0.00000 0.00000 0.00000 0.00000 0.00000
 0.00000 0.00000 0.00000 0.00000 0.00000 0.00000 0.00000 0.00000 0.00000 0.00000
 0.00000 0.00000 0.00000 0.00000 0.00000 0.00000 0.00000 0.00000 0.00000 0.00000
 0.00000 0.00000 0.00000 0.00000 0.00000 0.00000 0.00000 0.00000 0.00000 0.00000
 0.00000 0.00000 0.00000 0.00000 0.00000 0.00000 0.00000 0.00000 0.00000 0.00000
 0.00000 0.00000 0.00000 0.00000 0.00000 0.00000 0.00000 0.00000 0.00000 0.00000
 0.00000 0.00000 0.00000 0.00000 0.00000 0.00000 0.00000 0.00000 0.00000 0.00000
 0.00000 0.00000 0.00000 0.00000 0.00000 0.00000 0.00000 0.00000 0.00000 0.00000
 0.00000 0.00000 0.00000 0.00000 0.00000 0.00000 0.00000 0.00000 0.00000 0.00000
 0.00000 0.00000 0.00000 0.00000 0.00000 0.00000 0.00000 0.00000 0.00000 0.00000
 0.00000 0.00000 0.00000 0.00000 0.00000 0.00000 0.00000 0.00000 0.00000 0.00000
 0.00000 0.00000 0.00000 0.00000 0.00000 0.00000 0.00000 0.00000 0.00000 0.00000
 0.00000 0.00000 0.00000 0.00000 0.00000 0.00000 0.00000 0.00000 0.00000 0.00000
 0.00000 0.00000 0.00000 0.00000 0.00000 0.00000 0.00000 0.00000 0.00000 0.00000
 0.00000 0.00000 0.00000 0.00000 0.00000 0.00000 0.00000 0.00000 0.00000 0.00000
 0.00000 0.00000 0.00000 0.00000 0.00000 0.00000 0.00000 0.00000 0.00000 0.00000
 0.00000 0.00000 0.00000 0.00000 0.00000 0.00000 0.00000 0.00000 0.00000 0.00000
 0.00000 0.00000 0.00000 0.00000 0.00000 0.00000 0.00000 0.00000 0.00000 0.00000
 0.00000 0.00000 0.00000 0.00000 0.00000
 == 5-th k-point orbital energies
 Spin up:
 -0.34373 -0.29610 -0.25513 -0.25129 -0.24248 -0.22283 -0.22231 -0.21511 -0.21192 -0.21090
 -0.20453 -0.20336 -0.20124 -0.19606 -0.19424 -0.19084 -0.18430 -0.18291 -0.18173 -0.18032
 -0.17599 -0.17498 -0.17229 -0.17114 -0.16853 -0.16635 -0.16373 -0.16326 -0.16232 -0.16114
 -0.16008 -0.15792 -0.15636 -0.15510 -0.15470 -0.15124 -0.15002 -0.14825 -0.14738 -0.14633
 -0.14451 -0.14370 -0.14249 -0.14107 -0.13907 -0.13709 -0.13606 -0.13386 -0.13307 -0.13220
 -0.12953 -0.12723 -0.12605 -0.12394 -0.12239 -0.12049 -0.11935 -0.11845 -0.11809 -0.11691
 -0.11632 -0.11477 -0.10706 -0.10501 -0.09627 -0.08123 -0.07720 -0.02727 0.00692 0.01038
 0.01321 0.03112 0.05634 0.10939 0.13579 0.14051 0.18070 0.19413 0.20250 0.21914
 0.22061 0.25389 0.27830 0.28204 0.29759 0.31108 0.33755 0.35017 0.35966 0.38048
 0.40263 0.41076 0.42646 0.43795 0.45265 0.50235 0.50427 0.50962 0.51446 0.53782
 0.55501 0.56426 0.57195 0.58061 0.59569 0.61120 0.63243 0.65118 0.65526 0.67153
 0.68591 0.72155 0.72985 0.74094 0.76339 0.78501 0.80705 0.81302 0.82548 0.82924
 0.83765 0.84509 0.88125 0.88463 0.90934 0.91789 0.92236 0.92514 0.94550 0.98032
 0.98327 1.00044 1.01118 1.03111 1.04380 1.05315 1.07004 1.08146 1.10972 1.11533
 1.13076 1.14055 1.16123 1.17012 1.17784 1.18375 1.19993 1.21841 1.23426 1.24502
 1.25184 1.26154 1.27113 1.29328 1.30139 1.31143 1.31830 1.32519 1.33824 1.35205
 1.37680 1.38504 1.39012 1.40519 1.40999 1.42521 1.43915 1.45079 1.45465 1.45935
 1.47032 1.47749 1.48396 1.49123 1.50448 1.53139 1.54077 1.57786 1.59505 1.60388
 1.62268 1.63427 1.64783 1.65862 1.66246 1.66781 1.69775 1.70188 1.70651 1.70931
 1.71880 1.72598 1.74621 1.74839 1.75605 1.76541 1.77388 1.80369 1.80911 1.81270
 1.82008 1.83574 1.84187 1.84387 1.86233 1.86964 1.88302 1.89184 1.92221 1.92595
 1.93483 1.95809 1.95969 1.96606 1.98554 1.99168 2.00007 2.01356 2.01739 2.02769
 2.03930 2.04593 2.06526 2.08764 2.10212 2.11558 2.11906 2.12890 2.14209 2.15577
 2.15740 2.17072 2.17684 2.20253 2.21039 2.21305 2.21689 2.22251 2.23422 2.24777
 2.25733 2.26590 2.27829 2.29835 2.32030 2.32935 2.34594 2.36439 2.37467 2.38466
 2.38719 2.41386 2.44357 2.46084 2.47049 2.49015 2.51164 2.54018 2.59359 2.60602
 2.61654 2.65706 2.69498 2.70261 2.71693 2.73628 2.75003 2.80293 2.83952 2.85264
 2.89710 2.91824 2.94797 2.97389 2.98268 3.07947 3.19121 3.25442 3.26028 3.27134
 3.30011 3.31294 3.31945 3.33232 3.35232 3.36279 3.36428 3.36798 3.37573 3.38013
 3.38827 3.40231 3.44175 3.47304 3.49733 3.59433 3.66388 3.67809 3.72533 3.90333
 3.95438 4.03701 4.25967 4.26237 4.29848
 Occupations: 
 1.00000 1.00000 1.00000 1.00000 1.00000 1.00000 1.00000 1.00000 1.00000 1.00000
 1.00000 1.00000 1.00000 1.00000 1.00000 1.00000 1.00000 1.00000 1.00000 1.00000
 1.00000 1.00000 1.00000 1.00000 1.00000 1.00000 1.00000 1.00000 1.00000 1.00000
 1.00000 1.00000 1.00000 1.00000 1.00000 1.00000 1.00000 1.00000 1.00000 1.00000
 1.00000 1.00000 1.00000 1.00000 1.00000 1.00000 1.00000 1.00000 1.00000 1.00000
 1.00000 1.00000 1.00000 1.00000 1.00000 1.00000 1.00000 1.00000 1.00000 1.00000
 1.00000 1.00000 1.00000 1.00000 1.00000 1.00000 1.00000 0.00000 0.00000 0.00000
 0.00000 0.00000 0.00000 0.00000 0.00000 0.00000 0.00000 0.00000 0.00000 0.00000
 0.00000 0.00000 0.00000 0.00000 0.00000 0.00000 0.00000 0.00000 0.00000 0.00000
 0.00000 0.00000 0.00000 0.00000 0.00000 0.00000 0.00000 0.00000 0.00000 0.00000
 0.00000 0.00000 0.00000 0.00000 0.00000 0.00000 0.00000 0.00000 0.00000 0.00000
 0.00000 0.00000 0.00000 0.00000 0.00000 0.00000 0.00000 0.00000 0.00000 0.00000
 0.00000 0.00000 0.00000 0.00000 0.00000 0.00000 0.00000 0.00000 0.00000 0.00000
 0.00000 0.00000 0.00000 0.00000 0.00000 0.00000 0.00000 0.00000 0.00000 0.00000
 0.00000 0.00000 0.00000 0.00000 0.00000 0.00000 0.00000 0.00000 0.00000 0.00000
 0.00000 0.00000 0.00000 0.00000 0.00000 0.00000 0.00000 0.00000 0.00000 0.00000
 0.00000 0.00000 0.00000 0.00000 0.00000 0.00000 0.00000 0.00000 0.00000 0.00000
 0.00000 0.00000 0.00000 0.00000 0.00000 0.00000 0.00000 0.00000 0.00000 0.00000
 0.00000 0.00000 0.00000 0.00000 0.00000 0.00000 0.00000 0.00000 0.00000 0.00000
 0.00000 0.00000 0.00000 0.00000 0.00000 0.00000 0.00000 0.00000 0.00000 0.00000
 0.00000 0.00000 0.00000 0.00000 0.00000 0.00000 0.00000 0.00000 0.00000 0.00000
 0.00000 0.00000 0.00000 0.00000 0.00000 0.00000 0.00000 0.00000 0.00000 0.00000
 0.00000 0.00000 0.00000 0.00000 0.00000 0.00000 0.00000 0.00000 0.00000 0.00000
 0.00000 0.00000 0.00000 0.00000 0.00000 0.00000 0.00000 0.00000 0.00000 0.00000
 0.00000 0.00000 0.00000 0.00000 0.00000 0.00000 0.00000 0.00000 0.00000 0.00000
 0.00000 0.00000 0.00000 0.00000 0.00000 0.00000 0.00000 0.00000 0.00000 0.00000
 0.00000 0.00000 0.00000 0.00000 0.00000 0.00000 0.00000 0.00000 0.00000 0.00000
 0.00000 0.00000 0.00000 0.00000 0.00000 0.00000 0.00000 0.00000 0.00000 0.00000
 0.00000 0.00000 0.00000 0.00000 0.00000 0.00000 0.00000 0.00000 0.00000 0.00000
 0.00000 0.00000 0.00000 0.00000 0.00000 0.00000 0.00000 0.00000 0.00000 0.00000
 0.00000 0.00000 0.00000 0.00000 0.00000
 Spin down:
 -0.34373 -0.29610 -0.25513 -0.25129 -0.24248 -0.22283 -0.22231 -0.21511 -0.21192 -0.21090
 -0.20453 -0.20336 -0.20124 -0.19606 -0.19424 -0.19084 -0.18430 -0.18291 -0.18173 -0.18032
 -0.17599 -0.17498 -0.17229 -0.17114 -0.16853 -0.16635 -0.16373 -0.16326 -0.16232 -0.16114
 -0.16008 -0.15792 -0.15636 -0.15510 -0.15470 -0.15124 -0.15002 -0.14825 -0.14738 -0.14633
 -0.14451 -0.14370 -0.14249 -0.14107 -0.13907 -0.13709 -0.13606 -0.13386 -0.13307 -0.13220
 -0.12953 -0.12723 -0.12605 -0.12394 -0.12239 -0.12049 -0.11935 -0.11845 -0.11809 -0.11691
 -0.11632 -0.11477 -0.10706 -0.10501 -0.09627 -0.08123 -0.07720 -0.02727 0.00692 0.01038
 0.01321 0.03112 0.05634 0.10939 0.13579 0.14051 0.18070 0.19413 0.20250 0.21914
 0.22061 0.25389 0.27830 0.28204 0.29759 0.31108 0.33755 0.35017 0.35966 0.38048
 0.40263 0.41076 0.42646 0.43795 0.45265 0.50235 0.50427 0.50962 0.51446 0.53782
 0.55501 0.56426 0.57195 0.58061 0.59569 0.61120 0.63243 0.65118 0.65526 0.67153
 0.68591 0.72155 0.72985 0.74094 0.76339 0.78501 0.80705 0.81302 0.82548 0.82924
 0.83765 0.84509 0.88125 0.88463 0.90934 0.91789 0.92236 0.92514 0.94550 0.98032
 0.98327 1.00044 1.01118 1.03111 1.04380 1.05315 1.07004 1.08146 1.10972 1.11533
 1.13076 1.14055 1.16123 1.17012 1.17784 1.18375 1.19993 1.21841 1.23426 1.24502
 1.25184 1.26154 1.27113 1.29328 1.30139 1.31143 1.31830 1.32519 1.33824 1.35205
 1.37680 1.38504 1.39012 1.40519 1.40999 1.42521 1.43915 1.45079 1.45465 1.45935
 1.47032 1.47749 1.48396 1.49123 1.50448 1.53139 1.54077 1.57786 1.59505 1.60388
 1.62268 1.63427 1.64783 1.65862 1.66246 1.66781 1.69775 1.70188 1.70651 1.70931
 1.71880 1.72598 1.74621 1.74839 1.75605 1.76541 1.77388 1.80369 1.80911 1.81270
 1.82008 1.83574 1.84187 1.84387 1.86233 1.86964 1.88302 1.89184 1.92221 1.92595
 1.93483 1.95809 1.95969 1.96606 1.98554 1.99168 2.00007 2.01356 2.01739 2.02769
 2.03930 2.04593 2.06526 2.08764 2.10212 2.11558 2.11906 2.12890 2.14209 2.15577
 2.15740 2.17072 2.17684 2.20253 2.21039 2.21305 2.21689 2.22251 2.23422 2.24777
 2.25733 2.26590 2.27829 2.29835 2.32030 2.32935 2.34594 2.36439 2.37467 2.38466
 2.38719 2.41386 2.44357 2.46084 2.47049 2.49015 2.51164 2.54018 2.59359 2.60602
 2.61654 2.65706 2.69498 2.70261 2.71693 2.73628 2.75003 2.80293 2.83952 2.85264
 2.89710 2.91824 2.94797 2.97389 2.98268 3.07947 3.19121 3.25442 3.26028 3.27134
 3.30011 3.31294 3.31945 3.33232 3.35232 3.36279 3.36428 3.36798 3.37573 3.38013
 3.38827 3.40231 3.44175 3.47304 3.49733 3.59433 3.66388 3.67809 3.72533 3.90333
 3.95438 4.03701 4.25967 4.26237 4.29848
 Occupations:
 1.00000 1.00000 1.00000 1.00000 1.00000 1.00000 1.00000 1.00000 1.00000 1.00000
 1.00000 1.00000 1.00000 1.00000 1.00000 1.00000 1.00000 1.00000 1.00000 1.00000
 1.00000 1.00000 1.00000 1.00000 1.00000 1.00000 1.00000 1.00000 1.00000 1.00000
 1.00000 1.00000 1.00000 1.00000 1.00000 1.00000 1.00000 1.00000 1.00000 1.00000
 1.00000 1.00000 1.00000 1.00000 1.00000 1.00000 1.00000 1.00000 1.00000 1.00000
 1.00000 1.00000 1.00000 1.00000 1.00000 1.00000 1.00000 1.00000 1.00000 1.00000
 1.00000 1.00000 1.00000 1.00000 1.00000 1.00000 1.00000 0.00000 0.00000 0.00000
 0.00000 0.00000 0.00000 0.00000 0.00000 0.00000 0.00000 0.00000 0.00000 0.00000
 0.00000 0.00000 0.00000 0.00000 0.00000 0.00000 0.00000 0.00000 0.00000 0.00000
 0.00000 0.00000 0.00000 0.00000 0.00000 0.00000 0.00000 0.00000 0.00000 0.00000
 0.00000 0.00000 0.00000 0.00000 0.00000 0.00000 0.00000 0.00000 0.00000 0.00000
 0.00000 0.00000 0.00000 0.00000 0.00000 0.00000 0.00000 0.00000 0.00000 0.00000
 0.00000 0.00000 0.00000 0.00000 0.00000 0.00000 0.00000 0.00000 0.00000 0.00000
 0.00000 0.00000 0.00000 0.00000 0.00000 0.00000 0.00000 0.00000 0.00000 0.00000
 0.00000 0.00000 0.00000 0.00000 0.00000 0.00000 0.00000 0.00000 0.00000 0.00000
 0.00000 0.00000 0.00000 0.00000 0.00000 0.00000 0.00000 0.00000 0.00000 0.00000
 0.00000 0.00000 0.00000 0.00000 0.00000 0.00000 0.00000 0.00000 0.00000 0.00000
 0.00000 0.00000 0.00000 0.00000 0.00000 0.00000 0.00000 0.00000 0.00000 0.00000
 0.00000 0.00000 0.00000 0.00000 0.00000 0.00000 0.00000 0.00000 0.00000 0.00000
 0.00000 0.00000 0.00000 0.00000 0.00000 0.00000 0.00000 0.00000 0.00000 0.00000
 0.00000 0.00000 0.00000 0.00000 0.00000 0.00000 0.00000 0.00000 0.00000 0.00000
 0.00000 0.00000 0.00000 0.00000 0.00000 0.00000 0.00000 0.00000 0.00000 0.00000
 0.00000 0.00000 0.00000 0.00000 0.00000 0.00000 0.00000 0.00000 0.00000 0.00000
 0.00000 0.00000 0.00000 0.00000 0.00000 0.00000 0.00000 0.00000 0.00000 0.00000
 0.00000 0.00000 0.00000 0.00000 0.00000 0.00000 0.00000 0.00000 0.00000 0.00000
 0.00000 0.00000 0.00000 0.00000 0.00000 0.00000 0.00000 0.00000 0.00000 0.00000
 0.00000 0.00000 0.00000 0.00000 0.00000 0.00000 0.00000 0.00000 0.00000 0.00000
 0.00000 0.00000 0.00000 0.00000 0.00000 0.00000 0.00000 0.00000 0.00000 0.00000
 0.00000 0.00000 0.00000 0.00000 0.00000 0.00000 0.00000 0.00000 0.00000 0.00000
 0.00000 0.00000 0.00000 0.00000 0.00000 0.00000 0.00000 0.00000 0.00000 0.00000
 0.00000 0.00000 0.00000 0.00000 0.00000
 == 6-th k-point orbital energies
 Spin up:
 -0.36537 -0.30986 -0.25608 -0.24154 -0.23125 -0.22803 -0.22654 -0.22452 -0.22066 -0.21536
 -0.21034 -0.20773 -0.20624 -0.20406 -0.20249 -0.19572 -0.18466 -0.18321 -0.17868 -0.17419
 -0.17099 -0.16969 -0.16943 -0.16784 -0.16680 -0.16540 -0.16335 -0.16269 -0.16084 -0.15908
 -0.15802 -0.15743 -0.15695 -0.15389 -0.15244 -0.15204 -0.14381 -0.14156 -0.14044 -0.13852
 -0.13741 -0.13675 -0.13434 -0.13411 -0.13094 -0.12902 -0.12841 -0.12632 -0.12480 -0.12307
 -0.12284 -0.12215 -0.12054 -0.11986 -0.11853 -0.11799 -0.11746 -0.11681 -0.11510 -0.11322
 -0.11242 -0.11185 -0.11057 -0.10259 -0.07777 -0.05975 -0.05748 -0.04673 -0.02207 -0.01785
 0.01661 0.03669 0.03963 0.09838 0.13612 0.14379 0.15378 0.16745 0.16925 0.17723
 0.20516 0.22118 0.22771 0.25902 0.28754 0.31049 0.33242 0.36368 0.37505 0.38255
 0.40355 0.41150 0.42562 0.46178 0.47629 0.48014 0.48944 0.51570 0.51996 0.56107
 0.57212 0.60626 0.61762 0.63546 0.64722 0.66353 0.68486 0.68836 0.70106 0.70328
 0.70715 0.72937 0.74839 0.76150 0.77346 0.78140 0.78370 0.80899 0.81331 0.82103
 0.83007 0.84145 0.86955 0.89353 0.90081 0.90718 0.91985 0.92632 0.93208 0.94259
 0.95497 0.96961 1.02232 1.03978 1.04267 1.04913 1.06578 1.07540 1.08335 1.09491
 1.11713 1.11909 1.13277 1.15216 1.16740 1.18257 1.19091 1.19825 1.20435 1.21408
 1.23206 1.24165 1.24921 1.26007 1.28628 1.31114 1.31753 1.32632 1.32994 1.33730
 1.35651 1.36147 1.36549 1.39584 1.40998 1.41471 1.44287 1.47264 1.49028 1.49546
 1.49857 1.50233 1.51911 1.52909 1.53842 1.55407 1.57160 1.57670 1.59919 1.61107
 1.63644 1.64352 1.66454 1.67451 1.68799 1.70134 1.70682 1.73792 1.75421 1.75896
 1.76305 1.79344 1.82504 1.83103 1.83905 1.85207 1.86147 1.86738 1.86872 1.87697
 1.88053 1.89112 1.89642 1.90012 1.91284 1.92289 1.92747 1.93311 1.95370 1.96405
 1.97028 1.98309 1.99266 2.00495 2.01842 2.04254 2.05232 2.05778 2.06589 2.07463
 2.07989 2.09022 2.10288 2.10557 2.11027 2.11628 2.11875 2.12828 2.13797 2.14657
 2.15257 2.15715 2.17579 2.19095 2.19281 2.21160 2.22075 2.23373 2.24679 2.26207
 2.27260 2.27623 2.29007 2.32970 2.34401 2.35810 2.38571 2.40296 2.41125 2.42119
 2.43385 2.44464 2.46414 2.52409 2.54023 2.57434 2.58153 2.59907 2.60709 2.61547
 2.62644 2.64153 2.73412 2.74328 2.75297 2.76909 2.77906 2.82131 2.83022 2.84571
 2.87868 2.91772 2.93724 2.95846 2.97887 3.11444 3.14556 3.18956 3.20879 3.22536
 3.31148 3.31736 3.34110 3.35000 3.35265 3.36186 3.38081 3.39681 3.40340 3.41137
 3.41988 3.42851 3.43719 3.44374 3.47017 3.50612 3.57866 3.60286 3.84100 3.91650
 3.97154 4.00873 4.06318 4.19293 4.27160
 Occupations: 
 1.00000 1.00000 1.00000 1.00000 1.00000 1.00000 1.00000 1.00000 1.00000 1.00000
 1.00000 1.00000 1.00000 1.00000 1.00000 1.00000 1.00000 1.00000 1.00000 1.00000
 1.00000 1.00000 1.00000 1.00000 1.00000 1.00000 1.00000 1.00000 1.00000 1.00000
 1.00000 1.00000 1.00000 1.00000 1.00000 1.00000 1.00000 1.00000 1.00000 1.00000
 1.00000 1.00000 1.00000 1.00000 1.00000 1.00000 1.00000 1.00000 1.00000 1.00000
 1.00000 1.00000 1.00000 1.00000 1.00000 1.00000 1.00000 1.00000 1.00000 1.00000
 1.00000 1.00000 1.00000 1.00000 1.00000 0.87220 0.41412 0.00002 0.00000 0.00000
 0.00000 0.00000 0.00000 0.00000 0.00000 0.00000 0.00000 0.00000 0.00000 0.00000
 0.00000 0.00000 0.00000 0.00000 0.00000 0.00000 0.00000 0.00000 0.00000 0.00000
 0.00000 0.00000 0.00000 0.00000 0.00000 0.00000 0.00000 0.00000 0.00000 0.00000
 0.00000 0.00000 0.00000 0.00000 0.00000 0.00000 0.00000 0.00000 0.00000 0.00000
 0.00000 0.00000 0.00000 0.00000 0.00000 0.00000 0.00000 0.00000 0.00000 0.00000
 0.00000 0.00000 0.00000 0.00000 0.00000 0.00000 0.00000 0.00000 0.00000 0.00000
 0.00000 0.00000 0.00000 0.00000 0.00000 0.00000 0.00000 0.00000 0.00000 0.00000
 0.00000 0.00000 0.00000 0.00000 0.00000 0.00000 0.00000 0.00000 0.00000 0.00000
 0.00000 0.00000 0.00000 0.00000 0.00000 0.00000 0.00000 0.00000 0.00000 0.00000
 0.00000 0.00000 0.00000 0.00000 0.00000 0.00000 0.00000 0.00000 0.00000 0.00000
 0.00000 0.00000 0.00000 0.00000 0.00000 0.00000 0.00000 0.00000 0.00000 0.00000
 0.00000 0.00000 0.00000 0.00000 0.00000 0.00000 0.00000 0.00000 0.00000 0.00000
 0.00000 0.00000 0.00000 0.00000 0.00000 0.00000 0.00000 0.00000 0.00000 0.00000
 0.00000 0.00000 0.00000 0.00000 0.00000 0.00000 0.00000 0.00000 0.00000 0.00000
 0.00000 0.00000 0.00000 0.00000 0.00000 0.00000 0.00000 0.00000 0.00000 0.00000
 0.00000 0.00000 0.00000 0.00000 0.00000 0.00000 0.00000 0.00000 0.00000 0.00000
 0.00000 0.00000 0.00000 0.00000 0.00000 0.00000 0.00000 0.00000 0.00000 0.00000
 0.00000 0.00000 0.00000 0.00000 0.00000 0.00000 0.00000 0.00000 0.00000 0.00000
 0.00000 0.00000 0.00000 0.00000 0.00000 0.00000 0.00000 0.00000 0.00000 0.00000
 0.00000 0.00000 0.00000 0.00000 0.00000 0.00000 0.00000 0.00000 0.00000 0.00000
 0.00000 0.00000 0.00000 0.00000 0.00000 0.00000 0.00000 0.00000 0.00000 0.00000
 0.00000 0.00000 0.00000 0.00000 0.00000 0.00000 0.00000 0.00000 0.00000 0.00000
 0.00000 0.00000 0.00000 0.00000 0.00000 0.00000 0.00000 0.00000 0.00000 0.00000
 0.00000 0.00000 0.00000 0.00000 0.00000
 Spin down:
 -0.36537 -0.30986 -0.25608 -0.24154 -0.23125 -0.22803 -0.22654 -0.22452 -0.22066 -0.21536
 -0.21034 -0.20773 -0.20624 -0.20406 -0.20249 -0.19572 -0.18466 -0.18321 -0.17868 -0.17419
 -0.17099 -0.16969 -0.16943 -0.16784 -0.16680 -0.16540 -0.16335 -0.16269 -0.16084 -0.15908
 -0.15802 -0.15743 -0.15695 -0.15389 -0.15244 -0.15204 -0.14381 -0.14156 -0.14044 -0.13852
 -0.13741 -0.13675 -0.13434 -0.13411 -0.13094 -0.12902 -0.12841 -0.12632 -0.12480 -0.12307
 -0.12284 -0.12215 -0.12054 -0.11986 -0.11853 -0.11799 -0.11746 -0.11681 -0.11510 -0.11322
 -0.11242 -0.11185 -0.11057 -0.10259 -0.07777 -0.05975 -0.05748 -0.04673 -0.02207 -0.01785
 0.01661 0.03669 0.03963 0.09838 0.13612 0.14379 0.15378 0.16745 0.16925 0.17723
 0.20516 0.22118 0.22771 0.25902 0.28754 0.31049 0.33242 0.36368 0.37505 0.38255
 0.40355 0.41150 0.42562 0.46178 0.47629 0.48014 0.48944 0.51570 0.51996 0.56107
 0.57212 0.60626 0.61762 0.63546 0.64722 0.66353 0.68486 0.68836 0.70106 0.70328
 0.70715 0.72937 0.74839 0.76150 0.77346 0.78140 0.78370 0.80899 0.81331 0.82103
 0.83007 0.84145 0.86955 0.89353 0.90081 0.90718 0.91985 0.92632 0.93208 0.94259
 0.95497 0.96961 1.02232 1.03978 1.04267 1.04913 1.06578 1.07540 1.08335 1.09491
 1.11713 1.11909 1.13277 1.15216 1.16740 1.18257 1.19091 1.19825 1.20435 1.21408
 1.23206 1.24165 1.24921 1.26007 1.28628 1.31114 1.31753 1.32632 1.32994 1.33730
 1.35651 1.36147 1.36549 1.39584 1.40998 1.41471 1.44287 1.47264 1.49028 1.49546
 1.49857 1.50233 1.51911 1.52909 1.53842 1.55407 1.57160 1.57670 1.59919 1.61107
 1.63644 1.64352 1.66454 1.67451 1.68799 1.70134 1.70682 1.73792 1.75421 1.75896
 1.76305 1.79344 1.82504 1.83103 1.83905 1.85207 1.86147 1.86738 1.86872 1.87697
 1.88053 1.89112 1.89642 1.90012 1.91284 1.92289 1.92747 1.93311 1.95370 1.96405
 1.97028 1.98309 1.99266 2.00495 2.01842 2.04254 2.05232 2.05778 2.06589 2.07463
 2.07989 2.09022 2.10288 2.10557 2.11027 2.11628 2.11875 2.12828 2.13797 2.14657
 2.15257 2.15715 2.17579 2.19095 2.19281 2.21160 2.22075 2.23373 2.24679 2.26207
 2.27260 2.27623 2.29007 2.32970 2.34401 2.35810 2.38571 2.40296 2.41125 2.42119
 2.43385 2.44464 2.46414 2.52409 2.54023 2.57434 2.58153 2.59907 2.60709 2.61547
 2.62644 2.64153 2.73412 2.74328 2.75297 2.76909 2.77906 2.82131 2.83022 2.84571
 2.87868 2.91772 2.93724 2.95846 2.97887 3.11444 3.14556 3.18956 3.20879 3.22536
 3.31148 3.31736 3.34110 3.35000 3.35265 3.36186 3.38081 3.39681 3.40340 3.41137
 3.41988 3.42851 3.43719 3.44374 3.47017 3.50612 3.57866 3.60286 3.84100 3.91650
 3.97154 4.00873 4.06318 4.19293 4.27160
 Occupations:
 1.00000 1.00000 1.00000 1.00000 1.00000 1.00000 1.00000 1.00000 1.00000 1.00000
 1.00000 1.00000 1.00000 1.00000 1.00000 1.00000 1.00000 1.00000 1.00000 1.00000
 1.00000 1.00000 1.00000 1.00000 1.00000 1.00000 1.00000 1.00000 1.00000 1.00000
 1.00000 1.00000 1.00000 1.00000 1.00000 1.00000 1.00000 1.00000 1.00000 1.00000
 1.00000 1.00000 1.00000 1.00000 1.00000 1.00000 1.00000 1.00000 1.00000 1.00000
 1.00000 1.00000 1.00000 1.00000 1.00000 1.00000 1.00000 1.00000 1.00000 1.00000
 1.00000 1.00000 1.00000 1.00000 1.00000 0.87220 0.41414 0.00002 0.00000 0.00000
 0.00000 0.00000 0.00000 0.00000 0.00000 0.00000 0.00000 0.00000 0.00000 0.00000
 0.00000 0.00000 0.00000 0.00000 0.00000 0.00000 0.00000 0.00000 0.00000 0.00000
 0.00000 0.00000 0.00000 0.00000 0.00000 0.00000 0.00000 0.00000 0.00000 0.00000
 0.00000 0.00000 0.00000 0.00000 0.00000 0.00000 0.00000 0.00000 0.00000 0.00000
 0.00000 0.00000 0.00000 0.00000 0.00000 0.00000 0.00000 0.00000 0.00000 0.00000
 0.00000 0.00000 0.00000 0.00000 0.00000 0.00000 0.00000 0.00000 0.00000 0.00000
 0.00000 0.00000 0.00000 0.00000 0.00000 0.00000 0.00000 0.00000 0.00000 0.00000
 0.00000 0.00000 0.00000 0.00000 0.00000 0.00000 0.00000 0.00000 0.00000 0.00000
 0.00000 0.00000 0.00000 0.00000 0.00000 0.00000 0.00000 0.00000 0.00000 0.00000
 0.00000 0.00000 0.00000 0.00000 0.00000 0.00000 0.00000 0.00000 0.00000 0.00000
 0.00000 0.00000 0.00000 0.00000 0.00000 0.00000 0.00000 0.00000 0.00000 0.00000
 0.00000 0.00000 0.00000 0.00000 0.00000 0.00000 0.00000 0.00000 0.00000 0.00000
 0.00000 0.00000 0.00000 0.00000 0.00000 0.00000 0.00000 0.00000 0.00000 0.00000
 0.00000 0.00000 0.00000 0.00000 0.00000 0.00000 0.00000 0.00000 0.00000 0.00000
 0.00000 0.00000 0.00000 0.00000 0.00000 0.00000 0.00000 0.00000 0.00000 0.00000
 0.00000 0.00000 0.00000 0.00000 0.00000 0.00000 0.00000 0.00000 0.00000 0.00000
 0.00000 0.00000 0.00000 0.00000 0.00000 0.00000 0.00000 0.00000 0.00000 0.00000
 0.00000 0.00000 0.00000 0.00000 0.00000 0.00000 0.00000 0.00000 0.00000 0.00000
 0.00000 0.00000 0.00000 0.00000 0.00000 0.00000 0.00000 0.00000 0.00000 0.00000
 0.00000 0.00000 0.00000 0.00000 0.00000 0.00000 0.00000 0.00000 0.00000 0.00000
 0.00000 0.00000 0.00000 0.00000 0.00000 0.00000 0.00000 0.00000 0.00000 0.00000
 0.00000 0.00000 0.00000 0.00000 0.00000 0.00000 0.00000 0.00000 0.00000 0.00000
 0.00000 0.00000 0.00000 0.00000 0.00000 0.00000 0.00000 0.00000 0.00000 0.00000
 0.00000 0.00000 0.00000 0.00000 0.00000
 == 7-th k-point orbital energies
 Spin up:
 -0.36537 -0.30987 -0.25609 -0.24154 -0.23125 -0.22805 -0.22653 -0.22450 -0.22067 -0.21537
 -0.21034 -0.20771 -0.20621 -0.20409 -0.20251 -0.19571 -0.18466 -0.18321 -0.17868 -0.17419
 -0.17097 -0.16970 -0.16944 -0.16785 -0.16680 -0.16540 -0.16334 -0.16269 -0.16085 -0.15907
 -0.15802 -0.15744 -0.15697 -0.15389 -0.15243 -0.15203 -0.14381 -0.14157 -0.14043 -0.13853
 -0.13741 -0.13675 -0.13434 -0.13411 -0.13096 -0.12903 -0.12841 -0.12632 -0.12479 -0.12307
 -0.12284 -0.12214 -0.12051 -0.11988 -0.11849 -0.11804 -0.11743 -0.11685 -0.11503 -0.11330
 -0.11241 -0.11184 -0.11054 -0.10258 -0.07778 -0.05976 -0.05748 -0.04673 -0.02207 -0.01785
 0.01661 0.03669 0.03964 0.09838 0.13612 0.14379 0.15378 0.16744 0.16926 0.17723
 0.20517 0.22118 0.22771 0.25902 0.28754 0.31049 0.33241 0.36368 0.37505 0.38255
 0.40356 0.41150 0.42561 0.46177 0.47629 0.48014 0.48943 0.51570 0.51996 0.56107
 0.57212 0.60626 0.61762 0.63546 0.64722 0.66353 0.68486 0.68836 0.70105 0.70327
 0.70715 0.72937 0.74839 0.76150 0.77347 0.78140 0.78370 0.80899 0.81331 0.82104
 0.83007 0.84145 0.86954 0.89353 0.90081 0.90719 0.91985 0.92632 0.93208 0.94260
 0.95497 0.96961 1.02232 1.03978 1.04267 1.04913 1.06578 1.07540 1.08335 1.09491
 1.11713 1.11909 1.13277 1.15216 1.16740 1.18257 1.19091 1.19826 1.20435 1.21409
 1.23206 1.24165 1.24921 1.26007 1.28628 1.31114 1.31753 1.32632 1.32994 1.33730
 1.35650 1.36147 1.36549 1.39584 1.40998 1.41471 1.44287 1.47264 1.49028 1.49545
 1.49857 1.50233 1.51911 1.52909 1.53842 1.55407 1.57160 1.57670 1.59919 1.61107
 1.63644 1.64352 1.66454 1.67451 1.68799 1.70134 1.70682 1.73792 1.75422 1.75896
 1.76306 1.79344 1.82504 1.83103 1.83905 1.85207 1.86146 1.86738 1.86871 1.87697
 1.88054 1.89112 1.89641 1.90012 1.91284 1.92289 1.92746 1.93311 1.95370 1.96405
 1.97028 1.98308 1.99266 2.00496 2.01842 2.04254 2.05233 2.05778 2.06589 2.07463
 2.07989 2.09022 2.10288 2.10557 2.11027 2.11628 2.11875 2.12828 2.13796 2.14657
 2.15257 2.15716 2.17579 2.19095 2.19280 2.21159 2.22075 2.23374 2.24679 2.26207
 2.27260 2.27623 2.29007 2.32970 2.34401 2.35809 2.38571 2.40295 2.41125 2.42120
 2.43384 2.44464 2.46414 2.52408 2.54022 2.57434 2.58153 2.59907 2.60709 2.61547
 2.62645 2.64152 2.73412 2.74328 2.75296 2.76909 2.77906 2.82132 2.83022 2.84570
 2.87868 2.91773 2.93723 2.95844 2.97891 3.11443 3.14554 3.18957 3.20882 3.22535
 3.31147 3.31736 3.34110 3.35001 3.35263 3.36191 3.38079 3.39685 3.40335 3.41138
 3.41989 3.42851 3.43719 3.44376 3.47013 3.50612 3.57866 3.60286 3.84101 3.91654
 3.97154 4.00873 4.06315 4.19296 4.27159
 Occupations: 
 1.00000 1.00000 1.00000 1.00000 1.00000 1.00000 1.00000 1.00000 1.00000 1.00000
 1.00000 1.00000 1.00000 1.00000 1.00000 1.00000 1.00000 1.00000 1.00000 1.00000
 1.00000 1.00000 1.00000 1.00000 1.00000 1.00000 1.00000 1.00000 1.00000 1.00000
 1.00000 1.00000 1.00000 1.00000 1.00000 1.00000 1.00000 1.00000 1.00000 1.00000
 1.00000 1.00000 1.00000 1.00000 1.00000 1.00000 1.00000 1.00000 1.00000 1.00000
 1.00000 1.00000 1.00000 1.00000 1.00000 1.00000 1.00000 1.00000 1.00000 1.00000
 1.00000 1.00000 1.00000 1.00000 1.00000 0.87325 0.41451 0.00002 0.00000 0.00000
 0.00000 0.00000 0.00000 0.00000 0.00000 0.00000 0.00000 0.00000 0.00000 0.00000
 0.00000 0.00000 0.00000 0.00000 0.00000 0.00000 0.00000 0.00000 0.00000 0.00000
 0.00000 0.00000 0.00000 0.00000 0.00000 0.00000 0.00000 0.00000 0.00000 0.00000
 0.00000 0.00000 0.00000 0.00000 0.00000 0.00000 0.00000 0.00000 0.00000 0.00000
 0.00000 0.00000 0.00000 0.00000 0.00000 0.00000 0.00000 0.00000 0.00000 0.00000
 0.00000 0.00000 0.00000 0.00000 0.00000 0.00000 0.00000 0.00000 0.00000 0.00000
 0.00000 0.00000 0.00000 0.00000 0.00000 0.00000 0.00000 0.00000 0.00000 0.00000
 0.00000 0.00000 0.00000 0.00000 0.00000 0.00000 0.00000 0.00000 0.00000 0.00000
 0.00000 0.00000 0.00000 0.00000 0.00000 0.00000 0.00000 0.00000 0.00000 0.00000
 0.00000 0.00000 0.00000 0.00000 0.00000 0.00000 0.00000 0.00000 0.00000 0.00000
 0.00000 0.00000 0.00000 0.00000 0.00000 0.00000 0.00000 0.00000 0.00000 0.00000
 0.00000 0.00000 0.00000 0.00000 0.00000 0.00000 0.00000 0.00000 0.00000 0.00000
 0.00000 0.00000 0.00000 0.00000 0.00000 0.00000 0.00000 0.00000 0.00000 0.00000
 0.00000 0.00000 0.00000 0.00000 0.00000 0.00000 0.00000 0.00000 0.00000 0.00000
 0.00000 0.00000 0.00000 0.00000 0.00000 0.00000 0.00000 0.00000 0.00000 0.00000
 0.00000 0.00000 0.00000 0.00000 0.00000 0.00000 0.00000 0.00000 0.00000 0.00000
 0.00000 0.00000 0.00000 0.00000 0.00000 0.00000 0.00000 0.00000 0.00000 0.00000
 0.00000 0.00000 0.00000 0.00000 0.00000 0.00000 0.00000 0.00000 0.00000 0.00000
 0.00000 0.00000 0.00000 0.00000 0.00000 0.00000 0.00000 0.00000 0.00000 0.00000
 0.00000 0.00000 0.00000 0.00000 0.00000 0.00000 0.00000 0.00000 0.00000 0.00000
 0.00000 0.00000 0.00000 0.00000 0.00000 0.00000 0.00000 0.00000 0.00000 0.00000
 0.00000 0.00000 0.00000 0.00000 0.00000 0.00000 0.00000 0.00000 0.00000 0.00000
 0.00000 0.00000 0.00000 0.00000 0.00000 0.00000 0.00000 0.00000 0.00000 0.00000
 0.00000 0.00000 0.00000 0.00000 0.00000
 Spin down:
 -0.36537 -0.30987 -0.25609 -0.24154 -0.23125 -0.22805 -0.22653 -0.22450 -0.22067 -0.21537
 -0.21034 -0.20771 -0.20621 -0.20409 -0.20251 -0.19571 -0.18466 -0.18321 -0.17868 -0.17419
 -0.17097 -0.16970 -0.16944 -0.16785 -0.16680 -0.16540 -0.16334 -0.16269 -0.16085 -0.15907
 -0.15802 -0.15744 -0.15697 -0.15389 -0.15243 -0.15203 -0.14381 -0.14157 -0.14043 -0.13853
 -0.13741 -0.13675 -0.13434 -0.13411 -0.13096 -0.12903 -0.12841 -0.12632 -0.12479 -0.12307
 -0.12284 -0.12214 -0.12051 -0.11988 -0.11849 -0.11804 -0.11743 -0.11685 -0.11503 -0.11330
 -0.11241 -0.11184 -0.11054 -0.10258 -0.07778 -0.05976 -0.05748 -0.04673 -0.02207 -0.01785
 0.01661 0.03669 0.03964 0.09838 0.13612 0.14379 0.15378 0.16744 0.16926 0.17723
 0.20517 0.22118 0.22771 0.25902 0.28754 0.31049 0.33241 0.36368 0.37505 0.38255
 0.40356 0.41150 0.42561 0.46177 0.47629 0.48014 0.48943 0.51570 0.51996 0.56107
 0.57212 0.60626 0.61762 0.63546 0.64722 0.66353 0.68486 0.68836 0.70105 0.70327
 0.70715 0.72937 0.74839 0.76150 0.77347 0.78140 0.78370 0.80899 0.81331 0.82104
 0.83007 0.84145 0.86954 0.89353 0.90081 0.90719 0.91985 0.92632 0.93208 0.94260
 0.95497 0.96961 1.02232 1.03978 1.04267 1.04913 1.06578 1.07540 1.08335 1.09491
 1.11713 1.11909 1.13277 1.15216 1.16740 1.18257 1.19091 1.19826 1.20435 1.21409
 1.23206 1.24165 1.24921 1.26007 1.28628 1.31114 1.31753 1.32632 1.32994 1.33730
 1.35650 1.36147 1.36549 1.39584 1.40998 1.41471 1.44287 1.47264 1.49028 1.49545
 1.49857 1.50233 1.51911 1.52909 1.53842 1.55407 1.57160 1.57670 1.59919 1.61107
 1.63644 1.64352 1.66454 1.67451 1.68799 1.70134 1.70682 1.73792 1.75422 1.75896
 1.76306 1.79344 1.82504 1.83103 1.83905 1.85207 1.86146 1.86738 1.86871 1.87697
 1.88054 1.89112 1.89641 1.90012 1.91284 1.92289 1.92746 1.93311 1.95370 1.96405
 1.97028 1.98308 1.99266 2.00496 2.01842 2.04254 2.05233 2.05778 2.06589 2.07463
 2.07989 2.09022 2.10288 2.10557 2.11027 2.11628 2.11875 2.12828 2.13796 2.14657
 2.15257 2.15716 2.17579 2.19095 2.19280 2.21159 2.22075 2.23374 2.24679 2.26207
 2.27260 2.27623 2.29007 2.32970 2.34401 2.35809 2.38571 2.40295 2.41125 2.42120
 2.43384 2.44464 2.46414 2.52408 2.54022 2.57434 2.58153 2.59907 2.60709 2.61547
 2.62645 2.64152 2.73412 2.74328 2.75296 2.76909 2.77906 2.82132 2.83022 2.84570
 2.87868 2.91773 2.93723 2.95844 2.97891 3.11443 3.14554 3.18957 3.20882 3.22535
 3.31147 3.31736 3.34110 3.35001 3.35263 3.36191 3.38079 3.39685 3.40335 3.41138
 3.41989 3.42851 3.43719 3.44376 3.47013 3.50612 3.57866 3.60286 3.84101 3.91654
 3.97154 4.00873 4.06315 4.19296 4.27159
 Occupations:
 1.00000 1.00000 1.00000 1.00000 1.00000 1.00000 1.00000 1.00000 1.00000 1.00000
 1.00000 1.00000 1.00000 1.00000 1.00000 1.00000 1.00000 1.00000 1.00000 1.00000
 1.00000 1.00000 1.00000 1.00000 1.00000 1.00000 1.00000 1.00000 1.00000 1.00000
 1.00000 1.00000 1.00000 1.00000 1.00000 1.00000 1.00000 1.00000 1.00000 1.00000
 1.00000 1.00000 1.00000 1.00000 1.00000 1.00000 1.00000 1.00000 1.00000 1.00000
 1.00000 1.00000 1.00000 1.00000 1.00000 1.00000 1.00000 1.00000 1.00000 1.00000
 1.00000 1.00000 1.00000 1.00000 1.00000 0.87325 0.41452 0.00002 0.00000 0.00000
 0.00000 0.00000 0.00000 0.00000 0.00000 0.00000 0.00000 0.00000 0.00000 0.00000
 0.00000 0.00000 0.00000 0.00000 0.00000 0.00000 0.00000 0.00000 0.00000 0.00000
 0.00000 0.00000 0.00000 0.00000 0.00000 0.00000 0.00000 0.00000 0.00000 0.00000
 0.00000 0.00000 0.00000 0.00000 0.00000 0.00000 0.00000 0.00000 0.00000 0.00000
 0.00000 0.00000 0.00000 0.00000 0.00000 0.00000 0.00000 0.00000 0.00000 0.00000
 0.00000 0.00000 0.00000 0.00000 0.00000 0.00000 0.00000 0.00000 0.00000 0.00000
 0.00000 0.00000 0.00000 0.00000 0.00000 0.00000 0.00000 0.00000 0.00000 0.00000
 0.00000 0.00000 0.00000 0.00000 0.00000 0.00000 0.00000 0.00000 0.00000 0.00000
 0.00000 0.00000 0.00000 0.00000 0.00000 0.00000 0.00000 0.00000 0.00000 0.00000
 0.00000 0.00000 0.00000 0.00000 0.00000 0.00000 0.00000 0.00000 0.00000 0.00000
 0.00000 0.00000 0.00000 0.00000 0.00000 0.00000 0.00000 0.00000 0.00000 0.00000
 0.00000 0.00000 0.00000 0.00000 0.00000 0.00000 0.00000 0.00000 0.00000 0.00000
 0.00000 0.00000 0.00000 0.00000 0.00000 0.00000 0.00000 0.00000 0.00000 0.00000
 0.00000 0.00000 0.00000 0.00000 0.00000 0.00000 0.00000 0.00000 0.00000 0.00000
 0.00000 0.00000 0.00000 0.00000 0.00000 0.00000 0.00000 0.00000 0.00000 0.00000
 0.00000 0.00000 0.00000 0.00000 0.00000 0.00000 0.00000 0.00000 0.00000 0.00000
 0.00000 0.00000 0.00000 0.00000 0.00000 0.00000 0.00000 0.00000 0.00000 0.00000
 0.00000 0.00000 0.00000 0.00000 0.00000 0.00000 0.00000 0.00000 0.00000 0.00000
 0.00000 0.00000 0.00000 0.00000 0.00000 0.00000 0.00000 0.00000 0.00000 0.00000
 0.00000 0.00000 0.00000 0.00000 0.00000 0.00000 0.00000 0.00000 0.00000 0.00000
 0.00000 0.00000 0.00000 0.00000 0.00000 0.00000 0.00000 0.00000 0.00000 0.00000
 0.00000 0.00000 0.00000 0.00000 0.00000 0.00000 0.00000 0.00000 0.00000 0.00000
 0.00000 0.00000 0.00000 0.00000 0.00000 0.00000 0.00000 0.00000 0.00000 0.00000
 0.00000 0.00000 0.00000 0.00000 0.00000
 == 8-th k-point orbital energies
 Spin up:
 -0.34373 -0.29610 -0.25513 -0.25129 -0.24248 -0.22285 -0.22229 -0.21511 -0.21194 -0.21090
 -0.20454 -0.20333 -0.20122 -0.19608 -0.19428 -0.19079 -0.18430 -0.18291 -0.18175 -0.18031
 -0.17597 -0.17498 -0.17228 -0.17115 -0.16854 -0.16635 -0.16376 -0.16324 -0.16235 -0.16114
 -0.16008 -0.15792 -0.15637 -0.15510 -0.15468 -0.15124 -0.15001 -0.14827 -0.14735 -0.14634
 -0.14451 -0.14370 -0.14250 -0.14107 -0.13908 -0.13707 -0.13607 -0.13388 -0.13306 -0.13220
 -0.12953 -0.12724 -0.12606 -0.12392 -0.12237 -0.12050 -0.11937 -0.11846 -0.11805 -0.11691
 -0.11636 -0.11475 -0.10702 -0.10503 -0.09628 -0.08121 -0.07721 -0.02728 0.00692 0.01039
 0.01322 0.03112 0.05634 0.10939 0.13579 0.14051 0.18070 0.19414 0.20251 0.21913
 0.22061 0.25390 0.27829 0.28204 0.29759 0.31108 0.33755 0.35017 0.35966 0.38049
 0.40263 0.41076 0.42646 0.43795 0.45266 0.50234 0.50428 0.50963 0.51446 0.53782
 0.55501 0.56426 0.57195 0.58061 0.59569 0.61121 0.63243 0.65118 0.65526 0.67153
 0.68591 0.72155 0.72985 0.74094 0.76339 0.78501 0.80705 0.81302 0.82549 0.82924
 0.83765 0.84509 0.88125 0.88462 0.90934 0.91789 0.92236 0.92514 0.94550 0.98032
 0.98327 1.00044 1.01118 1.03111 1.04380 1.05315 1.07004 1.08146 1.10972 1.11533
 1.13076 1.14054 1.16124 1.17012 1.17784 1.18375 1.19993 1.21841 1.23426 1.24502
 1.25184 1.26154 1.27113 1.29328 1.30139 1.31143 1.31830 1.32519 1.33823 1.35205
 1.37680 1.38503 1.39010 1.40519 1.41000 1.42521 1.43915 1.45079 1.45465 1.45935
 1.47032 1.47749 1.48396 1.49123 1.50448 1.53139 1.54077 1.57786 1.59506 1.60387
 1.62268 1.63427 1.64783 1.65862 1.66245 1.66782 1.69775 1.70188 1.70651 1.70931
 1.71881 1.72599 1.74621 1.74838 1.75605 1.76541 1.77388 1.80369 1.80911 1.81270
 1.82008 1.83574 1.84188 1.84387 1.86233 1.86965 1.88302 1.89184 1.92221 1.92594
 1.93483 1.95809 1.95969 1.96606 1.98554 1.99168 2.00007 2.01356 2.01740 2.02769
 2.03931 2.04593 2.06525 2.08764 2.10212 2.11558 2.11906 2.12889 2.14210 2.15577
 2.15741 2.17072 2.17684 2.20253 2.21039 2.21305 2.21689 2.22251 2.23422 2.24777
 2.25734 2.26590 2.27829 2.29835 2.32030 2.32935 2.34594 2.36439 2.37467 2.38466
 2.38719 2.41385 2.44355 2.46084 2.47049 2.49015 2.51164 2.54018 2.59360 2.60603
 2.61653 2.65706 2.69498 2.70261 2.71692 2.73629 2.75003 2.80293 2.83953 2.85264
 2.89711 2.91825 2.94796 2.97391 2.98264 3.07947 3.19120 3.25440 3.26030 3.27135
 3.30008 3.31295 3.31947 3.33233 3.35229 3.36273 3.36435 3.36799 3.37573 3.38016
 3.38820 3.40235 3.44176 3.47304 3.49732 3.59434 3.66382 3.67811 3.72537 3.90333
 3.95438 4.03701 4.25976 4.26229 4.29847
 Occupations: 
 1.00000 1.00000 1.00000 1.00000 1.00000 1.00000 1.00000 1.00000 1.00000 1.00000
 1.00000 1.00000 1.00000 1.00000 1.00000 1.00000 1.00000 1.00000 1.00000 1.00000
 1.00000 1.00000 1.00000 1.00000 1.00000 1.00000 1.00000 1.00000 1.00000 1.00000
 1.00000 1.00000 1.00000 1.00000 1.00000 1.00000 1.00000 1.00000 1.00000 1.00000
 1.00000 1.00000 1.00000 1.00000 1.00000 1.00000 1.00000 1.00000 1.00000 1.00000
 1.00000 1.00000 1.00000 1.00000 1.00000 1.00000 1.00000 1.00000 1.00000 1.00000
 1.00000 1.00000 1.00000 1.00000 1.00000 1.00000 1.00000 0.00000 0.00000 0.00000
 0.00000 0.00000 0.00000 0.00000 0.00000 0.00000 0.00000 0.00000 0.00000 0.00000
 0.00000 0.00000 0.00000 0.00000 0.00000 0.00000 0.00000 0.00000 0.00000 0.00000
 0.00000 0.00000 0.00000 0.00000 0.00000 0.00000 0.00000 0.00000 0.00000 0.00000
 0.00000 0.00000 0.00000 0.00000 0.00000 0.00000 0.00000 0.00000 0.00000 0.00000
 0.00000 0.00000 0.00000 0.00000 0.00000 0.00000 0.00000 0.00000 0.00000 0.00000
 0.00000 0.00000 0.00000 0.00000 0.00000 0.00000 0.00000 0.00000 0.00000 0.00000
 0.00000 0.00000 0.00000 0.00000 0.00000 0.00000 0.00000 0.00000 0.00000 0.00000
 0.00000 0.00000 0.00000 0.00000 0.00000 0.00000 0.00000 0.00000 0.00000 0.00000
 0.00000 0.00000 0.00000 0.00000 0.00000 0.00000 0.00000 0.00000 0.00000 0.00000
 0.00000 0.00000 0.00000 0.00000 0.00000 0.00000 0.00000 0.00000 0.00000 0.00000
 0.00000 0.00000 0.00000 0.00000 0.00000 0.00000 0.00000 0.00000 0.00000 0.00000
 0.00000 0.00000 0.00000 0.00000 0.00000 0.00000 0.00000 0.00000 0.00000 0.00000
 0.00000 0.00000 0.00000 0.00000 0.00000 0.00000 0.00000 0.00000 0.00000 0.00000
 0.00000 0.00000 0.00000 0.00000 0.00000 0.00000 0.00000 0.00000 0.00000 0.00000
 0.00000 0.00000 0.00000 0.00000 0.00000 0.00000 0.00000 0.00000 0.00000 0.00000
 0.00000 0.00000 0.00000 0.00000 0.00000 0.00000 0.00000 0.00000 0.00000 0.00000
 0.00000 0.00000 0.00000 0.00000 0.00000 0.00000 0.00000 0.00000 0.00000 0.00000
 0.00000 0.00000 0.00000 0.00000 0.00000 0.00000 0.00000 0.00000 0.00000 0.00000
 0.00000 0.00000 0.00000 0.00000 0.00000 0.00000 0.00000 0.00000 0.00000 0.00000
 0.00000 0.00000 0.00000 0.00000 0.00000 0.00000 0.00000 0.00000 0.00000 0.00000
 0.00000 0.00000 0.00000 0.00000 0.00000 0.00000 0.00000 0.00000 0.00000 0.00000
 0.00000 0.00000 0.00000 0.00000 0.00000 0.00000 0.00000 0.00000 0.00000 0.00000
 0.00000 0.00000 0.00000 0.00000 0.00000 0.00000 0.00000 0.00000 0.00000 0.00000
 0.00000 0.00000 0.00000 0.00000 0.00000
 Spin down:
 -0.34373 -0.29610 -0.25513 -0.25129 -0.24248 -0.22285 -0.22229 -0.21511 -0.21194 -0.21090
 -0.20454 -0.20333 -0.20122 -0.19608 -0.19428 -0.19079 -0.18430 -0.18291 -0.18175 -0.18031
 -0.17597 -0.17498 -0.17228 -0.17115 -0.16854 -0.16635 -0.16376 -0.16324 -0.16235 -0.16114
 -0.16008 -0.15792 -0.15637 -0.15510 -0.15468 -0.15124 -0.15001 -0.14827 -0.14735 -0.14634
 -0.14451 -0.14370 -0.14250 -0.14107 -0.13908 -0.13707 -0.13607 -0.13388 -0.13306 -0.13220
 -0.12953 -0.12724 -0.12606 -0.12392 -0.12237 -0.12050 -0.11937 -0.11846 -0.11805 -0.11691
 -0.11636 -0.11475 -0.10702 -0.10503 -0.09628 -0.08121 -0.07721 -0.02728 0.00692 0.01039
 0.01322 0.03112 0.05634 0.10939 0.13579 0.14051 0.18070 0.19414 0.20251 0.21913
 0.22061 0.25390 0.27829 0.28204 0.29759 0.31108 0.33755 0.35017 0.35966 0.38049
 0.40263 0.41076 0.42646 0.43795 0.45266 0.50234 0.50428 0.50963 0.51446 0.53782
 0.55501 0.56426 0.57195 0.58061 0.59569 0.61121 0.63243 0.65118 0.65526 0.67153
 0.68591 0.72155 0.72985 0.74094 0.76339 0.78501 0.80705 0.81302 0.82549 0.82924
 0.83765 0.84509 0.88125 0.88462 0.90934 0.91789 0.92236 0.92514 0.94550 0.98032
 0.98327 1.00044 1.01118 1.03111 1.04380 1.05315 1.07004 1.08146 1.10972 1.11533
 1.13076 1.14054 1.16124 1.17012 1.17784 1.18375 1.19993 1.21841 1.23426 1.24502
 1.25184 1.26154 1.27113 1.29328 1.30139 1.31143 1.31830 1.32519 1.33823 1.35205
 1.37680 1.38503 1.39010 1.40519 1.41000 1.42521 1.43915 1.45079 1.45465 1.45935
 1.47032 1.47749 1.48396 1.49123 1.50448 1.53139 1.54077 1.57786 1.59506 1.60387
 1.62268 1.63427 1.64783 1.65862 1.66245 1.66782 1.69775 1.70188 1.70651 1.70931
 1.71881 1.72599 1.74621 1.74838 1.75605 1.76541 1.77388 1.80369 1.80911 1.81270
 1.82008 1.83574 1.84188 1.84387 1.86233 1.86965 1.88302 1.89184 1.92221 1.92594
 1.93483 1.95809 1.95969 1.96606 1.98554 1.99168 2.00007 2.01356 2.01740 2.02769
 2.03931 2.04593 2.06525 2.08764 2.10212 2.11558 2.11906 2.12889 2.14210 2.15577
 2.15741 2.17072 2.17684 2.20253 2.21039 2.21305 2.21689 2.22251 2.23422 2.24777
 2.25734 2.26590 2.27829 2.29835 2.32030 2.32935 2.34594 2.36439 2.37467 2.38466
 2.38719 2.41385 2.44355 2.46084 2.47049 2.49015 2.51164 2.54018 2.59360 2.60603
 2.61653 2.65706 2.69498 2.70261 2.71692 2.73629 2.75003 2.80293 2.83953 2.85264
 2.89711 2.91825 2.94796 2.97391 2.98264 3.07947 3.19120 3.25440 3.26030 3.27135
 3.30008 3.31295 3.31947 3.33233 3.35229 3.36273 3.36435 3.36799 3.37573 3.38016
 3.38820 3.40235 3.44176 3.47304 3.49732 3.59434 3.66382 3.67811 3.72537 3.90333
 3.95438 4.03701 4.25976 4.26229 4.29847
 Occupations:
 1.00000 1.00000 1.00000 1.00000 1.00000 1.00000 1.00000 1.00000 1.00000 1.00000
 1.00000 1.00000 1.00000 1.00000 1.00000 1.00000 1.00000 1.00000 1.00000 1.00000
 1.00000 1.00000 1.00000 1.00000 1.00000 1.00000 1.00000 1.00000 1.00000 1.00000
 1.00000 1.00000 1.00000 1.00000 1.00000 1.00000 1.00000 1.00000 1.00000 1.00000
 1.00000 1.00000 1.00000 1.00000 1.00000 1.00000 1.00000 1.00000 1.00000 1.00000
 1.00000 1.00000 1.00000 1.00000 1.00000 1.00000 1.00000 1.00000 1.00000 1.00000
 1.00000 1.00000 1.00000 1.00000 1.00000 1.00000 1.00000 0.00000 0.00000 0.00000
 0.00000 0.00000 0.00000 0.00000 0.00000 0.00000 0.00000 0.00000 0.00000 0.00000
 0.00000 0.00000 0.00000 0.00000 0.00000 0.00000 0.00000 0.00000 0.00000 0.00000
 0.00000 0.00000 0.00000 0.00000 0.00000 0.00000 0.00000 0.00000 0.00000 0.00000
 0.00000 0.00000 0.00000 0.00000 0.00000 0.00000 0.00000 0.00000 0.00000 0.00000
 0.00000 0.00000 0.00000 0.00000 0.00000 0.00000 0.00000 0.00000 0.00000 0.00000
 0.00000 0.00000 0.00000 0.00000 0.00000 0.00000 0.00000 0.00000 0.00000 0.00000
 0.00000 0.00000 0.00000 0.00000 0.00000 0.00000 0.00000 0.00000 0.00000 0.00000
 0.00000 0.00000 0.00000 0.00000 0.00000 0.00000 0.00000 0.00000 0.00000 0.00000
 0.00000 0.00000 0.00000 0.00000 0.00000 0.00000 0.00000 0.00000 0.00000 0.00000
 0.00000 0.00000 0.00000 0.00000 0.00000 0.00000 0.00000 0.00000 0.00000 0.00000
 0.00000 0.00000 0.00000 0.00000 0.00000 0.00000 0.00000 0.00000 0.00000 0.00000
 0.00000 0.00000 0.00000 0.00000 0.00000 0.00000 0.00000 0.00000 0.00000 0.00000
 0.00000 0.00000 0.00000 0.00000 0.00000 0.00000 0.00000 0.00000 0.00000 0.00000
 0.00000 0.00000 0.00000 0.00000 0.00000 0.00000 0.00000 0.00000 0.00000 0.00000
 0.00000 0.00000 0.00000 0.00000 0.00000 0.00000 0.00000 0.00000 0.00000 0.00000
 0.00000 0.00000 0.00000 0.00000 0.00000 0.00000 0.00000 0.00000 0.00000 0.00000
 0.00000 0.00000 0.00000 0.00000 0.00000 0.00000 0.00000 0.00000 0.00000 0.00000
 0.00000 0.00000 0.00000 0.00000 0.00000 0.00000 0.00000 0.00000 0.00000 0.00000
 0.00000 0.00000 0.00000 0.00000 0.00000 0.00000 0.00000 0.00000 0.00000 0.00000
 0.00000 0.00000 0.00000 0.00000 0.00000 0.00000 0.00000 0.00000 0.00000 0.00000
 0.00000 0.00000 0.00000 0.00000 0.00000 0.00000 0.00000 0.00000 0.00000 0.00000
 0.00000 0.00000 0.00000 0.00000 0.00000 0.00000 0.00000 0.00000 0.00000 0.00000
 0.00000 0.00000 0.00000 0.00000 0.00000 0.00000 0.00000 0.00000 0.00000 0.00000
 0.00000 0.00000 0.00000 0.00000 0.00000
 == 9-th k-point orbital energies
 Spin up:
 -0.31244 -0.29721 -0.27488 -0.25422 -0.23864 -0.22337 -0.21763 -0.20465 -0.20382 -0.20346
 -0.20048 -0.19631 -0.19510 -0.19392 -0.19253 -0.18858 -0.18691 -0.18528 -0.18384 -0.18287
 -0.18165 -0.17602 -0.17387 -0.17243 -0.17088 -0.17008 -0.16918 -0.16833 -0.16640 -0.16586
 -0.16350 -0.16231 -0.15854 -0.15732 -0.15698 -0.15639 -0.15519 -0.15404 -0.15357 -0.14977
 -0.14676 -0.14489 -0.14188 -0.14140 -0.13985 -0.13841 -0.13638 -0.13580 -0.13523 -0.13248
 -0.13072 -0.12981 -0.12679 -0.12558 -0.12495 -0.12382 -0.12223 -0.12104 -0.11964 -0.11781
 -0.11740 -0.11677 -0.11552 -0.11339 -0.10354 -0.08762 -0.06140 -0.03883 -0.00238 0.01781
 0.03716 0.06211 0.07149 0.11555 0.12402 0.13194 0.17673 0.20196 0.20945 0.22786
 0.24853 0.26754 0.28642 0.29780 0.31611 0.33917 0.35651 0.36218 0.38698 0.39293
 0.41507 0.42328 0.43007 0.44401 0.45161 0.46077 0.47066 0.48032 0.48749 0.49871
 0.50687 0.55941 0.57006 0.57987 0.58728 0.59848 0.60258 0.63770 0.64479 0.66489
 0.68582 0.70698 0.71217 0.72095 0.74902 0.75348 0.76782 0.77914 0.79122 0.84359
 0.85776 0.86181 0.87274 0.91241 0.93020 0.93509 0.94209 0.95178 0.97608 0.98163
 0.98921 1.01306 1.02173 1.04409 1.04512 1.05314 1.08058 1.08722 1.09069 1.09956
 1.12879 1.13967 1.16087 1.17259 1.17692 1.18631 1.18929 1.21167 1.24054 1.25447
 1.26663 1.27615 1.28452 1.30054 1.30698 1.32193 1.32648 1.33565 1.35010 1.36799
 1.41712 1.42618 1.43033 1.43199 1.43721 1.44578 1.44669 1.45549 1.46099 1.46979
 1.48510 1.50397 1.51610 1.52554 1.53779 1.54476 1.55747 1.57286 1.57628 1.57921
 1.59110 1.59354 1.60154 1.61258 1.63429 1.63916 1.64553 1.65742 1.66005 1.66413
 1.67428 1.68879 1.72403 1.73555 1.73849 1.74625 1.75302 1.76377 1.77059 1.78443
 1.78622 1.79582 1.80773 1.81158 1.82072 1.84970 1.85336 1.85855 1.86631 1.87373
 1.87583 1.88110 1.89443 1.90945 1.94540 1.97159 1.97565 1.98387 1.98826 2.00583
 2.02187 2.03075 2.03843 2.05077 2.05506 2.06917 2.07979 2.09259 2.11082 2.13006
 2.13924 2.14915 2.15503 2.16635 2.18224 2.20548 2.22599 2.23619 2.23867 2.26752
 2.28507 2.29181 2.30200 2.32361 2.33737 2.35040 2.35488 2.36013 2.37031 2.37658
 2.38748 2.38902 2.39811 2.42224 2.48407 2.49339 2.50424 2.53276 2.56078 2.56469
 2.61205 2.61617 2.65506 2.65867 2.66205 2.67818 2.69634 2.82733 2.84275 2.90778
 2.95313 2.96187 2.98964 3.02824 3.09765 3.13805 3.19263 3.21744 3.23127 3.25156
 3.29216 3.29858 3.30539 3.31425 3.32288 3.32782 3.35420 3.36425 3.37070 3.37554
 3.38045 3.40504 3.44046 3.49397 3.54205 3.56630 3.63202 3.76631 3.80908 3.89770
 3.95065 4.03912 4.27626 4.30753 4.30990
 Occupations: 
 1.00000 1.00000 1.00000 1.00000 1.00000 1.00000 1.00000 1.00000 1.00000 1.00000
 1.00000 1.00000 1.00000 1.00000 1.00000 1.00000 1.00000 1.00000 1.00000 1.00000
 1.00000 1.00000 1.00000 1.00000 1.00000 1.00000 1.00000 1.00000 1.00000 1.00000
 1.00000 1.00000 1.00000 1.00000 1.00000 1.00000 1.00000 1.00000 1.00000 1.00000
 1.00000 1.00000 1.00000 1.00000 1.00000 1.00000 1.00000 1.00000 1.00000 1.00000
 1.00000 1.00000 1.00000 1.00000 1.00000 1.00000 1.00000 1.00000 1.00000 1.00000
 1.00000 1.00000 1.00000 1.00000 1.00000 1.00000 0.97277 0.00000 0.00000 0.00000
 0.00000 0.00000 0.00000 0.00000 0.00000 0.00000 0.00000 0.00000 0.00000 0.00000
 0.00000 0.00000 0.00000 0.00000 0.00000 0.00000 0.00000 0.00000 0.00000 0.00000
 0.00000 0.00000 0.00000 0.00000 0.00000 0.00000 0.00000 0.00000 0.00000 0.00000
 0.00000 0.00000 0.00000 0.00000 0.00000 0.00000 0.00000 0.00000 0.00000 0.00000
 0.00000 0.00000 0.00000 0.00000 0.00000 0.00000 0.00000 0.00000 0.00000 0.00000
 0.00000 0.00000 0.00000 0.00000 0.00000 0.00000 0.00000 0.00000 0.00000 0.00000
 0.00000 0.00000 0.00000 0.00000 0.00000 0.00000 0.00000 0.00000 0.00000 0.00000
 0.00000 0.00000 0.00000 0.00000 0.00000 0.00000 0.00000 0.00000 0.00000 0.00000
 0.00000 0.00000 0.00000 0.00000 0.00000 0.00000 0.00000 0.00000 0.00000 0.00000
 0.00000 0.00000 0.00000 0.00000 0.00000 0.00000 0.00000 0.00000 0.00000 0.00000
 0.00000 0.00000 0.00000 0.00000 0.00000 0.00000 0.00000 0.00000 0.00000 0.00000
 0.00000 0.00000 0.00000 0.00000 0.00000 0.00000 0.00000 0.00000 0.00000 0.00000
 0.00000 0.00000 0.00000 0.00000 0.00000 0.00000 0.00000 0.00000 0.00000 0.00000
 0.00000 0.00000 0.00000 0.00000 0.00000 0.00000 0.00000 0.00000 0.00000 0.00000
 0.00000 0.00000 0.00000 0.00000 0.00000 0.00000 0.00000 0.00000 0.00000 0.00000
 0.00000 0.00000 0.00000 0.00000 0.00000 0.00000 0.00000 0.00000 0.00000 0.00000
 0.00000 0.00000 0.00000 0.00000 0.00000 0.00000 0.00000 0.00000 0.00000 0.00000
 0.00000 0.00000 0.00000 0.00000 0.00000 0.00000 0.00000 0.00000 0.00000 0.00000
 0.00000 0.00000 0.00000 0.00000 0.00000 0.00000 0.00000 0.00000 0.00000 0.00000
 0.00000 0.00000 0.00000 0.00000 0.00000 0.00000 0.00000 0.00000 0.00000 0.00000
 0.00000 0.00000 0.00000 0.00000 0.00000 0.00000 0.00000 0.00000 0.00000 0.00000
 0.00000 0.00000 0.00000 0.00000 0.00000 0.00000 0.00000 0.00000 0.00000 0.00000
 0.00000 0.00000 0.00000 0.00000 0.00000 0.00000 0.00000 0.00000 0.00000 0.00000
 0.00000 0.00000 0.00000 0.00000 0.00000
 Spin down:
 -0.31244 -0.29721 -0.27488 -0.25422 -0.23864 -0.22337 -0.21763 -0.20465 -0.20382 -0.20346
 -0.20048 -0.19631 -0.19510 -0.19392 -0.19253 -0.18858 -0.18691 -0.18528 -0.18384 -0.18287
 -0.18165 -0.17602 -0.17387 -0.17243 -0.17088 -0.17008 -0.16918 -0.16833 -0.16640 -0.16586
 -0.16350 -0.16231 -0.15854 -0.15732 -0.15698 -0.15639 -0.15519 -0.15404 -0.15357 -0.14977
 -0.14676 -0.14489 -0.14188 -0.14140 -0.13985 -0.13841 -0.13638 -0.13580 -0.13523 -0.13248
 -0.13072 -0.12981 -0.12679 -0.12558 -0.12495 -0.12382 -0.12223 -0.12104 -0.11964 -0.11781
 -0.11740 -0.11677 -0.11552 -0.11339 -0.10354 -0.08762 -0.06140 -0.03883 -0.00238 0.01781
 0.03716 0.06211 0.07149 0.11555 0.12402 0.13194 0.17673 0.20196 0.20945 0.22786
 0.24853 0.26754 0.28642 0.29780 0.31611 0.33917 0.35651 0.36218 0.38698 0.39293
 0.41507 0.42328 0.43007 0.44401 0.45161 0.46077 0.47066 0.48032 0.48749 0.49871
 0.50687 0.55941 0.57006 0.57987 0.58728 0.59848 0.60258 0.63770 0.64479 0.66489
 0.68582 0.70698 0.71217 0.72095 0.74902 0.75348 0.76782 0.77914 0.79122 0.84359
 0.85776 0.86181 0.87274 0.91241 0.93020 0.93509 0.94209 0.95178 0.97608 0.98163
 0.98921 1.01306 1.02173 1.04409 1.04512 1.05314 1.08058 1.08722 1.09069 1.09956
 1.12879 1.13967 1.16087 1.17259 1.17692 1.18631 1.18929 1.21167 1.24054 1.25447
 1.26663 1.27615 1.28452 1.30054 1.30698 1.32193 1.32648 1.33565 1.35010 1.36799
 1.41712 1.42618 1.43033 1.43199 1.43721 1.44578 1.44669 1.45549 1.46099 1.46979
 1.48510 1.50397 1.51610 1.52554 1.53779 1.54476 1.55747 1.57286 1.57628 1.57921
 1.59110 1.59354 1.60154 1.61258 1.63429 1.63916 1.64553 1.65742 1.66005 1.66413
 1.67428 1.68879 1.72403 1.73555 1.73849 1.74625 1.75302 1.76377 1.77059 1.78443
 1.78622 1.79582 1.80773 1.81158 1.82072 1.84970 1.85336 1.85855 1.86631 1.87373
 1.87583 1.88110 1.89443 1.90945 1.94540 1.97159 1.97565 1.98387 1.98826 2.00583
 2.02187 2.03075 2.03843 2.05077 2.05506 2.06917 2.07979 2.09259 2.11082 2.13006
 2.13924 2.14915 2.15503 2.16635 2.18224 2.20548 2.22599 2.23619 2.23867 2.26752
 2.28507 2.29181 2.30200 2.32361 2.33737 2.35040 2.35488 2.36013 2.37031 2.37658
 2.38748 2.38902 2.39811 2.42224 2.48407 2.49339 2.50424 2.53276 2.56078 2.56469
 2.61205 2.61617 2.65506 2.65867 2.66205 2.67818 2.69634 2.82733 2.84275 2.90778
 2.95313 2.96187 2.98964 3.02824 3.09765 3.13805 3.19263 3.21744 3.23127 3.25156
 3.29216 3.29858 3.30539 3.31425 3.32288 3.32782 3.35420 3.36425 3.37070 3.37554
 3.38045 3.40504 3.44046 3.49397 3.54205 3.56630 3.63202 3.76631 3.80908 3.89770
 3.95065 4.03912 4.27626 4.30753 4.30990
 Occupations:
 1.00000 1.00000 1.00000 1.00000 1.00000 1.00000 1.00000 1.00000 1.00000 1.00000
 1.00000 1.00000 1.00000 1.00000 1.00000 1.00000 1.00000 1.00000 1.00000 1.00000
 1.00000 1.00000 1.00000 1.00000 1.00000 1.00000 1.00000 1.00000 1.00000 1.00000
 1.00000 1.00000 1.00000 1.00000 1.00000 1.00000 1.00000 1.00000 1.00000 1.00000
 1.00000 1.00000 1.00000 1.00000 1.00000 1.00000 1.00000 1.00000 1.00000 1.00000
 1.00000 1.00000 1.00000 1.00000 1.00000 1.00000 1.00000 1.00000 1.00000 1.00000
 1.00000 1.00000 1.00000 1.00000 1.00000 1.00000 0.97277 0.00000 0.00000 0.00000
 0.00000 0.00000 0.00000 0.00000 0.00000 0.00000 0.00000 0.00000 0.00000 0.00000
 0.00000 0.00000 0.00000 0.00000 0.00000 0.00000 0.00000 0.00000 0.00000 0.00000
 0.00000 0.00000 0.00000 0.00000 0.00000 0.00000 0.00000 0.00000 0.00000 0.00000
 0.00000 0.00000 0.00000 0.00000 0.00000 0.00000 0.00000 0.00000 0.00000 0.00000
 0.00000 0.00000 0.00000 0.00000 0.00000 0.00000 0.00000 0.00000 0.00000 0.00000
 0.00000 0.00000 0.00000 0.00000 0.00000 0.00000 0.00000 0.00000 0.00000 0.00000
 0.00000 0.00000 0.00000 0.00000 0.00000 0.00000 0.00000 0.00000 0.00000 0.00000
 0.00000 0.00000 0.00000 0.00000 0.00000 0.00000 0.00000 0.00000 0.00000 0.00000
 0.00000 0.00000 0.00000 0.00000 0.00000 0.00000 0.00000 0.00000 0.00000 0.00000
 0.00000 0.00000 0.00000 0.00000 0.00000 0.00000 0.00000 0.00000 0.00000 0.00000
 0.00000 0.00000 0.00000 0.00000 0.00000 0.00000 0.00000 0.00000 0.00000 0.00000
 0.00000 0.00000 0.00000 0.00000 0.00000 0.00000 0.00000 0.00000 0.00000 0.00000
 0.00000 0.00000 0.00000 0.00000 0.00000 0.00000 0.00000 0.00000 0.00000 0.00000
 0.00000 0.00000 0.00000 0.00000 0.00000 0.00000 0.00000 0.00000 0.00000 0.00000
 0.00000 0.00000 0.00000 0.00000 0.00000 0.00000 0.00000 0.00000 0.00000 0.00000
 0.00000 0.00000 0.00000 0.00000 0.00000 0.00000 0.00000 0.00000 0.00000 0.00000
 0.00000 0.00000 0.00000 0.00000 0.00000 0.00000 0.00000 0.00000 0.00000 0.00000
 0.00000 0.00000 0.00000 0.00000 0.00000 0.00000 0.00000 0.00000 0.00000 0.00000
 0.00000 0.00000 0.00000 0.00000 0.00000 0.00000 0.00000 0.00000 0.00000 0.00000
 0.00000 0.00000 0.00000 0.00000 0.00000 0.00000 0.00000 0.00000 0.00000 0.00000
 0.00000 0.00000 0.00000 0.00000 0.00000 0.00000 0.00000 0.00000 0.00000 0.00000
 0.00000 0.00000 0.00000 0.00000 0.00000 0.00000 0.00000 0.00000 0.00000 0.00000
 0.00000 0.00000 0.00000 0.00000 0.00000 0.00000 0.00000 0.00000 0.00000 0.00000
 0.00000 0.00000 0.00000 0.00000 0.00000
 == 10-th k-point orbital energies
 Spin up:
 -0.33415 -0.29653 -0.27513 -0.24543 -0.22501 -0.22173 -0.22100 -0.21334 -0.21217 -0.21132
 -0.20350 -0.20050 -0.20023 -0.19421 -0.19079 -0.19070 -0.18404 -0.18266 -0.18084 -0.18074
 -0.17871 -0.17789 -0.17514 -0.17076 -0.16863 -0.16515 -0.16434 -0.16322 -0.16021 -0.15989
 -0.15853 -0.15768 -0.15679 -0.15552 -0.15463 -0.15400 -0.15271 -0.15157 -0.15143 -0.15032
 -0.14939 -0.14472 -0.14394 -0.14217 -0.14076 -0.13760 -0.13693 -0.13578 -0.13542 -0.13222
 -0.13188 -0.12988 -0.12809 -0.12653 -0.12548 -0.12503 -0.12396 -0.12148 -0.11820 -0.11597
 -0.11512 -0.11480 -0.11407 -0.11187 -0.08518 -0.05878 -0.05834 -0.04088 -0.01807 -0.01648
 0.00904 0.05652 0.07441 0.08406 0.16325 0.17098 0.18733 0.20651 0.20817 0.22628
 0.24662 0.25364 0.27578 0.27642 0.29079 0.31516 0.32437 0.33876 0.33908 0.39887
 0.40659 0.41001 0.41588 0.42522 0.44763 0.49299 0.50433 0.51226 0.53010 0.53105
 0.53934 0.54821 0.56239 0.58510 0.60575 0.61991 0.62647 0.64874 0.65850 0.67260
 0.67804 0.69422 0.69526 0.74640 0.76129 0.77500 0.78196 0.79421 0.81678 0.82043
 0.83043 0.85385 0.86639 0.89311 0.90592 0.93759 0.94008 0.94181 0.96577 0.97798
 0.99404 1.01592 1.01596 1.04368 1.07507 1.07785 1.08302 1.10681 1.12575 1.12877
 1.14344 1.15087 1.16012 1.16639 1.16734 1.18684 1.21646 1.23198 1.25662 1.26446
 1.27780 1.28312 1.30289 1.30908 1.30970 1.32006 1.32819 1.33650 1.34779 1.35228
 1.36611 1.37649 1.37652 1.37994 1.39262 1.40040 1.40325 1.42394 1.43349 1.44389
 1.47376 1.47506 1.48621 1.49816 1.51723 1.52043 1.53193 1.53221 1.56898 1.57727
 1.60206 1.60287 1.62266 1.62540 1.64121 1.66180 1.67406 1.69209 1.69359 1.69884
 1.70790 1.71754 1.73380 1.73462 1.75529 1.76794 1.80376 1.80714 1.82297 1.82589
 1.83395 1.83840 1.84879 1.85497 1.85533 1.87852 1.88594 1.89684 1.89818 1.91045
 1.94020 1.95248 1.96208 1.96736 1.97293 1.98127 1.98887 2.00513 2.02271 2.02692
 2.02724 2.04561 2.05882 2.06532 2.07769 2.12222 2.12918 2.13120 2.13772 2.14153
 2.14240 2.14746 2.15700 2.15977 2.18321 2.21417 2.21466 2.22581 2.24010 2.25262
 2.25793 2.26272 2.26279 2.29223 2.30664 2.31654 2.33512 2.33870 2.35294 2.36480
 2.39158 2.42475 2.46574 2.47268 2.48358 2.49595 2.52327 2.55970 2.57437 2.61892
 2.65511 2.65546 2.65721 2.69775 2.70078 2.71248 2.72961 2.73641 2.75951 2.80280
 2.80288 2.82768 2.85603 3.06005 3.08687 3.10890 3.17138 3.20554 3.22078 3.22580
 3.26310 3.30385 3.31174 3.33151 3.33502 3.36723 3.39084 3.40418 3.41921 3.42679
 3.42802 3.43279 3.43671 3.48427 3.53598 3.55775 3.57709 3.75712 3.90982 3.98518
 4.02974 4.06724 4.07417 4.29784 4.30343
 Occupations: 
 1.00000 1.00000 1.00000 1.00000 1.00000 1.00000 1.00000 1.00000 1.00000 1.00000
 1.00000 1.00000 1.00000 1.00000 1.00000 1.00000 1.00000 1.00000 1.00000 1.00000
 1.00000 1.00000 1.00000 1.00000 1.00000 1.00000 1.00000 1.00000 1.00000 1.00000
 1.00000 1.00000 1.00000 1.00000 1.00000 1.00000 1.00000 1.00000 1.00000 1.00000
 1.00000 1.00000 1.00000 1.00000 1.00000 1.00000 1.00000 1.00000 1.00000 1.00000
 1.00000 1.00000 1.00000 1.00000 1.00000 1.00000 1.00000 1.00000 1.00000 1.00000
 1.00000 1.00000 1.00000 1.00000 1.00000 0.72101 0.62522 0.00000 0.00000 0.00000
 0.00000 0.00000 0.00000 0.00000 0.00000 0.00000 0.00000 0.00000 0.00000 0.00000
 0.00000 0.00000 0.00000 0.00000 0.00000 0.00000 0.00000 0.00000 0.00000 0.00000
 0.00000 0.00000 0.00000 0.00000 0.00000 0.00000 0.00000 0.00000 0.00000 0.00000
 0.00000 0.00000 0.00000 0.00000 0.00000 0.00000 0.00000 0.00000 0.00000 0.00000
 0.00000 0.00000 0.00000 0.00000 0.00000 0.00000 0.00000 0.00000 0.00000 0.00000
 0.00000 0.00000 0.00000 0.00000 0.00000 0.00000 0.00000 0.00000 0.00000 0.00000
 0.00000 0.00000 0.00000 0.00000 0.00000 0.00000 0.00000 0.00000 0.00000 0.00000
 0.00000 0.00000 0.00000 0.00000 0.00000 0.00000 0.00000 0.00000 0.00000 0.00000
 0.00000 0.00000 0.00000 0.00000 0.00000 0.00000 0.00000 0.00000 0.00000 0.00000
 0.00000 0.00000 0.00000 0.00000 0.00000 0.00000 0.00000 0.00000 0.00000 0.00000
 0.00000 0.00000 0.00000 0.00000 0.00000 0.00000 0.00000 0.00000 0.00000 0.00000
 0.00000 0.00000 0.00000 0.00000 0.00000 0.00000 0.00000 0.00000 0.00000 0.00000
 0.00000 0.00000 0.00000 0.00000 0.00000 0.00000 0.00000 0.00000 0.00000 0.00000
 0.00000 0.00000 0.00000 0.00000 0.00000 0.00000 0.00000 0.00000 0.00000 0.00000
 0.00000 0.00000 0.00000 0.00000 0.00000 0.00000 0.00000 0.00000 0.00000 0.00000
 0.00000 0.00000 0.00000 0.00000 0.00000 0.00000 0.00000 0.00000 0.00000 0.00000
 0.00000 0.00000 0.00000 0.00000 0.00000 0.00000 0.00000 0.00000 0.00000 0.00000
 0.00000 0.00000 0.00000 0.00000 0.00000 0.00000 0.00000 0.00000 0.00000 0.00000
 0.00000 0.00000 0.00000 0.00000 0.00000 0.00000 0.00000 0.00000 0.00000 0.00000
 0.00000 0.00000 0.00000 0.00000 0.00000 0.00000 0.00000 0.00000 0.00000 0.00000
 0.00000 0.00000 0.00000 0.00000 0.00000 0.00000 0.00000 0.00000 0.00000 0.00000
 0.00000 0.00000 0.00000 0.00000 0.00000 0.00000 0.00000 0.00000 0.00000 0.00000
 0.00000 0.00000 0.00000 0.00000 0.00000 0.00000 0.00000 0.00000 0.00000 0.00000
 0.00000 0.00000 0.00000 0.00000 0.00000
 Spin down:
 -0.33415 -0.29653 -0.27513 -0.24543 -0.22501 -0.22173 -0.22100 -0.21334 -0.21217 -0.21132
 -0.20350 -0.20050 -0.20023 -0.19421 -0.19079 -0.19070 -0.18404 -0.18266 -0.18084 -0.18074
 -0.17871 -0.17789 -0.17514 -0.17076 -0.16863 -0.16515 -0.16434 -0.16322 -0.16021 -0.15989
 -0.15853 -0.15768 -0.15679 -0.15552 -0.15463 -0.15400 -0.15271 -0.15157 -0.15143 -0.15032
 -0.14939 -0.14472 -0.14394 -0.14217 -0.14076 -0.13760 -0.13693 -0.13578 -0.13542 -0.13222
 -0.13188 -0.12988 -0.12809 -0.12653 -0.12548 -0.12503 -0.12396 -0.12148 -0.11820 -0.11597
 -0.11512 -0.11480 -0.11407 -0.11187 -0.08518 -0.05878 -0.05834 -0.04088 -0.01807 -0.01648
 0.00904 0.05652 0.07441 0.08406 0.16325 0.17098 0.18733 0.20651 0.20817 0.22628
 0.24662 0.25364 0.27578 0.27642 0.29079 0.31516 0.32437 0.33876 0.33908 0.39887
 0.40659 0.41001 0.41588 0.42522 0.44763 0.49299 0.50433 0.51226 0.53010 0.53105
 0.53934 0.54821 0.56239 0.58510 0.60575 0.61991 0.62647 0.64874 0.65850 0.67260
 0.67804 0.69422 0.69526 0.74640 0.76129 0.77500 0.78196 0.79421 0.81678 0.82043
 0.83043 0.85385 0.86639 0.89311 0.90592 0.93759 0.94008 0.94181 0.96577 0.97798
 0.99404 1.01592 1.01596 1.04368 1.07507 1.07785 1.08302 1.10681 1.12575 1.12877
 1.14344 1.15087 1.16012 1.16639 1.16734 1.18684 1.21646 1.23198 1.25662 1.26446
 1.27780 1.28312 1.30289 1.30908 1.30970 1.32006 1.32819 1.33650 1.34779 1.35228
 1.36611 1.37649 1.37652 1.37994 1.39262 1.40040 1.40325 1.42394 1.43349 1.44389
 1.47376 1.47506 1.48621 1.49816 1.51723 1.52043 1.53193 1.53221 1.56898 1.57727
 1.60206 1.60287 1.62266 1.62540 1.64121 1.66180 1.67406 1.69209 1.69359 1.69884
 1.70790 1.71754 1.73380 1.73462 1.75529 1.76794 1.80376 1.80714 1.82297 1.82589
 1.83395 1.83840 1.84879 1.85497 1.85533 1.87852 1.88594 1.89684 1.89818 1.91045
 1.94020 1.95248 1.96208 1.96736 1.97293 1.98127 1.98887 2.00513 2.02271 2.02692
 2.02724 2.04561 2.05882 2.06532 2.07769 2.12222 2.12918 2.13120 2.13772 2.14153
 2.14240 2.14746 2.15700 2.15977 2.18321 2.21417 2.21466 2.22581 2.24010 2.25262
 2.25793 2.26272 2.26279 2.29223 2.30664 2.31654 2.33512 2.33870 2.35294 2.36480
 2.39158 2.42475 2.46574 2.47268 2.48358 2.49595 2.52327 2.55970 2.57437 2.61892
 2.65511 2.65546 2.65721 2.69775 2.70078 2.71248 2.72961 2.73641 2.75951 2.80280
 2.80288 2.82768 2.85603 3.06005 3.08687 3.10890 3.17138 3.20554 3.22078 3.22580
 3.26310 3.30385 3.31174 3.33151 3.33502 3.36723 3.39084 3.40418 3.41921 3.42679
 3.42802 3.43279 3.43671 3.48427 3.53598 3.55775 3.57709 3.75712 3.90982 3.98518
 4.02974 4.06724 4.07417 4.29784 4.30343
 Occupations:
 1.00000 1.00000 1.00000 1.00000 1.00000 1.00000 1.00000 1.00000 1.00000 1.00000
 1.00000 1.00000 1.00000 1.00000 1.00000 1.00000 1.00000 1.00000 1.00000 1.00000
 1.00000 1.00000 1.00000 1.00000 1.00000 1.00000 1.00000 1.00000 1.00000 1.00000
 1.00000 1.00000 1.00000 1.00000 1.00000 1.00000 1.00000 1.00000 1.00000 1.00000
 1.00000 1.00000 1.00000 1.00000 1.00000 1.00000 1.00000 1.00000 1.00000 1.00000
 1.00000 1.00000 1.00000 1.00000 1.00000 1.00000 1.00000 1.00000 1.00000 1.00000
 1.00000 1.00000 1.00000 1.00000 1.00000 0.72103 0.62523 0.00000 0.00000 0.00000
 0.00000 0.00000 0.00000 0.00000 0.00000 0.00000 0.00000 0.00000 0.00000 0.00000
 0.00000 0.00000 0.00000 0.00000 0.00000 0.00000 0.00000 0.00000 0.00000 0.00000
 0.00000 0.00000 0.00000 0.00000 0.00000 0.00000 0.00000 0.00000 0.00000 0.00000
 0.00000 0.00000 0.00000 0.00000 0.00000 0.00000 0.00000 0.00000 0.00000 0.00000
 0.00000 0.00000 0.00000 0.00000 0.00000 0.00000 0.00000 0.00000 0.00000 0.00000
 0.00000 0.00000 0.00000 0.00000 0.00000 0.00000 0.00000 0.00000 0.00000 0.00000
 0.00000 0.00000 0.00000 0.00000 0.00000 0.00000 0.00000 0.00000 0.00000 0.00000
 0.00000 0.00000 0.00000 0.00000 0.00000 0.00000 0.00000 0.00000 0.00000 0.00000
 0.00000 0.00000 0.00000 0.00000 0.00000 0.00000 0.00000 0.00000 0.00000 0.00000
 0.00000 0.00000 0.00000 0.00000 0.00000 0.00000 0.00000 0.00000 0.00000 0.00000
 0.00000 0.00000 0.00000 0.00000 0.00000 0.00000 0.00000 0.00000 0.00000 0.00000
 0.00000 0.00000 0.00000 0.00000 0.00000 0.00000 0.00000 0.00000 0.00000 0.00000
 0.00000 0.00000 0.00000 0.00000 0.00000 0.00000 0.00000 0.00000 0.00000 0.00000
 0.00000 0.00000 0.00000 0.00000 0.00000 0.00000 0.00000 0.00000 0.00000 0.00000
 0.00000 0.00000 0.00000 0.00000 0.00000 0.00000 0.00000 0.00000 0.00000 0.00000
 0.00000 0.00000 0.00000 0.00000 0.00000 0.00000 0.00000 0.00000 0.00000 0.00000
 0.00000 0.00000 0.00000 0.00000 0.00000 0.00000 0.00000 0.00000 0.00000 0.00000
 0.00000 0.00000 0.00000 0.00000 0.00000 0.00000 0.00000 0.00000 0.00000 0.00000
 0.00000 0.00000 0.00000 0.00000 0.00000 0.00000 0.00000 0.00000 0.00000 0.00000
 0.00000 0.00000 0.00000 0.00000 0.00000 0.00000 0.00000 0.00000 0.00000 0.00000
 0.00000 0.00000 0.00000 0.00000 0.00000 0.00000 0.00000 0.00000 0.00000 0.00000
 0.00000 0.00000 0.00000 0.00000 0.00000 0.00000 0.00000 0.00000 0.00000 0.00000
 0.00000 0.00000 0.00000 0.00000 0.00000 0.00000 0.00000 0.00000 0.00000 0.00000
 0.00000 0.00000 0.00000 0.00000 0.00000
 == 11-th k-point orbital energies
 Spin up:
 -0.36554 -0.31047 -0.25792 -0.24075 -0.23107 -0.22781 -0.22776 -0.22183 -0.22009 -0.21665
 -0.20901 -0.20730 -0.20726 -0.20394 -0.20162 -0.19601 -0.18397 -0.18298 -0.17682 -0.17401
 -0.17098 -0.16976 -0.16869 -0.16813 -0.16666 -0.16527 -0.16315 -0.16313 -0.15993 -0.15964
 -0.15850 -0.15727 -0.15554 -0.15513 -0.15291 -0.15037 -0.14306 -0.14210 -0.14128 -0.14015
 -0.13765 -0.13650 -0.13598 -0.13436 -0.13058 -0.12885 -0.12707 -0.12673 -0.12428 -0.12365
 -0.12263 -0.12259 -0.12163 -0.11972 -0.11963 -0.11872 -0.11660 -0.11522 -0.11435 -0.11358
 -0.11213 -0.11165 -0.10973 -0.10491 -0.07602 -0.06426 -0.05801 -0.04776 -0.02442 -0.01725
 0.01852 0.03459 0.04022 0.10910 0.13426 0.14266 0.15746 0.16796 0.16936 0.17370
 0.20880 0.21923 0.22588 0.25847 0.27523 0.31245 0.33504 0.36333 0.37432 0.37963
 0.39535 0.41337 0.42671 0.46079 0.47920 0.48145 0.48172 0.51272 0.52232 0.57109
 0.57549 0.60114 0.61111 0.61829 0.65496 0.66310 0.68838 0.69477 0.69536 0.70180
 0.71234 0.72465 0.75844 0.76559 0.77375 0.77913 0.78513 0.80519 0.80914 0.82093
 0.83144 0.84299 0.87868 0.88690 0.90376 0.91100 0.92450 0.92531 0.93912 0.95078
 0.96265 0.99032 1.03559 1.04140 1.04719 1.04827 1.06055 1.06692 1.08491 1.08811
 1.11519 1.11649 1.12013 1.15670 1.16394 1.17524 1.19701 1.20365 1.21008 1.21443
 1.23470 1.23908 1.25545 1.26479 1.27843 1.30800 1.31279 1.33115 1.34111 1.35682
 1.35799 1.36386 1.36777 1.38340 1.40678 1.40974 1.44058 1.45999 1.49189 1.49676
 1.49857 1.50122 1.51907 1.52684 1.54316 1.56857 1.57036 1.57496 1.60376 1.61418
 1.62433 1.62892 1.67030 1.68197 1.68951 1.69690 1.72056 1.72850 1.74448 1.76397
 1.76438 1.78791 1.82759 1.83000 1.84320 1.84679 1.85854 1.85987 1.87186 1.87244
 1.87824 1.88052 1.89954 1.90235 1.91035 1.92171 1.92224 1.93095 1.93508 1.96531
 1.97258 1.98211 1.99494 2.00921 2.01727 2.04517 2.05777 2.06839 2.07171 2.07954
 2.08441 2.09567 2.09867 2.11124 2.11464 2.11469 2.11672 2.12159 2.13353 2.14296
 2.15440 2.15592 2.17496 2.19286 2.19430 2.20672 2.22219 2.22335 2.24152 2.25651
 2.26178 2.27661 2.27884 2.32923 2.33018 2.34807 2.39123 2.39741 2.41317 2.42744
 2.44004 2.44630 2.45319 2.50387 2.54080 2.56372 2.57681 2.59956 2.60697 2.61128
 2.62448 2.65116 2.73605 2.74536 2.75501 2.77818 2.79508 2.80591 2.82551 2.83047
 2.87860 2.90964 2.92262 2.96202 3.00322 3.11521 3.14838 3.18812 3.20767 3.23858
 3.31418 3.31898 3.34791 3.35064 3.35111 3.36432 3.38089 3.39212 3.39704 3.41035
 3.41794 3.42888 3.43707 3.44493 3.50205 3.50265 3.52165 3.60712 3.89589 3.92829
 3.97412 3.99704 4.04204 4.20247 4.27049
 Occupations: 
 1.00000 1.00000 1.00000 1.00000 1.00000 1.00000 1.00000 1.00000 1.00000 1.00000
 1.00000 1.00000 1.00000 1.00000 1.00000 1.00000 1.00000 1.00000 1.00000 1.00000
 1.00000 1.00000 1.00000 1.00000 1.00000 1.00000 1.00000 1.00000 1.00000 1.00000
 1.00000 1.00000 1.00000 1.00000 1.00000 1.00000 1.00000 1.00000 1.00000 1.00000
 1.00000 1.00000 1.00000 1.00000 1.00000 1.00000 1.00000 1.00000 1.00000 1.00000
 1.00000 1.00000 1.00000 1.00000 1.00000 1.00000 1.00000 1.00000 1.00000 1.00000
 1.00000 1.00000 1.00000 1.00000 1.00000 0.99840 0.54521 0.00004 0.00000 0.00000
 0.00000 0.00000 0.00000 0.00000 0.00000 0.00000 0.00000 0.00000 0.00000 0.00000
 0.00000 0.00000 0.00000 0.00000 0.00000 0.00000 0.00000 0.00000 0.00000 0.00000
 0.00000 0.00000 0.00000 0.00000 0.00000 0.00000 0.00000 0.00000 0.00000 0.00000
 0.00000 0.00000 0.00000 0.00000 0.00000 0.00000 0.00000 0.00000 0.00000 0.00000
 0.00000 0.00000 0.00000 0.00000 0.00000 0.00000 0.00000 0.00000 0.00000 0.00000
 0.00000 0.00000 0.00000 0.00000 0.00000 0.00000 0.00000 0.00000 0.00000 0.00000
 0.00000 0.00000 0.00000 0.00000 0.00000 0.00000 0.00000 0.00000 0.00000 0.00000
 0.00000 0.00000 0.00000 0.00000 0.00000 0.00000 0.00000 0.00000 0.00000 0.00000
 0.00000 0.00000 0.00000 0.00000 0.00000 0.00000 0.00000 0.00000 0.00000 0.00000
 0.00000 0.00000 0.00000 0.00000 0.00000 0.00000 0.00000 0.00000 0.00000 0.00000
 0.00000 0.00000 0.00000 0.00000 0.00000 0.00000 0.00000 0.00000 0.00000 0.00000
 0.00000 0.00000 0.00000 0.00000 0.00000 0.00000 0.00000 0.00000 0.00000 0.00000
 0.00000 0.00000 0.00000 0.00000 0.00000 0.00000 0.00000 0.00000 0.00000 0.00000
 0.00000 0.00000 0.00000 0.00000 0.00000 0.00000 0.00000 0.00000 0.00000 0.00000
 0.00000 0.00000 0.00000 0.00000 0.00000 0.00000 0.00000 0.00000 0.00000 0.00000
 0.00000 0.00000 0.00000 0.00000 0.00000 0.00000 0.00000 0.00000 0.00000 0.00000
 0.00000 0.00000 0.00000 0.00000 0.00000 0.00000 0.00000 0.00000 0.00000 0.00000
 0.00000 0.00000 0.00000 0.00000 0.00000 0.00000 0.00000 0.00000 0.00000 0.00000
 0.00000 0.00000 0.00000 0.00000 0.00000 0.00000 0.00000 0.00000 0.00000 0.00000
 0.00000 0.00000 0.00000 0.00000 0.00000 0.00000 0.00000 0.00000 0.00000 0.00000
 0.00000 0.00000 0.00000 0.00000 0.00000 0.00000 0.00000 0.00000 0.00000 0.00000
 0.00000 0.00000 0.00000 0.00000 0.00000 0.00000 0.00000 0.00000 0.00000 0.00000
 0.00000 0.00000 0.00000 0.00000 0.00000 0.00000 0.00000 0.00000 0.00000 0.00000
 0.00000 0.00000 0.00000 0.00000 0.00000
 Spin down:
 -0.36554 -0.31047 -0.25792 -0.24075 -0.23107 -0.22781 -0.22776 -0.22183 -0.22009 -0.21665
 -0.20901 -0.20730 -0.20726 -0.20394 -0.20162 -0.19601 -0.18397 -0.18298 -0.17682 -0.17401
 -0.17098 -0.16976 -0.16869 -0.16813 -0.16666 -0.16527 -0.16315 -0.16313 -0.15993 -0.15964
 -0.15850 -0.15727 -0.15554 -0.15513 -0.15291 -0.15037 -0.14306 -0.14210 -0.14128 -0.14015
 -0.13765 -0.13650 -0.13598 -0.13436 -0.13058 -0.12885 -0.12707 -0.12673 -0.12428 -0.12365
 -0.12263 -0.12259 -0.12163 -0.11972 -0.11963 -0.11872 -0.11660 -0.11522 -0.11435 -0.11358
 -0.11213 -0.11165 -0.10973 -0.10491 -0.07602 -0.06426 -0.05801 -0.04776 -0.02442 -0.01725
 0.01852 0.03459 0.04022 0.10910 0.13426 0.14266 0.15746 0.16796 0.16936 0.17370
 0.20880 0.21923 0.22588 0.25847 0.27523 0.31245 0.33504 0.36333 0.37432 0.37963
 0.39535 0.41337 0.42671 0.46079 0.47920 0.48145 0.48172 0.51272 0.52232 0.57109
 0.57549 0.60114 0.61111 0.61829 0.65496 0.66310 0.68838 0.69477 0.69536 0.70180
 0.71234 0.72465 0.75844 0.76559 0.77375 0.77913 0.78513 0.80519 0.80914 0.82093
 0.83144 0.84299 0.87868 0.88690 0.90376 0.91100 0.92450 0.92531 0.93912 0.95078
 0.96265 0.99032 1.03559 1.04140 1.04719 1.04827 1.06055 1.06692 1.08491 1.08811
 1.11519 1.11649 1.12013 1.15670 1.16394 1.17524 1.19701 1.20365 1.21008 1.21443
 1.23470 1.23908 1.25545 1.26479 1.27843 1.30800 1.31279 1.33115 1.34111 1.35682
 1.35799 1.36386 1.36777 1.38340 1.40678 1.40974 1.44058 1.45999 1.49189 1.49676
 1.49857 1.50122 1.51907 1.52684 1.54316 1.56857 1.57036 1.57496 1.60376 1.61418
 1.62433 1.62892 1.67030 1.68197 1.68951 1.69690 1.72056 1.72850 1.74448 1.76397
 1.76438 1.78791 1.82759 1.83000 1.84320 1.84679 1.85854 1.85987 1.87186 1.87244
 1.87824 1.88052 1.89954 1.90235 1.91035 1.92171 1.92224 1.93095 1.93508 1.96531
 1.97258 1.98211 1.99494 2.00921 2.01727 2.04517 2.05777 2.06839 2.07171 2.07954
 2.08441 2.09567 2.09867 2.11124 2.11464 2.11469 2.11672 2.12159 2.13353 2.14296
 2.15440 2.15592 2.17496 2.19286 2.19430 2.20672 2.22219 2.22335 2.24152 2.25651
 2.26178 2.27661 2.27884 2.32923 2.33018 2.34807 2.39123 2.39741 2.41317 2.42744
 2.44004 2.44630 2.45319 2.50387 2.54080 2.56372 2.57681 2.59956 2.60697 2.61128
 2.62448 2.65116 2.73605 2.74536 2.75501 2.77818 2.79508 2.80591 2.82551 2.83047
 2.87860 2.90964 2.92262 2.96202 3.00322 3.11521 3.14838 3.18812 3.20767 3.23858
 3.31418 3.31898 3.34791 3.35064 3.35111 3.36432 3.38089 3.39212 3.39704 3.41035
 3.41794 3.42888 3.43707 3.44493 3.50205 3.50265 3.52165 3.60712 3.89589 3.92829
 3.97412 3.99704 4.04204 4.20247 4.27049
 Occupations:
 1.00000 1.00000 1.00000 1.00000 1.00000 1.00000 1.00000 1.00000 1.00000 1.00000
 1.00000 1.00000 1.00000 1.00000 1.00000 1.00000 1.00000 1.00000 1.00000 1.00000
 1.00000 1.00000 1.00000 1.00000 1.00000 1.00000 1.00000 1.00000 1.00000 1.00000
 1.00000 1.00000 1.00000 1.00000 1.00000 1.00000 1.00000 1.00000 1.00000 1.00000
 1.00000 1.00000 1.00000 1.00000 1.00000 1.00000 1.00000 1.00000 1.00000 1.00000
 1.00000 1.00000 1.00000 1.00000 1.00000 1.00000 1.00000 1.00000 1.00000 1.00000
 1.00000 1.00000 1.00000 1.00000 1.00000 0.99840 0.54522 0.00004 0.00000 0.00000
 0.00000 0.00000 0.00000 0.00000 0.00000 0.00000 0.00000 0.00000 0.00000 0.00000
 0.00000 0.00000 0.00000 0.00000 0.00000 0.00000 0.00000 0.00000 0.00000 0.00000
 0.00000 0.00000 0.00000 0.00000 0.00000 0.00000 0.00000 0.00000 0.00000 0.00000
 0.00000 0.00000 0.00000 0.00000 0.00000 0.00000 0.00000 0.00000 0.00000 0.00000
 0.00000 0.00000 0.00000 0.00000 0.00000 0.00000 0.00000 0.00000 0.00000 0.00000
 0.00000 0.00000 0.00000 0.00000 0.00000 0.00000 0.00000 0.00000 0.00000 0.00000
 0.00000 0.00000 0.00000 0.00000 0.00000 0.00000 0.00000 0.00000 0.00000 0.00000
 0.00000 0.00000 0.00000 0.00000 0.00000 0.00000 0.00000 0.00000 0.00000 0.00000
 0.00000 0.00000 0.00000 0.00000 0.00000 0.00000 0.00000 0.00000 0.00000 0.00000
 0.00000 0.00000 0.00000 0.00000 0.00000 0.00000 0.00000 0.00000 0.00000 0.00000
 0.00000 0.00000 0.00000 0.00000 0.00000 0.00000 0.00000 0.00000 0.00000 0.00000
 0.00000 0.00000 0.00000 0.00000 0.00000 0.00000 0.00000 0.00000 0.00000 0.00000
 0.00000 0.00000 0.00000 0.00000 0.00000 0.00000 0.00000 0.00000 0.00000 0.00000
 0.00000 0.00000 0.00000 0.00000 0.00000 0.00000 0.00000 0.00000 0.00000 0.00000
 0.00000 0.00000 0.00000 0.00000 0.00000 0.00000 0.00000 0.00000 0.00000 0.00000
 0.00000 0.00000 0.00000 0.00000 0.00000 0.00000 0.00000 0.00000 0.00000 0.00000
 0.00000 0.00000 0.00000 0.00000 0.00000 0.00000 0.00000 0.00000 0.00000 0.00000
 0.00000 0.00000 0.00000 0.00000 0.00000 0.00000 0.00000 0.00000 0.00000 0.00000
 0.00000 0.00000 0.00000 0.00000 0.00000 0.00000 0.00000 0.00000 0.00000 0.00000
 0.00000 0.00000 0.00000 0.00000 0.00000 0.00000 0.00000 0.00000 0.00000 0.00000
 0.00000 0.00000 0.00000 0.00000 0.00000 0.00000 0.00000 0.00000 0.00000 0.00000
 0.00000 0.00000 0.00000 0.00000 0.00000 0.00000 0.00000 0.00000 0.00000 0.00000
 0.00000 0.00000 0.00000 0.00000 0.00000 0.00000 0.00000 0.00000 0.00000 0.00000
 0.00000 0.00000 0.00000 0.00000 0.00000
 == 12-th k-point orbital energies
 Spin up:
 -0.37676 -0.31906 -0.26216 -0.23628 -0.23090 -0.23069 -0.22936 -0.22561 -0.22385 -0.21826
 -0.21227 -0.20959 -0.20931 -0.20899 -0.20791 -0.19812 -0.18506 -0.18347 -0.17538 -0.17320
 -0.17177 -0.16915 -0.16828 -0.16697 -0.16663 -0.16301 -0.16230 -0.16043 -0.15968 -0.15878
 -0.15784 -0.15664 -0.15534 -0.15484 -0.14971 -0.14659 -0.14085 -0.13815 -0.13741 -0.13546
 -0.13544 -0.13363 -0.13307 -0.12751 -0.12625 -0.12588 -0.12137 -0.12094 -0.12006 -0.11964
 -0.11741 -0.11727 -0.11679 -0.11622 -0.11557 -0.11528 -0.11521 -0.11346 -0.11029 -0.10806
 -0.10793 -0.10770 -0.10743 -0.08591 -0.05663 -0.05542 -0.05452 -0.02717 -0.01417 -0.01227
 -0.00163 0.00166 0.00220 0.08372 0.12223 0.12635 0.13957 0.16077 0.16212 0.17025
 0.19033 0.20167 0.20679 0.24005 0.27476 0.30465 0.30468 0.34115 0.36875 0.37370
 0.41775 0.44792 0.46209 0.46237 0.46332 0.51949 0.52635 0.54322 0.55415 0.55509
 0.55681 0.59588 0.60473 0.66201 0.67803 0.68089 0.68435 0.72294 0.72873 0.74777
 0.75275 0.75626 0.75705 0.77505 0.77637 0.81116 0.82039 0.82454 0.82577 0.82734
 0.83044 0.83156 0.85426 0.85873 0.87312 0.87511 0.88230 0.88576 0.89201 0.94531
 0.95423 0.98095 1.01639 1.01923 1.05113 1.06123 1.06816 1.08266 1.10786 1.10927
 1.11624 1.11818 1.12193 1.12336 1.14718 1.16323 1.16839 1.19134 1.19830 1.20187
 1.24157 1.25086 1.25696 1.26208 1.26874 1.27056 1.27225 1.30070 1.31803 1.34559
 1.39378 1.41110 1.41542 1.43150 1.44334 1.45537 1.45685 1.46439 1.46520 1.47441
 1.50421 1.54144 1.54590 1.56601 1.57400 1.57667 1.57830 1.59066 1.63077 1.64255
 1.66062 1.67252 1.67297 1.68967 1.72216 1.72542 1.74024 1.78576 1.78685 1.80841
 1.83471 1.85775 1.86569 1.86918 1.88155 1.90883 1.91179 1.91333 1.92756 1.93044
 1.94514 1.94778 1.94871 1.95092 1.96367 1.97028 1.97950 1.98733 1.99560 1.99623
 2.01580 2.01957 2.02593 2.02757 2.04549 2.04676 2.05529 2.05922 2.06127 2.06172
 2.06921 2.07205 2.08948 2.09056 2.09603 2.09852 2.14009 2.14335 2.15030 2.15309
 2.15646 2.16657 2.17147 2.17394 2.17836 2.17866 2.19374 2.20757 2.22219 2.23880
 2.24542 2.25363 2.31772 2.31816 2.32104 2.35236 2.38844 2.39742 2.40260 2.42485
 2.44773 2.45971 2.52497 2.53945 2.54052 2.54441 2.60041 2.60954 2.69954 2.72820
 2.74277 2.74535 2.74849 2.75561 2.76392 2.77051 2.83363 2.83390 2.87931 2.89739
 2.91735 2.92360 2.93105 2.94947 2.95729 3.02211 3.25365 3.25837 3.26342 3.28431
 3.39441 3.40376 3.41294 3.41885 3.41993 3.42054 3.43423 3.43733 3.43776 3.43782
 3.44249 3.44454 3.44686 3.44826 3.44935 3.49668 3.54093 3.54992 3.66690 3.71047
 3.75037 3.95106 3.96533 4.05345 4.22123
 Occupations: 
 1.00000 1.00000 1.00000 1.00000 1.00000 1.00000 1.00000 1.00000 1.00000 1.00000
 1.00000 1.00000 1.00000 1.00000 1.00000 1.00000 1.00000 1.00000 1.00000 1.00000
 1.00000 1.00000 1.00000 1.00000 1.00000 1.00000 1.00000 1.00000 1.00000 1.00000
 1.00000 1.00000 1.00000 1.00000 1.00000 1.00000 1.00000 1.00000 1.00000 1.00000
 1.00000 1.00000 1.00000 1.00000 1.00000 1.00000 1.00000 1.00000 1.00000 1.00000
 1.00000 1.00000 1.00000 1.00000 1.00000 1.00000 1.00000 1.00000 1.00000 1.00000
 1.00000 1.00000 1.00000 1.00000 0.23212 0.08276 0.03550 0.00000 0.00000 0.00000
 0.00000 0.00000 0.00000 0.00000 0.00000 0.00000 0.00000 0.00000 0.00000 0.00000
 0.00000 0.00000 0.00000 0.00000 0.00000 0.00000 0.00000 0.00000 0.00000 0.00000
 0.00000 0.00000 0.00000 0.00000 0.00000 0.00000 0.00000 0.00000 0.00000 0.00000
 0.00000 0.00000 0.00000 0.00000 0.00000 0.00000 0.00000 0.00000 0.00000 0.00000
 0.00000 0.00000 0.00000 0.00000 0.00000 0.00000 0.00000 0.00000 0.00000 0.00000
 0.00000 0.00000 0.00000 0.00000 0.00000 0.00000 0.00000 0.00000 0.00000 0.00000
 0.00000 0.00000 0.00000 0.00000 0.00000 0.00000 0.00000 0.00000 0.00000 0.00000
 0.00000 0.00000 0.00000 0.00000 0.00000 0.00000 0.00000 0.00000 0.00000 0.00000
 0.00000 0.00000 0.00000 0.00000 0.00000 0.00000 0.00000 0.00000 0.00000 0.00000
 0.00000 0.00000 0.00000 0.00000 0.00000 0.00000 0.00000 0.00000 0.00000 0.00000
 0.00000 0.00000 0.00000 0.00000 0.00000 0.00000 0.00000 0.00000 0.00000 0.00000
 0.00000 0.00000 0.00000 0.00000 0.00000 0.00000 0.00000 0.00000 0.00000 0.00000
 0.00000 0.00000 0.00000 0.00000 0.00000 0.00000 0.00000 0.00000 0.00000 0.00000
 0.00000 0.00000 0.00000 0.00000 0.00000 0.00000 0.00000 0.00000 0.00000 0.00000
 0.00000 0.00000 0.00000 0.00000 0.00000 0.00000 0.00000 0.00000 0.00000 0.00000
 0.00000 0.00000 0.00000 0.00000 0.00000 0.00000 0.00000 0.00000 0.00000 0.00000
 0.00000 0.00000 0.00000 0.00000 0.00000 0.00000 0.00000 0.00000 0.00000 0.00000
 0.00000 0.00000 0.00000 0.00000 0.00000 0.00000 0.00000 0.00000 0.00000 0.00000
 0.00000 0.00000 0.00000 0.00000 0.00000 0.00000 0.00000 0.00000 0.00000 0.00000
 0.00000 0.00000 0.00000 0.00000 0.00000 0.00000 0.00000 0.00000 0.00000 0.00000
 0.00000 0.00000 0.00000 0.00000 0.00000 0.00000 0.00000 0.00000 0.00000 0.00000
 0.00000 0.00000 0.00000 0.00000 0.00000 0.00000 0.00000 0.00000 0.00000 0.00000
 0.00000 0.00000 0.00000 0.00000 0.00000 0.00000 0.00000 0.00000 0.00000 0.00000
 0.00000 0.00000 0.00000 0.00000 0.00000
 Spin down:
 -0.37676 -0.31906 -0.26216 -0.23628 -0.23090 -0.23069 -0.22936 -0.22561 -0.22385 -0.21826
 -0.21227 -0.20959 -0.20931 -0.20899 -0.20791 -0.19812 -0.18506 -0.18347 -0.17538 -0.17320
 -0.17177 -0.16915 -0.16828 -0.16697 -0.16663 -0.16301 -0.16230 -0.16043 -0.15968 -0.15878
 -0.15784 -0.15664 -0.15534 -0.15484 -0.14971 -0.14659 -0.14085 -0.13815 -0.13741 -0.13546
 -0.13544 -0.13363 -0.13307 -0.12751 -0.12625 -0.12588 -0.12137 -0.12094 -0.12006 -0.11964
 -0.11741 -0.11727 -0.11679 -0.11622 -0.11557 -0.11528 -0.11521 -0.11346 -0.11029 -0.10806
 -0.10793 -0.10770 -0.10743 -0.08591 -0.05663 -0.05542 -0.05452 -0.02717 -0.01417 -0.01227
 -0.00163 0.00166 0.00220 0.08372 0.12223 0.12635 0.13957 0.16077 0.16212 0.17025
 0.19033 0.20167 0.20679 0.24005 0.27476 0.30465 0.30468 0.34115 0.36875 0.37370
 0.41775 0.44792 0.46209 0.46237 0.46332 0.51949 0.52635 0.54322 0.55415 0.55509
 0.55681 0.59588 0.60473 0.66201 0.67803 0.68089 0.68435 0.72294 0.72873 0.74777
 0.75275 0.75626 0.75705 0.77505 0.77637 0.81116 0.82039 0.82454 0.82577 0.82734
 0.83044 0.83156 0.85426 0.85873 0.87312 0.87511 0.88230 0.88576 0.89201 0.94531
 0.95423 0.98095 1.01639 1.01923 1.05113 1.06123 1.06816 1.08266 1.10786 1.10927
 1.11624 1.11818 1.12193 1.12336 1.14718 1.16323 1.16839 1.19134 1.19830 1.20187
 1.24157 1.25086 1.25696 1.26208 1.26874 1.27056 1.27225 1.30070 1.31803 1.34559
 1.39378 1.41110 1.41542 1.43150 1.44334 1.45537 1.45685 1.46439 1.46520 1.47441
 1.50421 1.54144 1.54590 1.56601 1.57400 1.57667 1.57830 1.59066 1.63077 1.64255
 1.66062 1.67252 1.67297 1.68967 1.72216 1.72542 1.74024 1.78576 1.78685 1.80841
 1.83471 1.85775 1.86569 1.86918 1.88155 1.90883 1.91179 1.91333 1.92756 1.93044
 1.94514 1.94778 1.94871 1.95092 1.96367 1.97028 1.97950 1.98733 1.99560 1.99623
 2.01580 2.01957 2.02593 2.02757 2.04549 2.04676 2.05529 2.05922 2.06127 2.06172
 2.06921 2.07205 2.08948 2.09056 2.09603 2.09852 2.14009 2.14335 2.15030 2.15309
 2.15646 2.16657 2.17147 2.17394 2.17836 2.17866 2.19374 2.20757 2.22219 2.23880
 2.24542 2.25363 2.31772 2.31816 2.32104 2.35236 2.38844 2.39742 2.40260 2.42485
 2.44773 2.45971 2.52497 2.53945 2.54052 2.54441 2.60041 2.60954 2.69954 2.72820
 2.74277 2.74535 2.74849 2.75561 2.76392 2.77051 2.83363 2.83390 2.87931 2.89739
 2.91735 2.92360 2.93105 2.94947 2.95729 3.02211 3.25365 3.25837 3.26342 3.28431
 3.39441 3.40376 3.41294 3.41885 3.41993 3.42054 3.43423 3.43733 3.43776 3.43782
 3.44249 3.44454 3.44686 3.44826 3.44935 3.49668 3.54093 3.54992 3.66690 3.71047
 3.75037 3.95106 3.96533 4.05345 4.22123
 Occupations:
 1.00000 1.00000 1.00000 1.00000 1.00000 1.00000 1.00000 1.00000 1.00000 1.00000
 1.00000 1.00000 1.00000 1.00000 1.00000 1.00000 1.00000 1.00000 1.00000 1.00000
 1.00000 1.00000 1.00000 1.00000 1.00000 1.00000 1.00000 1.00000 1.00000 1.00000
 1.00000 1.00000 1.00000 1.00000 1.00000 1.00000 1.00000 1.00000 1.00000 1.00000
 1.00000 1.00000 1.00000 1.00000 1.00000 1.00000 1.00000 1.00000 1.00000 1.00000
 1.00000 1.00000 1.00000 1.00000 1.00000 1.00000 1.00000 1.00000 1.00000 1.00000
 1.00000 1.00000 1.00000 1.00000 0.23212 0.08276 0.03550 0.00000 0.00000 0.00000
 0.00000 0.00000 0.00000 0.00000 0.00000 0.00000 0.00000 0.00000 0.00000 0.00000
 0.00000 0.00000 0.00000 0.00000 0.00000 0.00000 0.00000 0.00000 0.00000 0.00000
 0.00000 0.00000 0.00000 0.00000 0.00000 0.00000 0.00000 0.00000 0.00000 0.00000
 0.00000 0.00000 0.00000 0.00000 0.00000 0.00000 0.00000 0.00000 0.00000 0.00000
 0.00000 0.00000 0.00000 0.00000 0.00000 0.00000 0.00000 0.00000 0.00000 0.00000
 0.00000 0.00000 0.00000 0.00000 0.00000 0.00000 0.00000 0.00000 0.00000 0.00000
 0.00000 0.00000 0.00000 0.00000 0.00000 0.00000 0.00000 0.00000 0.00000 0.00000
 0.00000 0.00000 0.00000 0.00000 0.00000 0.00000 0.00000 0.00000 0.00000 0.00000
 0.00000 0.00000 0.00000 0.00000 0.00000 0.00000 0.00000 0.00000 0.00000 0.00000
 0.00000 0.00000 0.00000 0.00000 0.00000 0.00000 0.00000 0.00000 0.00000 0.00000
 0.00000 0.00000 0.00000 0.00000 0.00000 0.00000 0.00000 0.00000 0.00000 0.00000
 0.00000 0.00000 0.00000 0.00000 0.00000 0.00000 0.00000 0.00000 0.00000 0.00000
 0.00000 0.00000 0.00000 0.00000 0.00000 0.00000 0.00000 0.00000 0.00000 0.00000
 0.00000 0.00000 0.00000 0.00000 0.00000 0.00000 0.00000 0.00000 0.00000 0.00000
 0.00000 0.00000 0.00000 0.00000 0.00000 0.00000 0.00000 0.00000 0.00000 0.00000
 0.00000 0.00000 0.00000 0.00000 0.00000 0.00000 0.00000 0.00000 0.00000 0.00000
 0.00000 0.00000 0.00000 0.00000 0.00000 0.00000 0.00000 0.00000 0.00000 0.00000
 0.00000 0.00000 0.00000 0.00000 0.00000 0.00000 0.00000 0.00000 0.00000 0.00000
 0.00000 0.00000 0.00000 0.00000 0.00000 0.00000 0.00000 0.00000 0.00000 0.00000
 0.00000 0.00000 0.00000 0.00000 0.00000 0.00000 0.00000 0.00000 0.00000 0.00000
 0.00000 0.00000 0.00000 0.00000 0.00000 0.00000 0.00000 0.00000 0.00000 0.00000
 0.00000 0.00000 0.00000 0.00000 0.00000 0.00000 0.00000 0.00000 0.00000 0.00000
 0.00000 0.00000 0.00000 0.00000 0.00000 0.00000 0.00000 0.00000 0.00000 0.00000
 0.00000 0.00000 0.00000 0.00000 0.00000
 == 13-th k-point orbital energies
 Spin up:
 -0.36554 -0.31047 -0.25792 -0.24075 -0.23107 -0.22781 -0.22776 -0.22183 -0.22009 -0.21665
 -0.20901 -0.20730 -0.20726 -0.20394 -0.20162 -0.19601 -0.18397 -0.18298 -0.17682 -0.17401
 -0.17098 -0.16976 -0.16869 -0.16813 -0.16666 -0.16527 -0.16315 -0.16313 -0.15993 -0.15964
 -0.15850 -0.15727 -0.15554 -0.15513 -0.15291 -0.15037 -0.14306 -0.14210 -0.14128 -0.14015
 -0.13765 -0.13650 -0.13598 -0.13436 -0.13058 -0.12885 -0.12707 -0.12673 -0.12428 -0.12365
 -0.12263 -0.12259 -0.12163 -0.11972 -0.11963 -0.11872 -0.11660 -0.11522 -0.11435 -0.11358
 -0.11213 -0.11165 -0.10973 -0.10491 -0.07602 -0.06426 -0.05801 -0.04776 -0.02442 -0.01725
 0.01852 0.03459 0.04022 0.10910 0.13426 0.14266 0.15746 0.16796 0.16936 0.17370
 0.20880 0.21923 0.22588 0.25847 0.27523 0.31245 0.33504 0.36333 0.37432 0.37963
 0.39535 0.41337 0.42671 0.46079 0.47920 0.48145 0.48172 0.51272 0.52232 0.57109
 0.57549 0.60114 0.61111 0.61829 0.65496 0.66310 0.68838 0.69477 0.69536 0.70180
 0.71234 0.72465 0.75844 0.76559 0.77375 0.77913 0.78513 0.80519 0.80914 0.82093
 0.83144 0.84299 0.87868 0.88690 0.90376 0.91100 0.92450 0.92531 0.93912 0.95078
 0.96265 0.99032 1.03559 1.04140 1.04719 1.04827 1.06055 1.06692 1.08491 1.08811
 1.11519 1.11649 1.12013 1.15670 1.16394 1.17524 1.19701 1.20365 1.21008 1.21443
 1.23470 1.23908 1.25545 1.26479 1.27843 1.30800 1.31279 1.33115 1.34111 1.35682
 1.35799 1.36386 1.36777 1.38340 1.40678 1.40974 1.44058 1.45999 1.49189 1.49676
 1.49857 1.50122 1.51907 1.52684 1.54316 1.56857 1.57036 1.57496 1.60376 1.61418
 1.62433 1.62892 1.67030 1.68197 1.68951 1.69690 1.72056 1.72850 1.74448 1.76397
 1.76438 1.78791 1.82759 1.83000 1.84320 1.84679 1.85854 1.85987 1.87186 1.87244
 1.87824 1.88052 1.89954 1.90235 1.91035 1.92171 1.92224 1.93095 1.93508 1.96531
 1.97258 1.98211 1.99494 2.00921 2.01727 2.04517 2.05777 2.06839 2.07171 2.07954
 2.08441 2.09567 2.09867 2.11124 2.11464 2.11469 2.11672 2.12159 2.13353 2.14296
 2.15440 2.15592 2.17496 2.19286 2.19430 2.20672 2.22219 2.22335 2.24152 2.25651
 2.26178 2.27661 2.27884 2.32923 2.33018 2.34807 2.39123 2.39741 2.41317 2.42744
 2.44004 2.44630 2.45319 2.50387 2.54080 2.56372 2.57681 2.59956 2.60697 2.61128
 2.62448 2.65116 2.73605 2.74536 2.75501 2.77818 2.79508 2.80591 2.82551 2.83047
 2.87860 2.90964 2.92262 2.96202 3.00322 3.11521 3.14838 3.18812 3.20767 3.23858
 3.31418 3.31898 3.34791 3.35064 3.35111 3.36432 3.38089 3.39212 3.39704 3.41035
 3.41794 3.42888 3.43707 3.44493 3.50205 3.50265 3.52165 3.60712 3.89589 3.92829
 3.97412 3.99704 4.04204 4.20247 4.27049
 Occupations: 
 1.00000 1.00000 1.00000 1.00000 1.00000 1.00000 1.00000 1.00000 1.00000 1.00000
 1.00000 1.00000 1.00000 1.00000 1.00000 1.00000 1.00000 1.00000 1.00000 1.00000
 1.00000 1.00000 1.00000 1.00000 1.00000 1.00000 1.00000 1.00000 1.00000 1.00000
 1.00000 1.00000 1.00000 1.00000 1.00000 1.00000 1.00000 1.00000 1.00000 1.00000
 1.00000 1.00000 1.00000 1.00000 1.00000 1.00000 1.00000 1.00000 1.00000 1.00000
 1.00000 1.00000 1.00000 1.00000 1.00000 1.00000 1.00000 1.00000 1.00000 1.00000
 1.00000 1.00000 1.00000 1.00000 1.00000 0.99840 0.54521 0.00004 0.00000 0.00000
 0.00000 0.00000 0.00000 0.00000 0.00000 0.00000 0.00000 0.00000 0.00000 0.00000
 0.00000 0.00000 0.00000 0.00000 0.00000 0.00000 0.00000 0.00000 0.00000 0.00000
 0.00000 0.00000 0.00000 0.00000 0.00000 0.00000 0.00000 0.00000 0.00000 0.00000
 0.00000 0.00000 0.00000 0.00000 0.00000 0.00000 0.00000 0.00000 0.00000 0.00000
 0.00000 0.00000 0.00000 0.00000 0.00000 0.00000 0.00000 0.00000 0.00000 0.00000
 0.00000 0.00000 0.00000 0.00000 0.00000 0.00000 0.00000 0.00000 0.00000 0.00000
 0.00000 0.00000 0.00000 0.00000 0.00000 0.00000 0.00000 0.00000 0.00000 0.00000
 0.00000 0.00000 0.00000 0.00000 0.00000 0.00000 0.00000 0.00000 0.00000 0.00000
 0.00000 0.00000 0.00000 0.00000 0.00000 0.00000 0.00000 0.00000 0.00000 0.00000
 0.00000 0.00000 0.00000 0.00000 0.00000 0.00000 0.00000 0.00000 0.00000 0.00000
 0.00000 0.00000 0.00000 0.00000 0.00000 0.00000 0.00000 0.00000 0.00000 0.00000
 0.00000 0.00000 0.00000 0.00000 0.00000 0.00000 0.00000 0.00000 0.00000 0.00000
 0.00000 0.00000 0.00000 0.00000 0.00000 0.00000 0.00000 0.00000 0.00000 0.00000
 0.00000 0.00000 0.00000 0.00000 0.00000 0.00000 0.00000 0.00000 0.00000 0.00000
 0.00000 0.00000 0.00000 0.00000 0.00000 0.00000 0.00000 0.00000 0.00000 0.00000
 0.00000 0.00000 0.00000 0.00000 0.00000 0.00000 0.00000 0.00000 0.00000 0.00000
 0.00000 0.00000 0.00000 0.00000 0.00000 0.00000 0.00000 0.00000 0.00000 0.00000
 0.00000 0.00000 0.00000 0.00000 0.00000 0.00000 0.00000 0.00000 0.00000 0.00000
 0.00000 0.00000 0.00000 0.00000 0.00000 0.00000 0.00000 0.00000 0.00000 0.00000
 0.00000 0.00000 0.00000 0.00000 0.00000 0.00000 0.00000 0.00000 0.00000 0.00000
 0.00000 0.00000 0.00000 0.00000 0.00000 0.00000 0.00000 0.00000 0.00000 0.00000
 0.00000 0.00000 0.00000 0.00000 0.00000 0.00000 0.00000 0.00000 0.00000 0.00000
 0.00000 0.00000 0.00000 0.00000 0.00000 0.00000 0.00000 0.00000 0.00000 0.00000
 0.00000 0.00000 0.00000 0.00000 0.00000
 Spin down:
 -0.36554 -0.31047 -0.25792 -0.24075 -0.23107 -0.22781 -0.22776 -0.22183 -0.22009 -0.21665
 -0.20901 -0.20730 -0.20726 -0.20394 -0.20162 -0.19601 -0.18397 -0.18298 -0.17682 -0.17401
 -0.17098 -0.16976 -0.16869 -0.16813 -0.16666 -0.16527 -0.16315 -0.16313 -0.15993 -0.15964
 -0.15850 -0.15727 -0.15554 -0.15513 -0.15291 -0.15037 -0.14306 -0.14210 -0.14128 -0.14015
 -0.13765 -0.13650 -0.13598 -0.13436 -0.13058 -0.12885 -0.12707 -0.12673 -0.12428 -0.12365
 -0.12263 -0.12259 -0.12163 -0.11972 -0.11963 -0.11872 -0.11660 -0.11522 -0.11435 -0.11358
 -0.11213 -0.11165 -0.10973 -0.10491 -0.07602 -0.06426 -0.05801 -0.04776 -0.02442 -0.01725
 0.01852 0.03459 0.04022 0.10910 0.13426 0.14266 0.15746 0.16796 0.16936 0.17370
 0.20880 0.21923 0.22588 0.25847 0.27523 0.31245 0.33504 0.36333 0.37432 0.37963
 0.39535 0.41337 0.42671 0.46079 0.47920 0.48145 0.48172 0.51272 0.52232 0.57109
 0.57549 0.60114 0.61111 0.61829 0.65496 0.66310 0.68838 0.69477 0.69536 0.70180
 0.71234 0.72465 0.75844 0.76559 0.77375 0.77913 0.78513 0.80519 0.80914 0.82093
 0.83144 0.84299 0.87868 0.88690 0.90376 0.91100 0.92450 0.92531 0.93912 0.95078
 0.96265 0.99032 1.03559 1.04140 1.04719 1.04827 1.06055 1.06692 1.08491 1.08811
 1.11519 1.11649 1.12013 1.15670 1.16394 1.17524 1.19701 1.20365 1.21008 1.21443
 1.23470 1.23908 1.25545 1.26479 1.27843 1.30800 1.31279 1.33115 1.34111 1.35682
 1.35799 1.36386 1.36777 1.38340 1.40678 1.40974 1.44058 1.45999 1.49189 1.49676
 1.49857 1.50122 1.51907 1.52684 1.54316 1.56857 1.57036 1.57496 1.60376 1.61418
 1.62433 1.62892 1.67030 1.68197 1.68951 1.69690 1.72056 1.72850 1.74448 1.76397
 1.76438 1.78791 1.82759 1.83000 1.84320 1.84679 1.85854 1.85987 1.87186 1.87244
 1.87824 1.88052 1.89954 1.90235 1.91035 1.92171 1.92224 1.93095 1.93508 1.96531
 1.97258 1.98211 1.99494 2.00921 2.01727 2.04517 2.05777 2.06839 2.07171 2.07954
 2.08441 2.09567 2.09867 2.11124 2.11464 2.11469 2.11672 2.12159 2.13353 2.14296
 2.15440 2.15592 2.17496 2.19286 2.19430 2.20672 2.22219 2.22335 2.24152 2.25651
 2.26178 2.27661 2.27884 2.32923 2.33018 2.34807 2.39123 2.39741 2.41317 2.42744
 2.44004 2.44630 2.45319 2.50387 2.54080 2.56372 2.57681 2.59956 2.60697 2.61128
 2.62448 2.65116 2.73605 2.74536 2.75501 2.77818 2.79508 2.80591 2.82551 2.83047
 2.87860 2.90964 2.92262 2.96202 3.00322 3.11521 3.14838 3.18812 3.20767 3.23858
 3.31418 3.31898 3.34791 3.35064 3.35111 3.36432 3.38089 3.39212 3.39704 3.41035
 3.41794 3.42888 3.43707 3.44493 3.50205 3.50265 3.52165 3.60712 3.89589 3.92829
 3.97412 3.99704 4.04204 4.20247 4.27049
 Occupations:
 1.00000 1.00000 1.00000 1.00000 1.00000 1.00000 1.00000 1.00000 1.00000 1.00000
 1.00000 1.00000 1.00000 1.00000 1.00000 1.00000 1.00000 1.00000 1.00000 1.00000
 1.00000 1.00000 1.00000 1.00000 1.00000 1.00000 1.00000 1.00000 1.00000 1.00000
 1.00000 1.00000 1.00000 1.00000 1.00000 1.00000 1.00000 1.00000 1.00000 1.00000
 1.00000 1.00000 1.00000 1.00000 1.00000 1.00000 1.00000 1.00000 1.00000 1.00000
 1.00000 1.00000 1.00000 1.00000 1.00000 1.00000 1.00000 1.00000 1.00000 1.00000
 1.00000 1.00000 1.00000 1.00000 1.00000 0.99840 0.54522 0.00004 0.00000 0.00000
 0.00000 0.00000 0.00000 0.00000 0.00000 0.00000 0.00000 0.00000 0.00000 0.00000
 0.00000 0.00000 0.00000 0.00000 0.00000 0.00000 0.00000 0.00000 0.00000 0.00000
 0.00000 0.00000 0.00000 0.00000 0.00000 0.00000 0.00000 0.00000 0.00000 0.00000
 0.00000 0.00000 0.00000 0.00000 0.00000 0.00000 0.00000 0.00000 0.00000 0.00000
 0.00000 0.00000 0.00000 0.00000 0.00000 0.00000 0.00000 0.00000 0.00000 0.00000
 0.00000 0.00000 0.00000 0.00000 0.00000 0.00000 0.00000 0.00000 0.00000 0.00000
 0.00000 0.00000 0.00000 0.00000 0.00000 0.00000 0.00000 0.00000 0.00000 0.00000
 0.00000 0.00000 0.00000 0.00000 0.00000 0.00000 0.00000 0.00000 0.00000 0.00000
 0.00000 0.00000 0.00000 0.00000 0.00000 0.00000 0.00000 0.00000 0.00000 0.00000
 0.00000 0.00000 0.00000 0.00000 0.00000 0.00000 0.00000 0.00000 0.00000 0.00000
 0.00000 0.00000 0.00000 0.00000 0.00000 0.00000 0.00000 0.00000 0.00000 0.00000
 0.00000 0.00000 0.00000 0.00000 0.00000 0.00000 0.00000 0.00000 0.00000 0.00000
 0.00000 0.00000 0.00000 0.00000 0.00000 0.00000 0.00000 0.00000 0.00000 0.00000
 0.00000 0.00000 0.00000 0.00000 0.00000 0.00000 0.00000 0.00000 0.00000 0.00000
 0.00000 0.00000 0.00000 0.00000 0.00000 0.00000 0.00000 0.00000 0.00000 0.00000
 0.00000 0.00000 0.00000 0.00000 0.00000 0.00000 0.00000 0.00000 0.00000 0.00000
 0.00000 0.00000 0.00000 0.00000 0.00000 0.00000 0.00000 0.00000 0.00000 0.00000
 0.00000 0.00000 0.00000 0.00000 0.00000 0.00000 0.00000 0.00000 0.00000 0.00000
 0.00000 0.00000 0.00000 0.00000 0.00000 0.00000 0.00000 0.00000 0.00000 0.00000
 0.00000 0.00000 0.00000 0.00000 0.00000 0.00000 0.00000 0.00000 0.00000 0.00000
 0.00000 0.00000 0.00000 0.00000 0.00000 0.00000 0.00000 0.00000 0.00000 0.00000
 0.00000 0.00000 0.00000 0.00000 0.00000 0.00000 0.00000 0.00000 0.00000 0.00000
 0.00000 0.00000 0.00000 0.00000 0.00000 0.00000 0.00000 0.00000 0.00000 0.00000
 0.00000 0.00000 0.00000 0.00000 0.00000
 == 14-th k-point orbital energies
 Spin up:
 -0.33415 -0.29653 -0.27513 -0.24543 -0.22501 -0.22173 -0.22100 -0.21334 -0.21217 -0.21132
 -0.20350 -0.20050 -0.20023 -0.19421 -0.19079 -0.19070 -0.18404 -0.18266 -0.18084 -0.18074
 -0.17871 -0.17789 -0.17514 -0.17076 -0.16863 -0.16515 -0.16434 -0.16322 -0.16021 -0.15989
 -0.15853 -0.15768 -0.15679 -0.15552 -0.15463 -0.15400 -0.15271 -0.15157 -0.15143 -0.15032
 -0.14939 -0.14472 -0.14394 -0.14217 -0.14076 -0.13760 -0.13693 -0.13578 -0.13542 -0.13222
 -0.13188 -0.12988 -0.12809 -0.12653 -0.12548 -0.12503 -0.12396 -0.12148 -0.11820 -0.11597
 -0.11512 -0.11480 -0.11407 -0.11187 -0.08518 -0.05878 -0.05834 -0.04088 -0.01807 -0.01648
 0.00904 0.05652 0.07441 0.08406 0.16325 0.17098 0.18733 0.20651 0.20817 0.22628
 0.24662 0.25364 0.27578 0.27642 0.29079 0.31516 0.32437 0.33876 0.33908 0.39887
 0.40659 0.41001 0.41588 0.42522 0.44763 0.49299 0.50433 0.51226 0.53010 0.53105
 0.53934 0.54821 0.56239 0.58510 0.60575 0.61991 0.62647 0.64874 0.65850 0.67260
 0.67804 0.69422 0.69526 0.74640 0.76129 0.77500 0.78196 0.79421 0.81678 0.82043
 0.83043 0.85385 0.86639 0.89311 0.90592 0.93759 0.94008 0.94181 0.96577 0.97798
 0.99404 1.01592 1.01596 1.04368 1.07507 1.07785 1.08302 1.10681 1.12575 1.12877
 1.14344 1.15087 1.16012 1.16639 1.16734 1.18684 1.21646 1.23198 1.25662 1.26446
 1.27780 1.28312 1.30289 1.30908 1.30970 1.32006 1.32819 1.33650 1.34779 1.35228
 1.36611 1.37649 1.37652 1.37994 1.39262 1.40040 1.40325 1.42394 1.43349 1.44389
 1.47376 1.47506 1.48621 1.49816 1.51723 1.52043 1.53193 1.53221 1.56898 1.57727
 1.60206 1.60287 1.62266 1.62540 1.64121 1.66180 1.67406 1.69209 1.69359 1.69884
 1.70790 1.71754 1.73380 1.73462 1.75529 1.76794 1.80376 1.80714 1.82297 1.82589
 1.83395 1.83840 1.84879 1.85497 1.85533 1.87852 1.88594 1.89684 1.89818 1.91045
 1.94020 1.95248 1.96208 1.96736 1.97293 1.98127 1.98887 2.00513 2.02271 2.02692
 2.02724 2.04561 2.05882 2.06532 2.07769 2.12222 2.12918 2.13120 2.13772 2.14153
 2.14240 2.14746 2.15700 2.15977 2.18321 2.21417 2.21466 2.22581 2.24010 2.25262
 2.25793 2.26272 2.26279 2.29223 2.30664 2.31654 2.33512 2.33870 2.35294 2.36480
 2.39158 2.42475 2.46574 2.47268 2.48358 2.49595 2.52327 2.55970 2.57437 2.61892
 2.65511 2.65546 2.65721 2.69775 2.70078 2.71248 2.72961 2.73641 2.75951 2.80280
 2.80288 2.82768 2.85603 3.06005 3.08687 3.10890 3.17138 3.20554 3.22078 3.22580
 3.26310 3.30385 3.31174 3.33151 3.33502 3.36723 3.39084 3.40418 3.41921 3.42679
 3.42802 3.43279 3.43671 3.48427 3.53598 3.55775 3.57709 3.75712 3.90982 3.98518
 4.02974 4.06724 4.07417 4.29784 4.30343
 Occupations: 
 1.00000 1.00000 1.00000 1.00000 1.00000 1.00000 1.00000 1.00000 1.00000 1.00000
 1.00000 1.00000 1.00000 1.00000 1.00000 1.00000 1.00000 1.00000 1.00000 1.00000
 1.00000 1.00000 1.00000 1.00000 1.00000 1.00000 1.00000 1.00000 1.00000 1.00000
 1.00000 1.00000 1.00000 1.00000 1.00000 1.00000 1.00000 1.00000 1.00000 1.00000
 1.00000 1.00000 1.00000 1.00000 1.00000 1.00000 1.00000 1.00000 1.00000 1.00000
 1.00000 1.00000 1.00000 1.00000 1.00000 1.00000 1.00000 1.00000 1.00000 1.00000
 1.00000 1.00000 1.00000 1.00000 1.00000 0.72101 0.62522 0.00000 0.00000 0.00000
 0.00000 0.00000 0.00000 0.00000 0.00000 0.00000 0.00000 0.00000 0.00000 0.00000
 0.00000 0.00000 0.00000 0.00000 0.00000 0.00000 0.00000 0.00000 0.00000 0.00000
 0.00000 0.00000 0.00000 0.00000 0.00000 0.00000 0.00000 0.00000 0.00000 0.00000
 0.00000 0.00000 0.00000 0.00000 0.00000 0.00000 0.00000 0.00000 0.00000 0.00000
 0.00000 0.00000 0.00000 0.00000 0.00000 0.00000 0.00000 0.00000 0.00000 0.00000
 0.00000 0.00000 0.00000 0.00000 0.00000 0.00000 0.00000 0.00000 0.00000 0.00000
 0.00000 0.00000 0.00000 0.00000 0.00000 0.00000 0.00000 0.00000 0.00000 0.00000
 0.00000 0.00000 0.00000 0.00000 0.00000 0.00000 0.00000 0.00000 0.00000 0.00000
 0.00000 0.00000 0.00000 0.00000 0.00000 0.00000 0.00000 0.00000 0.00000 0.00000
 0.00000 0.00000 0.00000 0.00000 0.00000 0.00000 0.00000 0.00000 0.00000 0.00000
 0.00000 0.00000 0.00000 0.00000 0.00000 0.00000 0.00000 0.00000 0.00000 0.00000
 0.00000 0.00000 0.00000 0.00000 0.00000 0.00000 0.00000 0.00000 0.00000 0.00000
 0.00000 0.00000 0.00000 0.00000 0.00000 0.00000 0.00000 0.00000 0.00000 0.00000
 0.00000 0.00000 0.00000 0.00000 0.00000 0.00000 0.00000 0.00000 0.00000 0.00000
 0.00000 0.00000 0.00000 0.00000 0.00000 0.00000 0.00000 0.00000 0.00000 0.00000
 0.00000 0.00000 0.00000 0.00000 0.00000 0.00000 0.00000 0.00000 0.00000 0.00000
 0.00000 0.00000 0.00000 0.00000 0.00000 0.00000 0.00000 0.00000 0.00000 0.00000
 0.00000 0.00000 0.00000 0.00000 0.00000 0.00000 0.00000 0.00000 0.00000 0.00000
 0.00000 0.00000 0.00000 0.00000 0.00000 0.00000 0.00000 0.00000 0.00000 0.00000
 0.00000 0.00000 0.00000 0.00000 0.00000 0.00000 0.00000 0.00000 0.00000 0.00000
 0.00000 0.00000 0.00000 0.00000 0.00000 0.00000 0.00000 0.00000 0.00000 0.00000
 0.00000 0.00000 0.00000 0.00000 0.00000 0.00000 0.00000 0.00000 0.00000 0.00000
 0.00000 0.00000 0.00000 0.00000 0.00000 0.00000 0.00000 0.00000 0.00000 0.00000
 0.00000 0.00000 0.00000 0.00000 0.00000
 Spin down:
 -0.33415 -0.29653 -0.27513 -0.24543 -0.22501 -0.22173 -0.22100 -0.21334 -0.21217 -0.21132
 -0.20350 -0.20050 -0.20023 -0.19421 -0.19079 -0.19070 -0.18404 -0.18266 -0.18084 -0.18074
 -0.17871 -0.17789 -0.17514 -0.17076 -0.16863 -0.16515 -0.16434 -0.16322 -0.16021 -0.15989
 -0.15853 -0.15768 -0.15679 -0.15552 -0.15463 -0.15400 -0.15271 -0.15157 -0.15143 -0.15032
 -0.14939 -0.14472 -0.14394 -0.14217 -0.14076 -0.13760 -0.13693 -0.13578 -0.13542 -0.13222
 -0.13188 -0.12988 -0.12809 -0.12653 -0.12548 -0.12503 -0.12396 -0.12148 -0.11820 -0.11597
 -0.11512 -0.11480 -0.11407 -0.11187 -0.08518 -0.05878 -0.05834 -0.04088 -0.01807 -0.01648
 0.00904 0.05652 0.07441 0.08406 0.16325 0.17098 0.18733 0.20651 0.20817 0.22628
 0.24662 0.25364 0.27578 0.27642 0.29079 0.31516 0.32437 0.33876 0.33908 0.39887
 0.40659 0.41001 0.41588 0.42522 0.44763 0.49299 0.50433 0.51226 0.53010 0.53105
 0.53934 0.54821 0.56239 0.58510 0.60575 0.61991 0.62647 0.64874 0.65850 0.67260
 0.67804 0.69422 0.69526 0.74640 0.76129 0.77500 0.78196 0.79421 0.81678 0.82043
 0.83043 0.85385 0.86639 0.89311 0.90592 0.93759 0.94008 0.94181 0.96577 0.97798
 0.99404 1.01592 1.01596 1.04368 1.07507 1.07785 1.08302 1.10681 1.12575 1.12877
 1.14344 1.15087 1.16012 1.16639 1.16734 1.18684 1.21646 1.23198 1.25662 1.26446
 1.27780 1.28312 1.30289 1.30908 1.30970 1.32006 1.32819 1.33650 1.34779 1.35228
 1.36611 1.37649 1.37652 1.37994 1.39262 1.40040 1.40325 1.42394 1.43349 1.44389
 1.47376 1.47506 1.48621 1.49816 1.51723 1.52043 1.53193 1.53221 1.56898 1.57727
 1.60206 1.60287 1.62266 1.62540 1.64121 1.66180 1.67406 1.69209 1.69359 1.69884
 1.70790 1.71754 1.73380 1.73462 1.75529 1.76794 1.80376 1.80714 1.82297 1.82589
 1.83395 1.83840 1.84879 1.85497 1.85533 1.87852 1.88594 1.89684 1.89818 1.91045
 1.94020 1.95248 1.96208 1.96736 1.97293 1.98127 1.98887 2.00513 2.02271 2.02692
 2.02724 2.04561 2.05882 2.06532 2.07769 2.12222 2.12918 2.13120 2.13772 2.14153
 2.14240 2.14746 2.15700 2.15977 2.18321 2.21417 2.21466 2.22581 2.24010 2.25262
 2.25793 2.26272 2.26279 2.29223 2.30664 2.31654 2.33512 2.33870 2.35294 2.36480
 2.39158 2.42475 2.46574 2.47268 2.48358 2.49595 2.52327 2.55970 2.57437 2.61892
 2.65511 2.65546 2.65721 2.69775 2.70078 2.71248 2.72961 2.73641 2.75951 2.80280
 2.80288 2.82768 2.85603 3.06005 3.08687 3.10890 3.17138 3.20554 3.22078 3.22580
 3.26310 3.30385 3.31174 3.33151 3.33502 3.36723 3.39084 3.40418 3.41921 3.42679
 3.42802 3.43279 3.43671 3.48427 3.53598 3.55775 3.57709 3.75712 3.90982 3.98518
 4.02974 4.06724 4.07417 4.29784 4.30343
 Occupations:
 1.00000 1.00000 1.00000 1.00000 1.00000 1.00000 1.00000 1.00000 1.00000 1.00000
 1.00000 1.00000 1.00000 1.00000 1.00000 1.00000 1.00000 1.00000 1.00000 1.00000
 1.00000 1.00000 1.00000 1.00000 1.00000 1.00000 1.00000 1.00000 1.00000 1.00000
 1.00000 1.00000 1.00000 1.00000 1.00000 1.00000 1.00000 1.00000 1.00000 1.00000
 1.00000 1.00000 1.00000 1.00000 1.00000 1.00000 1.00000 1.00000 1.00000 1.00000
 1.00000 1.00000 1.00000 1.00000 1.00000 1.00000 1.00000 1.00000 1.00000 1.00000
 1.00000 1.00000 1.00000 1.00000 1.00000 0.72103 0.62523 0.00000 0.00000 0.00000
 0.00000 0.00000 0.00000 0.00000 0.00000 0.00000 0.00000 0.00000 0.00000 0.00000
 0.00000 0.00000 0.00000 0.00000 0.00000 0.00000 0.00000 0.00000 0.00000 0.00000
 0.00000 0.00000 0.00000 0.00000 0.00000 0.00000 0.00000 0.00000 0.00000 0.00000
 0.00000 0.00000 0.00000 0.00000 0.00000 0.00000 0.00000 0.00000 0.00000 0.00000
 0.00000 0.00000 0.00000 0.00000 0.00000 0.00000 0.00000 0.00000 0.00000 0.00000
 0.00000 0.00000 0.00000 0.00000 0.00000 0.00000 0.00000 0.00000 0.00000 0.00000
 0.00000 0.00000 0.00000 0.00000 0.00000 0.00000 0.00000 0.00000 0.00000 0.00000
 0.00000 0.00000 0.00000 0.00000 0.00000 0.00000 0.00000 0.00000 0.00000 0.00000
 0.00000 0.00000 0.00000 0.00000 0.00000 0.00000 0.00000 0.00000 0.00000 0.00000
 0.00000 0.00000 0.00000 0.00000 0.00000 0.00000 0.00000 0.00000 0.00000 0.00000
 0.00000 0.00000 0.00000 0.00000 0.00000 0.00000 0.00000 0.00000 0.00000 0.00000
 0.00000 0.00000 0.00000 0.00000 0.00000 0.00000 0.00000 0.00000 0.00000 0.00000
 0.00000 0.00000 0.00000 0.00000 0.00000 0.00000 0.00000 0.00000 0.00000 0.00000
 0.00000 0.00000 0.00000 0.00000 0.00000 0.00000 0.00000 0.00000 0.00000 0.00000
 0.00000 0.00000 0.00000 0.00000 0.00000 0.00000 0.00000 0.00000 0.00000 0.00000
 0.00000 0.00000 0.00000 0.00000 0.00000 0.00000 0.00000 0.00000 0.00000 0.00000
 0.00000 0.00000 0.00000 0.00000 0.00000 0.00000 0.00000 0.00000 0.00000 0.00000
 0.00000 0.00000 0.00000 0.00000 0.00000 0.00000 0.00000 0.00000 0.00000 0.00000
 0.00000 0.00000 0.00000 0.00000 0.00000 0.00000 0.00000 0.00000 0.00000 0.00000
 0.00000 0.00000 0.00000 0.00000 0.00000 0.00000 0.00000 0.00000 0.00000 0.00000
 0.00000 0.00000 0.00000 0.00000 0.00000 0.00000 0.00000 0.00000 0.00000 0.00000
 0.00000 0.00000 0.00000 0.00000 0.00000 0.00000 0.00000 0.00000 0.00000 0.00000
 0.00000 0.00000 0.00000 0.00000 0.00000 0.00000 0.00000 0.00000 0.00000 0.00000
 0.00000 0.00000 0.00000 0.00000 0.00000
 == 15-th k-point orbital energies
 Spin up:
 -0.31244 -0.29721 -0.27488 -0.25422 -0.23864 -0.22337 -0.21763 -0.20465 -0.20382 -0.20346
 -0.20048 -0.19631 -0.19510 -0.19392 -0.19253 -0.18858 -0.18691 -0.18528 -0.18384 -0.18287
 -0.18165 -0.17602 -0.17387 -0.17243 -0.17088 -0.17008 -0.16918 -0.16833 -0.16640 -0.16586
 -0.16350 -0.16231 -0.15854 -0.15732 -0.15698 -0.15639 -0.15519 -0.15404 -0.15357 -0.14977
 -0.14676 -0.14489 -0.14188 -0.14140 -0.13985 -0.13841 -0.13638 -0.13580 -0.13523 -0.13248
 -0.13072 -0.12981 -0.12679 -0.12558 -0.12495 -0.12382 -0.12223 -0.12104 -0.11964 -0.11781
 -0.11740 -0.11677 -0.11552 -0.11339 -0.10354 -0.08762 -0.06140 -0.03883 -0.00238 0.01781
 0.03716 0.06211 0.07149 0.11555 0.12402 0.13194 0.17673 0.20196 0.20945 0.22786
 0.24853 0.26754 0.28642 0.29780 0.31611 0.33917 0.35651 0.36218 0.38698 0.39293
 0.41507 0.42328 0.43007 0.44401 0.45161 0.46077 0.47066 0.48032 0.48749 0.49871
 0.50687 0.55941 0.57006 0.57987 0.58728 0.59848 0.60258 0.63770 0.64479 0.66489
 0.68582 0.70698 0.71217 0.72095 0.74902 0.75348 0.76782 0.77914 0.79122 0.84359
 0.85776 0.86181 0.87274 0.91241 0.93020 0.93509 0.94209 0.95178 0.97608 0.98163
 0.98921 1.01306 1.02173 1.04409 1.04512 1.05314 1.08058 1.08722 1.09069 1.09956
 1.12879 1.13967 1.16087 1.17259 1.17692 1.18631 1.18929 1.21167 1.24054 1.25447
 1.26663 1.27615 1.28452 1.30054 1.30698 1.32193 1.32648 1.33565 1.35010 1.36799
 1.41712 1.42618 1.43033 1.43199 1.43721 1.44578 1.44669 1.45549 1.46099 1.46979
 1.48510 1.50397 1.51610 1.52554 1.53779 1.54476 1.55747 1.57286 1.57628 1.57921
 1.59110 1.59354 1.60154 1.61258 1.63429 1.63916 1.64553 1.65742 1.66005 1.66413
 1.67428 1.68879 1.72403 1.73555 1.73849 1.74625 1.75302 1.76377 1.77059 1.78443
 1.78622 1.79582 1.80773 1.81158 1.82072 1.84970 1.85336 1.85855 1.86631 1.87373
 1.87583 1.88110 1.89443 1.90945 1.94540 1.97159 1.97565 1.98387 1.98826 2.00583
 2.02187 2.03075 2.03843 2.05077 2.05506 2.06917 2.07979 2.09259 2.11082 2.13006
 2.13924 2.14915 2.15503 2.16635 2.18224 2.20548 2.22599 2.23619 2.23867 2.26752
 2.28507 2.29181 2.30200 2.32361 2.33737 2.35040 2.35488 2.36013 2.37031 2.37658
 2.38748 2.38902 2.39811 2.42224 2.48407 2.49339 2.50424 2.53276 2.56078 2.56469
 2.61205 2.61617 2.65506 2.65867 2.66205 2.67818 2.69634 2.82733 2.84275 2.90778
 2.95313 2.96187 2.98964 3.02824 3.09765 3.13805 3.19263 3.21744 3.23127 3.25156
 3.29216 3.29858 3.30539 3.31425 3.32288 3.32782 3.35420 3.36425 3.37070 3.37554
 3.38045 3.40504 3.44046 3.49397 3.54205 3.56630 3.63202 3.76631 3.80908 3.89770
 3.95065 4.03912 4.27626 4.30753 4.30990
 Occupations: 
 1.00000 1.00000 1.00000 1.00000 1.00000 1.00000 1.00000 1.00000 1.00000 1.00000
 1.00000 1.00000 1.00000 1.00000 1.00000 1.00000 1.00000 1.00000 1.00000 1.00000
 1.00000 1.00000 1.00000 1.00000 1.00000 1.00000 1.00000 1.00000 1.00000 1.00000
 1.00000 1.00000 1.00000 1.00000 1.00000 1.00000 1.00000 1.00000 1.00000 1.00000
 1.00000 1.00000 1.00000 1.00000 1.00000 1.00000 1.00000 1.00000 1.00000 1.00000
 1.00000 1.00000 1.00000 1.00000 1.00000 1.00000 1.00000 1.00000 1.00000 1.00000
 1.00000 1.00000 1.00000 1.00000 1.00000 1.00000 0.97277 0.00000 0.00000 0.00000
 0.00000 0.00000 0.00000 0.00000 0.00000 0.00000 0.00000 0.00000 0.00000 0.00000
 0.00000 0.00000 0.00000 0.00000 0.00000 0.00000 0.00000 0.00000 0.00000 0.00000
 0.00000 0.00000 0.00000 0.00000 0.00000 0.00000 0.00000 0.00000 0.00000 0.00000
 0.00000 0.00000 0.00000 0.00000 0.00000 0.00000 0.00000 0.00000 0.00000 0.00000
 0.00000 0.00000 0.00000 0.00000 0.00000 0.00000 0.00000 0.00000 0.00000 0.00000
 0.00000 0.00000 0.00000 0.00000 0.00000 0.00000 0.00000 0.00000 0.00000 0.00000
 0.00000 0.00000 0.00000 0.00000 0.00000 0.00000 0.00000 0.00000 0.00000 0.00000
 0.00000 0.00000 0.00000 0.00000 0.00000 0.00000 0.00000 0.00000 0.00000 0.00000
 0.00000 0.00000 0.00000 0.00000 0.00000 0.00000 0.00000 0.00000 0.00000 0.00000
 0.00000 0.00000 0.00000 0.00000 0.00000 0.00000 0.00000 0.00000 0.00000 0.00000
 0.00000 0.00000 0.00000 0.00000 0.00000 0.00000 0.00000 0.00000 0.00000 0.00000
 0.00000 0.00000 0.00000 0.00000 0.00000 0.00000 0.00000 0.00000 0.00000 0.00000
 0.00000 0.00000 0.00000 0.00000 0.00000 0.00000 0.00000 0.00000 0.00000 0.00000
 0.00000 0.00000 0.00000 0.00000 0.00000 0.00000 0.00000 0.00000 0.00000 0.00000
 0.00000 0.00000 0.00000 0.00000 0.00000 0.00000 0.00000 0.00000 0.00000 0.00000
 0.00000 0.00000 0.00000 0.00000 0.00000 0.00000 0.00000 0.00000 0.00000 0.00000
 0.00000 0.00000 0.00000 0.00000 0.00000 0.00000 0.00000 0.00000 0.00000 0.00000
 0.00000 0.00000 0.00000 0.00000 0.00000 0.00000 0.00000 0.00000 0.00000 0.00000
 0.00000 0.00000 0.00000 0.00000 0.00000 0.00000 0.00000 0.00000 0.00000 0.00000
 0.00000 0.00000 0.00000 0.00000 0.00000 0.00000 0.00000 0.00000 0.00000 0.00000
 0.00000 0.00000 0.00000 0.00000 0.00000 0.00000 0.00000 0.00000 0.00000 0.00000
 0.00000 0.00000 0.00000 0.00000 0.00000 0.00000 0.00000 0.00000 0.00000 0.00000
 0.00000 0.00000 0.00000 0.00000 0.00000 0.00000 0.00000 0.00000 0.00000 0.00000
 0.00000 0.00000 0.00000 0.00000 0.00000
 Spin down:
 -0.31244 -0.29721 -0.27488 -0.25422 -0.23864 -0.22337 -0.21763 -0.20465 -0.20382 -0.20346
 -0.20048 -0.19631 -0.19510 -0.19392 -0.19253 -0.18858 -0.18691 -0.18528 -0.18384 -0.18287
 -0.18165 -0.17602 -0.17387 -0.17243 -0.17088 -0.17008 -0.16918 -0.16833 -0.16640 -0.16586
 -0.16350 -0.16231 -0.15854 -0.15732 -0.15698 -0.15639 -0.15519 -0.15404 -0.15357 -0.14977
 -0.14676 -0.14489 -0.14188 -0.14140 -0.13985 -0.13841 -0.13638 -0.13580 -0.13523 -0.13248
 -0.13072 -0.12981 -0.12679 -0.12558 -0.12495 -0.12382 -0.12223 -0.12104 -0.11964 -0.11781
 -0.11740 -0.11677 -0.11552 -0.11339 -0.10354 -0.08762 -0.06140 -0.03883 -0.00238 0.01781
 0.03716 0.06211 0.07149 0.11555 0.12402 0.13194 0.17673 0.20196 0.20945 0.22786
 0.24853 0.26754 0.28642 0.29780 0.31611 0.33917 0.35651 0.36218 0.38698 0.39293
 0.41507 0.42328 0.43007 0.44401 0.45161 0.46077 0.47066 0.48032 0.48749 0.49871
 0.50687 0.55941 0.57006 0.57987 0.58728 0.59848 0.60258 0.63770 0.64479 0.66489
 0.68582 0.70698 0.71217 0.72095 0.74902 0.75348 0.76782 0.77914 0.79122 0.84359
 0.85776 0.86181 0.87274 0.91241 0.93020 0.93509 0.94209 0.95178 0.97608 0.98163
 0.98921 1.01306 1.02173 1.04409 1.04512 1.05314 1.08058 1.08722 1.09069 1.09956
 1.12879 1.13967 1.16087 1.17259 1.17692 1.18631 1.18929 1.21167 1.24054 1.25447
 1.26663 1.27615 1.28452 1.30054 1.30698 1.32193 1.32648 1.33565 1.35010 1.36799
 1.41712 1.42618 1.43033 1.43199 1.43721 1.44578 1.44669 1.45549 1.46099 1.46979
 1.48510 1.50397 1.51610 1.52554 1.53779 1.54476 1.55747 1.57286 1.57628 1.57921
 1.59110 1.59354 1.60154 1.61258 1.63429 1.63916 1.64553 1.65742 1.66005 1.66413
 1.67428 1.68879 1.72403 1.73555 1.73849 1.74625 1.75302 1.76377 1.77059 1.78443
 1.78622 1.79582 1.80773 1.81158 1.82072 1.84970 1.85336 1.85855 1.86631 1.87373
 1.87583 1.88110 1.89443 1.90945 1.94540 1.97159 1.97565 1.98387 1.98826 2.00583
 2.02187 2.03075 2.03843 2.05077 2.05506 2.06917 2.07979 2.09259 2.11082 2.13006
 2.13924 2.14915 2.15503 2.16635 2.18224 2.20548 2.22599 2.23619 2.23867 2.26752
 2.28507 2.29181 2.30200 2.32361 2.33737 2.35040 2.35488 2.36013 2.37031 2.37658
 2.38748 2.38902 2.39811 2.42224 2.48407 2.49339 2.50424 2.53276 2.56078 2.56469
 2.61205 2.61617 2.65506 2.65867 2.66205 2.67818 2.69634 2.82733 2.84275 2.90778
 2.95313 2.96187 2.98964 3.02824 3.09765 3.13805 3.19263 3.21744 3.23127 3.25156
 3.29216 3.29858 3.30539 3.31425 3.32288 3.32782 3.35420 3.36425 3.37070 3.37554
 3.38045 3.40504 3.44046 3.49397 3.54205 3.56630 3.63202 3.76631 3.80908 3.89770
 3.95065 4.03912 4.27626 4.30753 4.30990
 Occupations:
 1.00000 1.00000 1.00000 1.00000 1.00000 1.00000 1.00000 1.00000 1.00000 1.00000
 1.00000 1.00000 1.00000 1.00000 1.00000 1.00000 1.00000 1.00000 1.00000 1.00000
 1.00000 1.00000 1.00000 1.00000 1.00000 1.00000 1.00000 1.00000 1.00000 1.00000
 1.00000 1.00000 1.00000 1.00000 1.00000 1.00000 1.00000 1.00000 1.00000 1.00000
 1.00000 1.00000 1.00000 1.00000 1.00000 1.00000 1.00000 1.00000 1.00000 1.00000
 1.00000 1.00000 1.00000 1.00000 1.00000 1.00000 1.00000 1.00000 1.00000 1.00000
 1.00000 1.00000 1.00000 1.00000 1.00000 1.00000 0.97277 0.00000 0.00000 0.00000
 0.00000 0.00000 0.00000 0.00000 0.00000 0.00000 0.00000 0.00000 0.00000 0.00000
 0.00000 0.00000 0.00000 0.00000 0.00000 0.00000 0.00000 0.00000 0.00000 0.00000
 0.00000 0.00000 0.00000 0.00000 0.00000 0.00000 0.00000 0.00000 0.00000 0.00000
 0.00000 0.00000 0.00000 0.00000 0.00000 0.00000 0.00000 0.00000 0.00000 0.00000
 0.00000 0.00000 0.00000 0.00000 0.00000 0.00000 0.00000 0.00000 0.00000 0.00000
 0.00000 0.00000 0.00000 0.00000 0.00000 0.00000 0.00000 0.00000 0.00000 0.00000
 0.00000 0.00000 0.00000 0.00000 0.00000 0.00000 0.00000 0.00000 0.00000 0.00000
 0.00000 0.00000 0.00000 0.00000 0.00000 0.00000 0.00000 0.00000 0.00000 0.00000
 0.00000 0.00000 0.00000 0.00000 0.00000 0.00000 0.00000 0.00000 0.00000 0.00000
 0.00000 0.00000 0.00000 0.00000 0.00000 0.00000 0.00000 0.00000 0.00000 0.00000
 0.00000 0.00000 0.00000 0.00000 0.00000 0.00000 0.00000 0.00000 0.00000 0.00000
 0.00000 0.00000 0.00000 0.00000 0.00000 0.00000 0.00000 0.00000 0.00000 0.00000
 0.00000 0.00000 0.00000 0.00000 0.00000 0.00000 0.00000 0.00000 0.00000 0.00000
 0.00000 0.00000 0.00000 0.00000 0.00000 0.00000 0.00000 0.00000 0.00000 0.00000
 0.00000 0.00000 0.00000 0.00000 0.00000 0.00000 0.00000 0.00000 0.00000 0.00000
 0.00000 0.00000 0.00000 0.00000 0.00000 0.00000 0.00000 0.00000 0.00000 0.00000
 0.00000 0.00000 0.00000 0.00000 0.00000 0.00000 0.00000 0.00000 0.00000 0.00000
 0.00000 0.00000 0.00000 0.00000 0.00000 0.00000 0.00000 0.00000 0.00000 0.00000
 0.00000 0.00000 0.00000 0.00000 0.00000 0.00000 0.00000 0.00000 0.00000 0.00000
 0.00000 0.00000 0.00000 0.00000 0.00000 0.00000 0.00000 0.00000 0.00000 0.00000
 0.00000 0.00000 0.00000 0.00000 0.00000 0.00000 0.00000 0.00000 0.00000 0.00000
 0.00000 0.00000 0.00000 0.00000 0.00000 0.00000 0.00000 0.00000 0.00000 0.00000
 0.00000 0.00000 0.00000 0.00000 0.00000 0.00000 0.00000 0.00000 0.00000 0.00000
 0.00000 0.00000 0.00000 0.00000 0.00000
 == 16-th k-point orbital energies
 Spin up:
 -0.34373 -0.29610 -0.25513 -0.25129 -0.24248 -0.22285 -0.22229 -0.21511 -0.21194 -0.21090
 -0.20454 -0.20333 -0.20122 -0.19608 -0.19428 -0.19079 -0.18430 -0.18291 -0.18175 -0.18031
 -0.17597 -0.17498 -0.17228 -0.17115 -0.16854 -0.16635 -0.16376 -0.16324 -0.16235 -0.16114
 -0.16008 -0.15792 -0.15637 -0.15510 -0.15468 -0.15124 -0.15001 -0.14827 -0.14735 -0.14634
 -0.14451 -0.14370 -0.14250 -0.14107 -0.13908 -0.13707 -0.13607 -0.13388 -0.13306 -0.13220
 -0.12953 -0.12724 -0.12606 -0.12392 -0.12237 -0.12050 -0.11937 -0.11846 -0.11805 -0.11691
 -0.11636 -0.11475 -0.10702 -0.10503 -0.09628 -0.08121 -0.07721 -0.02728 0.00692 0.01039
 0.01322 0.03112 0.05634 0.10939 0.13579 0.14051 0.18070 0.19414 0.20251 0.21913
 0.22061 0.25390 0.27829 0.28204 0.29759 0.31108 0.33755 0.35017 0.35966 0.38049
 0.40263 0.41076 0.42646 0.43795 0.45266 0.50234 0.50428 0.50963 0.51446 0.53782
 0.55501 0.56426 0.57195 0.58061 0.59569 0.61121 0.63243 0.65118 0.65526 0.67153
 0.68591 0.72155 0.72985 0.74094 0.76339 0.78501 0.80705 0.81302 0.82549 0.82924
 0.83765 0.84509 0.88125 0.88462 0.90934 0.91789 0.92236 0.92514 0.94550 0.98032
 0.98327 1.00044 1.01118 1.03111 1.04380 1.05315 1.07004 1.08146 1.10972 1.11533
 1.13076 1.14054 1.16124 1.17012 1.17784 1.18375 1.19993 1.21841 1.23426 1.24502
 1.25184 1.26154 1.27113 1.29328 1.30139 1.31143 1.31830 1.32519 1.33823 1.35205
 1.37680 1.38503 1.39010 1.40519 1.41000 1.42521 1.43915 1.45079 1.45465 1.45935
 1.47032 1.47749 1.48396 1.49123 1.50448 1.53139 1.54077 1.57786 1.59506 1.60387
 1.62268 1.63427 1.64783 1.65862 1.66245 1.66782 1.69775 1.70188 1.70651 1.70931
 1.71881 1.72599 1.74621 1.74838 1.75605 1.76541 1.77388 1.80369 1.80911 1.81270
 1.82008 1.83574 1.84188 1.84387 1.86233 1.86965 1.88302 1.89184 1.92221 1.92594
 1.93483 1.95809 1.95969 1.96606 1.98554 1.99168 2.00007 2.01356 2.01740 2.02769
 2.03931 2.04593 2.06525 2.08764 2.10212 2.11558 2.11906 2.12889 2.14210 2.15577
 2.15741 2.17072 2.17684 2.20253 2.21039 2.21305 2.21689 2.22251 2.23422 2.24777
 2.25734 2.26590 2.27829 2.29835 2.32030 2.32935 2.34594 2.36439 2.37467 2.38466
 2.38719 2.41385 2.44355 2.46084 2.47049 2.49015 2.51164 2.54018 2.59360 2.60603
 2.61653 2.65706 2.69498 2.70261 2.71692 2.73629 2.75003 2.80293 2.83953 2.85264
 2.89711 2.91825 2.94796 2.97391 2.98264 3.07947 3.19120 3.25440 3.26030 3.27135
 3.30008 3.31295 3.31947 3.33233 3.35229 3.36273 3.36435 3.36799 3.37573 3.38016
 3.38820 3.40235 3.44176 3.47304 3.49732 3.59434 3.66382 3.67811 3.72537 3.90333
 3.95438 4.03701 4.25976 4.26229 4.29847
 Occupations: 
 1.00000 1.00000 1.00000 1.00000 1.00000 1.00000 1.00000 1.00000 1.00000 1.00000
 1.00000 1.00000 1.00000 1.00000 1.00000 1.00000 1.00000 1.00000 1.00000 1.00000
 1.00000 1.00000 1.00000 1.00000 1.00000 1.00000 1.00000 1.00000 1.00000 1.00000
 1.00000 1.00000 1.00000 1.00000 1.00000 1.00000 1.00000 1.00000 1.00000 1.00000
 1.00000 1.00000 1.00000 1.00000 1.00000 1.00000 1.00000 1.00000 1.00000 1.00000
 1.00000 1.00000 1.00000 1.00000 1.00000 1.00000 1.00000 1.00000 1.00000 1.00000
 1.00000 1.00000 1.00000 1.00000 1.00000 1.00000 1.00000 0.00000 0.00000 0.00000
 0.00000 0.00000 0.00000 0.00000 0.00000 0.00000 0.00000 0.00000 0.00000 0.00000
 0.00000 0.00000 0.00000 0.00000 0.00000 0.00000 0.00000 0.00000 0.00000 0.00000
 0.00000 0.00000 0.00000 0.00000 0.00000 0.00000 0.00000 0.00000 0.00000 0.00000
 0.00000 0.00000 0.00000 0.00000 0.00000 0.00000 0.00000 0.00000 0.00000 0.00000
 0.00000 0.00000 0.00000 0.00000 0.00000 0.00000 0.00000 0.00000 0.00000 0.00000
 0.00000 0.00000 0.00000 0.00000 0.00000 0.00000 0.00000 0.00000 0.00000 0.00000
 0.00000 0.00000 0.00000 0.00000 0.00000 0.00000 0.00000 0.00000 0.00000 0.00000
 0.00000 0.00000 0.00000 0.00000 0.00000 0.00000 0.00000 0.00000 0.00000 0.00000
 0.00000 0.00000 0.00000 0.00000 0.00000 0.00000 0.00000 0.00000 0.00000 0.00000
 0.00000 0.00000 0.00000 0.00000 0.00000 0.00000 0.00000 0.00000 0.00000 0.00000
 0.00000 0.00000 0.00000 0.00000 0.00000 0.00000 0.00000 0.00000 0.00000 0.00000
 0.00000 0.00000 0.00000 0.00000 0.00000 0.00000 0.00000 0.00000 0.00000 0.00000
 0.00000 0.00000 0.00000 0.00000 0.00000 0.00000 0.00000 0.00000 0.00000 0.00000
 0.00000 0.00000 0.00000 0.00000 0.00000 0.00000 0.00000 0.00000 0.00000 0.00000
 0.00000 0.00000 0.00000 0.00000 0.00000 0.00000 0.00000 0.00000 0.00000 0.00000
 0.00000 0.00000 0.00000 0.00000 0.00000 0.00000 0.00000 0.00000 0.00000 0.00000
 0.00000 0.00000 0.00000 0.00000 0.00000 0.00000 0.00000 0.00000 0.00000 0.00000
 0.00000 0.00000 0.00000 0.00000 0.00000 0.00000 0.00000 0.00000 0.00000 0.00000
 0.00000 0.00000 0.00000 0.00000 0.00000 0.00000 0.00000 0.00000 0.00000 0.00000
 0.00000 0.00000 0.00000 0.00000 0.00000 0.00000 0.00000 0.00000 0.00000 0.00000
 0.00000 0.00000 0.00000 0.00000 0.00000 0.00000 0.00000 0.00000 0.00000 0.00000
 0.00000 0.00000 0.00000 0.00000 0.00000 0.00000 0.00000 0.00000 0.00000 0.00000
 0.00000 0.00000 0.00000 0.00000 0.00000 0.00000 0.00000 0.00000 0.00000 0.00000
 0.00000 0.00000 0.00000 0.00000 0.00000
 Spin down:
 -0.34373 -0.29610 -0.25513 -0.25129 -0.24248 -0.22285 -0.22229 -0.21511 -0.21194 -0.21090
 -0.20454 -0.20333 -0.20122 -0.19608 -0.19428 -0.19079 -0.18430 -0.18291 -0.18175 -0.18031
 -0.17597 -0.17498 -0.17228 -0.17115 -0.16854 -0.16635 -0.16376 -0.16324 -0.16235 -0.16114
 -0.16008 -0.15792 -0.15637 -0.15510 -0.15468 -0.15124 -0.15001 -0.14827 -0.14735 -0.14634
 -0.14451 -0.14370 -0.14250 -0.14107 -0.13908 -0.13707 -0.13607 -0.13388 -0.13306 -0.13220
 -0.12953 -0.12724 -0.12606 -0.12392 -0.12237 -0.12050 -0.11937 -0.11846 -0.11805 -0.11691
 -0.11636 -0.11475 -0.10702 -0.10503 -0.09628 -0.08121 -0.07721 -0.02728 0.00692 0.01039
 0.01322 0.03112 0.05634 0.10939 0.13579 0.14051 0.18070 0.19414 0.20251 0.21913
 0.22061 0.25390 0.27829 0.28204 0.29759 0.31108 0.33755 0.35017 0.35966 0.38049
 0.40263 0.41076 0.42646 0.43795 0.45266 0.50234 0.50428 0.50963 0.51446 0.53782
 0.55501 0.56426 0.57195 0.58061 0.59569 0.61121 0.63243 0.65118 0.65526 0.67153
 0.68591 0.72155 0.72985 0.74094 0.76339 0.78501 0.80705 0.81302 0.82549 0.82924
 0.83765 0.84509 0.88125 0.88462 0.90934 0.91789 0.92236 0.92514 0.94550 0.98032
 0.98327 1.00044 1.01118 1.03111 1.04380 1.05315 1.07004 1.08146 1.10972 1.11533
 1.13076 1.14054 1.16124 1.17012 1.17784 1.18375 1.19993 1.21841 1.23426 1.24502
 1.25184 1.26154 1.27113 1.29328 1.30139 1.31143 1.31830 1.32519 1.33823 1.35205
 1.37680 1.38503 1.39010 1.40519 1.41000 1.42521 1.43915 1.45079 1.45465 1.45935
 1.47032 1.47749 1.48396 1.49123 1.50448 1.53139 1.54077 1.57786 1.59506 1.60387
 1.62268 1.63427 1.64783 1.65862 1.66245 1.66782 1.69775 1.70188 1.70651 1.70931
 1.71881 1.72599 1.74621 1.74838 1.75605 1.76541 1.77388 1.80369 1.80911 1.81270
 1.82008 1.83574 1.84188 1.84387 1.86233 1.86965 1.88302 1.89184 1.92221 1.92594
 1.93483 1.95809 1.95969 1.96606 1.98554 1.99168 2.00007 2.01356 2.01740 2.02769
 2.03931 2.04593 2.06525 2.08764 2.10212 2.11558 2.11906 2.12889 2.14210 2.15577
 2.15741 2.17072 2.17684 2.20253 2.21039 2.21305 2.21689 2.22251 2.23422 2.24777
 2.25734 2.26590 2.27829 2.29835 2.32030 2.32935 2.34594 2.36439 2.37467 2.38466
 2.38719 2.41385 2.44355 2.46084 2.47049 2.49015 2.51164 2.54018 2.59360 2.60603
 2.61653 2.65706 2.69498 2.70261 2.71692 2.73629 2.75003 2.80293 2.83953 2.85264
 2.89711 2.91825 2.94796 2.97391 2.98264 3.07947 3.19120 3.25440 3.26030 3.27135
 3.30008 3.31295 3.31947 3.33233 3.35229 3.36273 3.36435 3.36799 3.37573 3.38016
 3.38820 3.40235 3.44176 3.47304 3.49732 3.59434 3.66382 3.67811 3.72537 3.90333
 3.95438 4.03701 4.25976 4.26229 4.29847
 Occupations:
 1.00000 1.00000 1.00000 1.00000 1.00000 1.00000 1.00000 1.00000 1.00000 1.00000
 1.00000 1.00000 1.00000 1.00000 1.00000 1.00000 1.00000 1.00000 1.00000 1.00000
 1.00000 1.00000 1.00000 1.00000 1.00000 1.00000 1.00000 1.00000 1.00000 1.00000
 1.00000 1.00000 1.00000 1.00000 1.00000 1.00000 1.00000 1.00000 1.00000 1.00000
 1.00000 1.00000 1.00000 1.00000 1.00000 1.00000 1.00000 1.00000 1.00000 1.00000
 1.00000 1.00000 1.00000 1.00000 1.00000 1.00000 1.00000 1.00000 1.00000 1.00000
 1.00000 1.00000 1.00000 1.00000 1.00000 1.00000 1.00000 0.00000 0.00000 0.00000
 0.00000 0.00000 0.00000 0.00000 0.00000 0.00000 0.00000 0.00000 0.00000 0.00000
 0.00000 0.00000 0.00000 0.00000 0.00000 0.00000 0.00000 0.00000 0.00000 0.00000
 0.00000 0.00000 0.00000 0.00000 0.00000 0.00000 0.00000 0.00000 0.00000 0.00000
 0.00000 0.00000 0.00000 0.00000 0.00000 0.00000 0.00000 0.00000 0.00000 0.00000
 0.00000 0.00000 0.00000 0.00000 0.00000 0.00000 0.00000 0.00000 0.00000 0.00000
 0.00000 0.00000 0.00000 0.00000 0.00000 0.00000 0.00000 0.00000 0.00000 0.00000
 0.00000 0.00000 0.00000 0.00000 0.00000 0.00000 0.00000 0.00000 0.00000 0.00000
 0.00000 0.00000 0.00000 0.00000 0.00000 0.00000 0.00000 0.00000 0.00000 0.00000
 0.00000 0.00000 0.00000 0.00000 0.00000 0.00000 0.00000 0.00000 0.00000 0.00000
 0.00000 0.00000 0.00000 0.00000 0.00000 0.00000 0.00000 0.00000 0.00000 0.00000
 0.00000 0.00000 0.00000 0.00000 0.00000 0.00000 0.00000 0.00000 0.00000 0.00000
 0.00000 0.00000 0.00000 0.00000 0.00000 0.00000 0.00000 0.00000 0.00000 0.00000
 0.00000 0.00000 0.00000 0.00000 0.00000 0.00000 0.00000 0.00000 0.00000 0.00000
 0.00000 0.00000 0.00000 0.00000 0.00000 0.00000 0.00000 0.00000 0.00000 0.00000
 0.00000 0.00000 0.00000 0.00000 0.00000 0.00000 0.00000 0.00000 0.00000 0.00000
 0.00000 0.00000 0.00000 0.00000 0.00000 0.00000 0.00000 0.00000 0.00000 0.00000
 0.00000 0.00000 0.00000 0.00000 0.00000 0.00000 0.00000 0.00000 0.00000 0.00000
 0.00000 0.00000 0.00000 0.00000 0.00000 0.00000 0.00000 0.00000 0.00000 0.00000
 0.00000 0.00000 0.00000 0.00000 0.00000 0.00000 0.00000 0.00000 0.00000 0.00000
 0.00000 0.00000 0.00000 0.00000 0.00000 0.00000 0.00000 0.00000 0.00000 0.00000
 0.00000 0.00000 0.00000 0.00000 0.00000 0.00000 0.00000 0.00000 0.00000 0.00000
 0.00000 0.00000 0.00000 0.00000 0.00000 0.00000 0.00000 0.00000 0.00000 0.00000
 0.00000 0.00000 0.00000 0.00000 0.00000 0.00000 0.00000 0.00000 0.00000 0.00000
 0.00000 0.00000 0.00000 0.00000 0.00000
 == 17-th k-point orbital energies
 Spin up:
 -0.36537 -0.30987 -0.25609 -0.24154 -0.23125 -0.22805 -0.22653 -0.22450 -0.22067 -0.21537
 -0.21034 -0.20771 -0.20621 -0.20409 -0.20251 -0.19571 -0.18466 -0.18321 -0.17868 -0.17419
 -0.17097 -0.16970 -0.16944 -0.16785 -0.16680 -0.16540 -0.16334 -0.16269 -0.16085 -0.15907
 -0.15802 -0.15744 -0.15697 -0.15389 -0.15243 -0.15203 -0.14381 -0.14157 -0.14043 -0.13853
 -0.13741 -0.13675 -0.13434 -0.13411 -0.13096 -0.12903 -0.12841 -0.12632 -0.12479 -0.12307
 -0.12284 -0.12214 -0.12051 -0.11988 -0.11849 -0.11804 -0.11743 -0.11685 -0.11503 -0.11330
 -0.11241 -0.11184 -0.11054 -0.10258 -0.07778 -0.05976 -0.05748 -0.04673 -0.02207 -0.01785
 0.01661 0.03669 0.03964 0.09838 0.13612 0.14379 0.15378 0.16744 0.16926 0.17723
 0.20517 0.22118 0.22771 0.25902 0.28754 0.31049 0.33241 0.36368 0.37505 0.38255
 0.40356 0.41150 0.42561 0.46177 0.47629 0.48014 0.48943 0.51570 0.51996 0.56107
 0.57212 0.60626 0.61762 0.63546 0.64722 0.66353 0.68486 0.68836 0.70105 0.70327
 0.70715 0.72937 0.74839 0.76150 0.77347 0.78140 0.78370 0.80899 0.81331 0.82104
 0.83007 0.84145 0.86954 0.89353 0.90081 0.90719 0.91985 0.92632 0.93208 0.94260
 0.95497 0.96961 1.02232 1.03978 1.04267 1.04913 1.06578 1.07540 1.08335 1.09491
 1.11713 1.11909 1.13277 1.15216 1.16740 1.18257 1.19091 1.19826 1.20435 1.21409
 1.23206 1.24165 1.24921 1.26007 1.28628 1.31114 1.31753 1.32632 1.32994 1.33730
 1.35650 1.36147 1.36549 1.39584 1.40998 1.41471 1.44287 1.47264 1.49028 1.49545
 1.49857 1.50233 1.51911 1.52909 1.53842 1.55407 1.57160 1.57670 1.59919 1.61107
 1.63644 1.64352 1.66454 1.67451 1.68799 1.70134 1.70682 1.73792 1.75422 1.75896
 1.76306 1.79344 1.82504 1.83103 1.83905 1.85207 1.86146 1.86738 1.86871 1.87697
 1.88054 1.89112 1.89641 1.90012 1.91284 1.92289 1.92746 1.93311 1.95370 1.96405
 1.97028 1.98308 1.99266 2.00496 2.01842 2.04254 2.05233 2.05778 2.06589 2.07463
 2.07989 2.09022 2.10288 2.10557 2.11027 2.11628 2.11875 2.12828 2.13796 2.14657
 2.15257 2.15716 2.17579 2.19095 2.19280 2.21159 2.22075 2.23374 2.24679 2.26207
 2.27260 2.27623 2.29007 2.32970 2.34401 2.35809 2.38571 2.40295 2.41125 2.42120
 2.43384 2.44464 2.46414 2.52408 2.54022 2.57434 2.58153 2.59907 2.60709 2.61547
 2.62645 2.64152 2.73412 2.74328 2.75296 2.76909 2.77906 2.82132 2.83022 2.84570
 2.87868 2.91773 2.93723 2.95844 2.97891 3.11443 3.14554 3.18957 3.20882 3.22535
 3.31147 3.31736 3.34110 3.35001 3.35263 3.36191 3.38079 3.39685 3.40335 3.41138
 3.41989 3.42851 3.43719 3.44376 3.47013 3.50612 3.57866 3.60286 3.84101 3.91654
 3.97154 4.00873 4.06315 4.19296 4.27159
 Occupations: 
 1.00000 1.00000 1.00000 1.00000 1.00000 1.00000 1.00000 1.00000 1.00000 1.00000
 1.00000 1.00000 1.00000 1.00000 1.00000 1.00000 1.00000 1.00000 1.00000 1.00000
 1.00000 1.00000 1.00000 1.00000 1.00000 1.00000 1.00000 1.00000 1.00000 1.00000
 1.00000 1.00000 1.00000 1.00000 1.00000 1.00000 1.00000 1.00000 1.00000 1.00000
 1.00000 1.00000 1.00000 1.00000 1.00000 1.00000 1.00000 1.00000 1.00000 1.00000
 1.00000 1.00000 1.00000 1.00000 1.00000 1.00000 1.00000 1.00000 1.00000 1.00000
 1.00000 1.00000 1.00000 1.00000 1.00000 0.87325 0.41451 0.00002 0.00000 0.00000
 0.00000 0.00000 0.00000 0.00000 0.00000 0.00000 0.00000 0.00000 0.00000 0.00000
 0.00000 0.00000 0.00000 0.00000 0.00000 0.00000 0.00000 0.00000 0.00000 0.00000
 0.00000 0.00000 0.00000 0.00000 0.00000 0.00000 0.00000 0.00000 0.00000 0.00000
 0.00000 0.00000 0.00000 0.00000 0.00000 0.00000 0.00000 0.00000 0.00000 0.00000
 0.00000 0.00000 0.00000 0.00000 0.00000 0.00000 0.00000 0.00000 0.00000 0.00000
 0.00000 0.00000 0.00000 0.00000 0.00000 0.00000 0.00000 0.00000 0.00000 0.00000
 0.00000 0.00000 0.00000 0.00000 0.00000 0.00000 0.00000 0.00000 0.00000 0.00000
 0.00000 0.00000 0.00000 0.00000 0.00000 0.00000 0.00000 0.00000 0.00000 0.00000
 0.00000 0.00000 0.00000 0.00000 0.00000 0.00000 0.00000 0.00000 0.00000 0.00000
 0.00000 0.00000 0.00000 0.00000 0.00000 0.00000 0.00000 0.00000 0.00000 0.00000
 0.00000 0.00000 0.00000 0.00000 0.00000 0.00000 0.00000 0.00000 0.00000 0.00000
 0.00000 0.00000 0.00000 0.00000 0.00000 0.00000 0.00000 0.00000 0.00000 0.00000
 0.00000 0.00000 0.00000 0.00000 0.00000 0.00000 0.00000 0.00000 0.00000 0.00000
 0.00000 0.00000 0.00000 0.00000 0.00000 0.00000 0.00000 0.00000 0.00000 0.00000
 0.00000 0.00000 0.00000 0.00000 0.00000 0.00000 0.00000 0.00000 0.00000 0.00000
 0.00000 0.00000 0.00000 0.00000 0.00000 0.00000 0.00000 0.00000 0.00000 0.00000
 0.00000 0.00000 0.00000 0.00000 0.00000 0.00000 0.00000 0.00000 0.00000 0.00000
 0.00000 0.00000 0.00000 0.00000 0.00000 0.00000 0.00000 0.00000 0.00000 0.00000
 0.00000 0.00000 0.00000 0.00000 0.00000 0.00000 0.00000 0.00000 0.00000 0.00000
 0.00000 0.00000 0.00000 0.00000 0.00000 0.00000 0.00000 0.00000 0.00000 0.00000
 0.00000 0.00000 0.00000 0.00000 0.00000 0.00000 0.00000 0.00000 0.00000 0.00000
 0.00000 0.00000 0.00000 0.00000 0.00000 0.00000 0.00000 0.00000 0.00000 0.00000
 0.00000 0.00000 0.00000 0.00000 0.00000 0.00000 0.00000 0.00000 0.00000 0.00000
 0.00000 0.00000 0.00000 0.00000 0.00000
 Spin down:
 -0.36537 -0.30987 -0.25609 -0.24154 -0.23125 -0.22805 -0.22653 -0.22450 -0.22067 -0.21537
 -0.21034 -0.20771 -0.20621 -0.20409 -0.20251 -0.19571 -0.18466 -0.18321 -0.17868 -0.17419
 -0.17097 -0.16970 -0.16944 -0.16785 -0.16680 -0.16540 -0.16334 -0.16269 -0.16085 -0.15907
 -0.15802 -0.15744 -0.15697 -0.15389 -0.15243 -0.15203 -0.14381 -0.14157 -0.14043 -0.13853
 -0.13741 -0.13675 -0.13434 -0.13411 -0.13096 -0.12903 -0.12841 -0.12632 -0.12479 -0.12307
 -0.12284 -0.12214 -0.12051 -0.11988 -0.11849 -0.11804 -0.11743 -0.11685 -0.11503 -0.11330
 -0.11241 -0.11184 -0.11054 -0.10258 -0.07778 -0.05976 -0.05748 -0.04673 -0.02207 -0.01785
 0.01661 0.03669 0.03964 0.09838 0.13612 0.14379 0.15378 0.16744 0.16926 0.17723
 0.20517 0.22118 0.22771 0.25902 0.28754 0.31049 0.33241 0.36368 0.37505 0.38255
 0.40356 0.41150 0.42561 0.46177 0.47629 0.48014 0.48943 0.51570 0.51996 0.56107
 0.57212 0.60626 0.61762 0.63546 0.64722 0.66353 0.68486 0.68836 0.70105 0.70327
 0.70715 0.72937 0.74839 0.76150 0.77347 0.78140 0.78370 0.80899 0.81331 0.82104
 0.83007 0.84145 0.86954 0.89353 0.90081 0.90719 0.91985 0.92632 0.93208 0.94260
 0.95497 0.96961 1.02232 1.03978 1.04267 1.04913 1.06578 1.07540 1.08335 1.09491
 1.11713 1.11909 1.13277 1.15216 1.16740 1.18257 1.19091 1.19826 1.20435 1.21409
 1.23206 1.24165 1.24921 1.26007 1.28628 1.31114 1.31753 1.32632 1.32994 1.33730
 1.35650 1.36147 1.36549 1.39584 1.40998 1.41471 1.44287 1.47264 1.49028 1.49545
 1.49857 1.50233 1.51911 1.52909 1.53842 1.55407 1.57160 1.57670 1.59919 1.61107
 1.63644 1.64352 1.66454 1.67451 1.68799 1.70134 1.70682 1.73792 1.75422 1.75896
 1.76306 1.79344 1.82504 1.83103 1.83905 1.85207 1.86146 1.86738 1.86871 1.87697
 1.88054 1.89112 1.89641 1.90012 1.91284 1.92289 1.92746 1.93311 1.95370 1.96405
 1.97028 1.98308 1.99266 2.00496 2.01842 2.04254 2.05233 2.05778 2.06589 2.07463
 2.07989 2.09022 2.10288 2.10557 2.11027 2.11628 2.11875 2.12828 2.13796 2.14657
 2.15257 2.15716 2.17579 2.19095 2.19280 2.21159 2.22075 2.23374 2.24679 2.26207
 2.27260 2.27623 2.29007 2.32970 2.34401 2.35809 2.38571 2.40295 2.41125 2.42120
 2.43384 2.44464 2.46414 2.52408 2.54022 2.57434 2.58153 2.59907 2.60709 2.61547
 2.62645 2.64152 2.73412 2.74328 2.75296 2.76909 2.77906 2.82132 2.83022 2.84570
 2.87868 2.91773 2.93723 2.95844 2.97891 3.11443 3.14554 3.18957 3.20882 3.22535
 3.31147 3.31736 3.34110 3.35001 3.35263 3.36191 3.38079 3.39685 3.40335 3.41138
 3.41989 3.42851 3.43719 3.44376 3.47013 3.50612 3.57866 3.60286 3.84101 3.91654
 3.97154 4.00873 4.06315 4.19296 4.27159
 Occupations:
 1.00000 1.00000 1.00000 1.00000 1.00000 1.00000 1.00000 1.00000 1.00000 1.00000
 1.00000 1.00000 1.00000 1.00000 1.00000 1.00000 1.00000 1.00000 1.00000 1.00000
 1.00000 1.00000 1.00000 1.00000 1.00000 1.00000 1.00000 1.00000 1.00000 1.00000
 1.00000 1.00000 1.00000 1.00000 1.00000 1.00000 1.00000 1.00000 1.00000 1.00000
 1.00000 1.00000 1.00000 1.00000 1.00000 1.00000 1.00000 1.00000 1.00000 1.00000
 1.00000 1.00000 1.00000 1.00000 1.00000 1.00000 1.00000 1.00000 1.00000 1.00000
 1.00000 1.00000 1.00000 1.00000 1.00000 0.87325 0.41452 0.00002 0.00000 0.00000
 0.00000 0.00000 0.00000 0.00000 0.00000 0.00000 0.00000 0.00000 0.00000 0.00000
 0.00000 0.00000 0.00000 0.00000 0.00000 0.00000 0.00000 0.00000 0.00000 0.00000
 0.00000 0.00000 0.00000 0.00000 0.00000 0.00000 0.00000 0.00000 0.00000 0.00000
 0.00000 0.00000 0.00000 0.00000 0.00000 0.00000 0.00000 0.00000 0.00000 0.00000
 0.00000 0.00000 0.00000 0.00000 0.00000 0.00000 0.00000 0.00000 0.00000 0.00000
 0.00000 0.00000 0.00000 0.00000 0.00000 0.00000 0.00000 0.00000 0.00000 0.00000
 0.00000 0.00000 0.00000 0.00000 0.00000 0.00000 0.00000 0.00000 0.00000 0.00000
 0.00000 0.00000 0.00000 0.00000 0.00000 0.00000 0.00000 0.00000 0.00000 0.00000
 0.00000 0.00000 0.00000 0.00000 0.00000 0.00000 0.00000 0.00000 0.00000 0.00000
 0.00000 0.00000 0.00000 0.00000 0.00000 0.00000 0.00000 0.00000 0.00000 0.00000
 0.00000 0.00000 0.00000 0.00000 0.00000 0.00000 0.00000 0.00000 0.00000 0.00000
 0.00000 0.00000 0.00000 0.00000 0.00000 0.00000 0.00000 0.00000 0.00000 0.00000
 0.00000 0.00000 0.00000 0.00000 0.00000 0.00000 0.00000 0.00000 0.00000 0.00000
 0.00000 0.00000 0.00000 0.00000 0.00000 0.00000 0.00000 0.00000 0.00000 0.00000
 0.00000 0.00000 0.00000 0.00000 0.00000 0.00000 0.00000 0.00000 0.00000 0.00000
 0.00000 0.00000 0.00000 0.00000 0.00000 0.00000 0.00000 0.00000 0.00000 0.00000
 0.00000 0.00000 0.00000 0.00000 0.00000 0.00000 0.00000 0.00000 0.00000 0.00000
 0.00000 0.00000 0.00000 0.00000 0.00000 0.00000 0.00000 0.00000 0.00000 0.00000
 0.00000 0.00000 0.00000 0.00000 0.00000 0.00000 0.00000 0.00000 0.00000 0.00000
 0.00000 0.00000 0.00000 0.00000 0.00000 0.00000 0.00000 0.00000 0.00000 0.00000
 0.00000 0.00000 0.00000 0.00000 0.00000 0.00000 0.00000 0.00000 0.00000 0.00000
 0.00000 0.00000 0.00000 0.00000 0.00000 0.00000 0.00000 0.00000 0.00000 0.00000
 0.00000 0.00000 0.00000 0.00000 0.00000 0.00000 0.00000 0.00000 0.00000 0.00000
 0.00000 0.00000 0.00000 0.00000 0.00000
 == 18-th k-point orbital energies
 Spin up:
 -0.36537 -0.30986 -0.25608 -0.24154 -0.23125 -0.22803 -0.22654 -0.22452 -0.22066 -0.21536
 -0.21034 -0.20773 -0.20624 -0.20406 -0.20249 -0.19572 -0.18466 -0.18321 -0.17868 -0.17419
 -0.17099 -0.16969 -0.16943 -0.16784 -0.16680 -0.16540 -0.16335 -0.16269 -0.16084 -0.15908
 -0.15802 -0.15743 -0.15695 -0.15389 -0.15244 -0.15204 -0.14381 -0.14156 -0.14044 -0.13852
 -0.13741 -0.13675 -0.13434 -0.13411 -0.13094 -0.12902 -0.12841 -0.12632 -0.12480 -0.12307
 -0.12284 -0.12215 -0.12054 -0.11986 -0.11853 -0.11799 -0.11746 -0.11681 -0.11510 -0.11322
 -0.11242 -0.11185 -0.11057 -0.10259 -0.07777 -0.05975 -0.05748 -0.04673 -0.02207 -0.01785
 0.01661 0.03669 0.03963 0.09838 0.13612 0.14379 0.15378 0.16745 0.16925 0.17723
 0.20516 0.22118 0.22771 0.25902 0.28754 0.31049 0.33242 0.36368 0.37505 0.38255
 0.40355 0.41150 0.42562 0.46178 0.47629 0.48014 0.48944 0.51570 0.51996 0.56107
 0.57212 0.60626 0.61762 0.63546 0.64722 0.66353 0.68486 0.68836 0.70106 0.70328
 0.70715 0.72937 0.74839 0.76150 0.77346 0.78140 0.78370 0.80899 0.81331 0.82103
 0.83007 0.84145 0.86955 0.89353 0.90081 0.90718 0.91985 0.92632 0.93208 0.94259
 0.95497 0.96961 1.02232 1.03978 1.04267 1.04913 1.06578 1.07540 1.08335 1.09491
 1.11713 1.11909 1.13277 1.15216 1.16740 1.18257 1.19091 1.19825 1.20435 1.21408
 1.23206 1.24165 1.24921 1.26007 1.28628 1.31114 1.31753 1.32632 1.32994 1.33730
 1.35651 1.36147 1.36549 1.39584 1.40998 1.41471 1.44287 1.47264 1.49028 1.49546
 1.49857 1.50233 1.51911 1.52909 1.53842 1.55407 1.57160 1.57670 1.59919 1.61107
 1.63644 1.64352 1.66454 1.67451 1.68799 1.70134 1.70682 1.73792 1.75421 1.75896
 1.76305 1.79344 1.82504 1.83103 1.83905 1.85207 1.86147 1.86738 1.86872 1.87697
 1.88053 1.89112 1.89642 1.90012 1.91284 1.92289 1.92747 1.93311 1.95370 1.96405
 1.97028 1.98309 1.99266 2.00495 2.01842 2.04254 2.05232 2.05778 2.06589 2.07463
 2.07989 2.09022 2.10288 2.10557 2.11027 2.11628 2.11875 2.12828 2.13797 2.14657
 2.15257 2.15715 2.17579 2.19095 2.19281 2.21160 2.22075 2.23373 2.24679 2.26207
 2.27260 2.27623 2.29007 2.32970 2.34401 2.35810 2.38571 2.40296 2.41125 2.42119
 2.43385 2.44464 2.46414 2.52409 2.54023 2.57434 2.58153 2.59907 2.60709 2.61547
 2.62644 2.64153 2.73412 2.74328 2.75297 2.76909 2.77906 2.82131 2.83022 2.84571
 2.87868 2.91772 2.93724 2.95846 2.97887 3.11444 3.14556 3.18956 3.20879 3.22536
 3.31148 3.31736 3.34110 3.35000 3.35265 3.36186 3.38081 3.39681 3.40340 3.41137
 3.41988 3.42851 3.43719 3.44374 3.47017 3.50612 3.57866 3.60286 3.84100 3.91650
 3.97154 4.00873 4.06318 4.19293 4.27160
 Occupations: 
 1.00000 1.00000 1.00000 1.00000 1.00000 1.00000 1.00000 1.00000 1.00000 1.00000
 1.00000 1.00000 1.00000 1.00000 1.00000 1.00000 1.00000 1.00000 1.00000 1.00000
 1.00000 1.00000 1.00000 1.00000 1.00000 1.00000 1.00000 1.00000 1.00000 1.00000
 1.00000 1.00000 1.00000 1.00000 1.00000 1.00000 1.00000 1.00000 1.00000 1.00000
 1.00000 1.00000 1.00000 1.00000 1.00000 1.00000 1.00000 1.00000 1.00000 1.00000
 1.00000 1.00000 1.00000 1.00000 1.00000 1.00000 1.00000 1.00000 1.00000 1.00000
 1.00000 1.00000 1.00000 1.00000 1.00000 0.87220 0.41412 0.00002 0.00000 0.00000
 0.00000 0.00000 0.00000 0.00000 0.00000 0.00000 0.00000 0.00000 0.00000 0.00000
 0.00000 0.00000 0.00000 0.00000 0.00000 0.00000 0.00000 0.00000 0.00000 0.00000
 0.00000 0.00000 0.00000 0.00000 0.00000 0.00000 0.00000 0.00000 0.00000 0.00000
 0.00000 0.00000 0.00000 0.00000 0.00000 0.00000 0.00000 0.00000 0.00000 0.00000
 0.00000 0.00000 0.00000 0.00000 0.00000 0.00000 0.00000 0.00000 0.00000 0.00000
 0.00000 0.00000 0.00000 0.00000 0.00000 0.00000 0.00000 0.00000 0.00000 0.00000
 0.00000 0.00000 0.00000 0.00000 0.00000 0.00000 0.00000 0.00000 0.00000 0.00000
 0.00000 0.00000 0.00000 0.00000 0.00000 0.00000 0.00000 0.00000 0.00000 0.00000
 0.00000 0.00000 0.00000 0.00000 0.00000 0.00000 0.00000 0.00000 0.00000 0.00000
 0.00000 0.00000 0.00000 0.00000 0.00000 0.00000 0.00000 0.00000 0.00000 0.00000
 0.00000 0.00000 0.00000 0.00000 0.00000 0.00000 0.00000 0.00000 0.00000 0.00000
 0.00000 0.00000 0.00000 0.00000 0.00000 0.00000 0.00000 0.00000 0.00000 0.00000
 0.00000 0.00000 0.00000 0.00000 0.00000 0.00000 0.00000 0.00000 0.00000 0.00000
 0.00000 0.00000 0.00000 0.00000 0.00000 0.00000 0.00000 0.00000 0.00000 0.00000
 0.00000 0.00000 0.00000 0.00000 0.00000 0.00000 0.00000 0.00000 0.00000 0.00000
 0.00000 0.00000 0.00000 0.00000 0.00000 0.00000 0.00000 0.00000 0.00000 0.00000
 0.00000 0.00000 0.00000 0.00000 0.00000 0.00000 0.00000 0.00000 0.00000 0.00000
 0.00000 0.00000 0.00000 0.00000 0.00000 0.00000 0.00000 0.00000 0.00000 0.00000
 0.00000 0.00000 0.00000 0.00000 0.00000 0.00000 0.00000 0.00000 0.00000 0.00000
 0.00000 0.00000 0.00000 0.00000 0.00000 0.00000 0.00000 0.00000 0.00000 0.00000
 0.00000 0.00000 0.00000 0.00000 0.00000 0.00000 0.00000 0.00000 0.00000 0.00000
 0.00000 0.00000 0.00000 0.00000 0.00000 0.00000 0.00000 0.00000 0.00000 0.00000
 0.00000 0.00000 0.00000 0.00000 0.00000 0.00000 0.00000 0.00000 0.00000 0.00000
 0.00000 0.00000 0.00000 0.00000 0.00000
 Spin down:
 -0.36537 -0.30986 -0.25608 -0.24154 -0.23125 -0.22803 -0.22654 -0.22452 -0.22066 -0.21536
 -0.21034 -0.20773 -0.20624 -0.20406 -0.20249 -0.19572 -0.18466 -0.18321 -0.17868 -0.17419
 -0.17099 -0.16969 -0.16943 -0.16784 -0.16680 -0.16540 -0.16335 -0.16269 -0.16084 -0.15908
 -0.15802 -0.15743 -0.15695 -0.15389 -0.15244 -0.15204 -0.14381 -0.14156 -0.14044 -0.13852
 -0.13741 -0.13675 -0.13434 -0.13411 -0.13094 -0.12902 -0.12841 -0.12632 -0.12480 -0.12307
 -0.12284 -0.12215 -0.12054 -0.11986 -0.11853 -0.11799 -0.11746 -0.11681 -0.11510 -0.11322
 -0.11242 -0.11185 -0.11057 -0.10259 -0.07777 -0.05975 -0.05748 -0.04673 -0.02207 -0.01785
 0.01661 0.03669 0.03963 0.09838 0.13612 0.14379 0.15378 0.16745 0.16925 0.17723
 0.20516 0.22118 0.22771 0.25902 0.28754 0.31049 0.33242 0.36368 0.37505 0.38255
 0.40355 0.41150 0.42562 0.46178 0.47629 0.48014 0.48944 0.51570 0.51996 0.56107
 0.57212 0.60626 0.61762 0.63546 0.64722 0.66353 0.68486 0.68836 0.70106 0.70328
 0.70715 0.72937 0.74839 0.76150 0.77346 0.78140 0.78370 0.80899 0.81331 0.82103
 0.83007 0.84145 0.86955 0.89353 0.90081 0.90718 0.91985 0.92632 0.93208 0.94259
 0.95497 0.96961 1.02232 1.03978 1.04267 1.04913 1.06578 1.07540 1.08335 1.09491
 1.11713 1.11909 1.13277 1.15216 1.16740 1.18257 1.19091 1.19825 1.20435 1.21408
 1.23206 1.24165 1.24921 1.26007 1.28628 1.31114 1.31753 1.32632 1.32994 1.33730
 1.35651 1.36147 1.36549 1.39584 1.40998 1.41471 1.44287 1.47264 1.49028 1.49546
 1.49857 1.50233 1.51911 1.52909 1.53842 1.55407 1.57160 1.57670 1.59919 1.61107
 1.63644 1.64352 1.66454 1.67451 1.68799 1.70134 1.70682 1.73792 1.75421 1.75896
 1.76305 1.79344 1.82504 1.83103 1.83905 1.85207 1.86147 1.86738 1.86872 1.87697
 1.88053 1.89112 1.89642 1.90012 1.91284 1.92289 1.92747 1.93311 1.95370 1.96405
 1.97028 1.98309 1.99266 2.00495 2.01842 2.04254 2.05232 2.05778 2.06589 2.07463
 2.07989 2.09022 2.10288 2.10557 2.11027 2.11628 2.11875 2.12828 2.13797 2.14657
 2.15257 2.15715 2.17579 2.19095 2.19281 2.21160 2.22075 2.23373 2.24679 2.26207
 2.27260 2.27623 2.29007 2.32970 2.34401 2.35810 2.38571 2.40296 2.41125 2.42119
 2.43385 2.44464 2.46414 2.52409 2.54023 2.57434 2.58153 2.59907 2.60709 2.61547
 2.62644 2.64153 2.73412 2.74328 2.75297 2.76909 2.77906 2.82131 2.83022 2.84571
 2.87868 2.91772 2.93724 2.95846 2.97887 3.11444 3.14556 3.18956 3.20879 3.22536
 3.31148 3.31736 3.34110 3.35000 3.35265 3.36186 3.38081 3.39681 3.40340 3.41137
 3.41988 3.42851 3.43719 3.44374 3.47017 3.50612 3.57866 3.60286 3.84100 3.91650
 3.97154 4.00873 4.06318 4.19293 4.27160
 Occupations:
 1.00000 1.00000 1.00000 1.00000 1.00000 1.00000 1.00000 1.00000 1.00000 1.00000
 1.00000 1.00000 1.00000 1.00000 1.00000 1.00000 1.00000 1.00000 1.00000 1.00000
 1.00000 1.00000 1.00000 1.00000 1.00000 1.00000 1.00000 1.00000 1.00000 1.00000
 1.00000 1.00000 1.00000 1.00000 1.00000 1.00000 1.00000 1.00000 1.00000 1.00000
 1.00000 1.00000 1.00000 1.00000 1.00000 1.00000 1.00000 1.00000 1.00000 1.00000
 1.00000 1.00000 1.00000 1.00000 1.00000 1.00000 1.00000 1.00000 1.00000 1.00000
 1.00000 1.00000 1.00000 1.00000 1.00000 0.87220 0.41414 0.00002 0.00000 0.00000
 0.00000 0.00000 0.00000 0.00000 0.00000 0.00000 0.00000 0.00000 0.00000 0.00000
 0.00000 0.00000 0.00000 0.00000 0.00000 0.00000 0.00000 0.00000 0.00000 0.00000
 0.00000 0.00000 0.00000 0.00000 0.00000 0.00000 0.00000 0.00000 0.00000 0.00000
 0.00000 0.00000 0.00000 0.00000 0.00000 0.00000 0.00000 0.00000 0.00000 0.00000
 0.00000 0.00000 0.00000 0.00000 0.00000 0.00000 0.00000 0.00000 0.00000 0.00000
 0.00000 0.00000 0.00000 0.00000 0.00000 0.00000 0.00000 0.00000 0.00000 0.00000
 0.00000 0.00000 0.00000 0.00000 0.00000 0.00000 0.00000 0.00000 0.00000 0.00000
 0.00000 0.00000 0.00000 0.00000 0.00000 0.00000 0.00000 0.00000 0.00000 0.00000
 0.00000 0.00000 0.00000 0.00000 0.00000 0.00000 0.00000 0.00000 0.00000 0.00000
 0.00000 0.00000 0.00000 0.00000 0.00000 0.00000 0.00000 0.00000 0.00000 0.00000
 0.00000 0.00000 0.00000 0.00000 0.00000 0.00000 0.00000 0.00000 0.00000 0.00000
 0.00000 0.00000 0.00000 0.00000 0.00000 0.00000 0.00000 0.00000 0.00000 0.00000
 0.00000 0.00000 0.00000 0.00000 0.00000 0.00000 0.00000 0.00000 0.00000 0.00000
 0.00000 0.00000 0.00000 0.00000 0.00000 0.00000 0.00000 0.00000 0.00000 0.00000
 0.00000 0.00000 0.00000 0.00000 0.00000 0.00000 0.00000 0.00000 0.00000 0.00000
 0.00000 0.00000 0.00000 0.00000 0.00000 0.00000 0.00000 0.00000 0.00000 0.00000
 0.00000 0.00000 0.00000 0.00000 0.00000 0.00000 0.00000 0.00000 0.00000 0.00000
 0.00000 0.00000 0.00000 0.00000 0.00000 0.00000 0.00000 0.00000 0.00000 0.00000
 0.00000 0.00000 0.00000 0.00000 0.00000 0.00000 0.00000 0.00000 0.00000 0.00000
 0.00000 0.00000 0.00000 0.00000 0.00000 0.00000 0.00000 0.00000 0.00000 0.00000
 0.00000 0.00000 0.00000 0.00000 0.00000 0.00000 0.00000 0.00000 0.00000 0.00000
 0.00000 0.00000 0.00000 0.00000 0.00000 0.00000 0.00000 0.00000 0.00000 0.00000
 0.00000 0.00000 0.00000 0.00000 0.00000 0.00000 0.00000 0.00000 0.00000 0.00000
 0.00000 0.00000 0.00000 0.00000 0.00000
 == 19-th k-point orbital energies
 Spin up:
 -0.34373 -0.29610 -0.25513 -0.25129 -0.24248 -0.22283 -0.22231 -0.21511 -0.21192 -0.21090
 -0.20453 -0.20336 -0.20124 -0.19606 -0.19424 -0.19084 -0.18430 -0.18291 -0.18173 -0.18032
 -0.17599 -0.17498 -0.17229 -0.17114 -0.16853 -0.16635 -0.16373 -0.16326 -0.16232 -0.16114
 -0.16008 -0.15792 -0.15636 -0.15510 -0.15470 -0.15124 -0.15002 -0.14825 -0.14738 -0.14633
 -0.14451 -0.14370 -0.14249 -0.14107 -0.13907 -0.13709 -0.13606 -0.13386 -0.13307 -0.13220
 -0.12953 -0.12723 -0.12605 -0.12394 -0.12239 -0.12049 -0.11935 -0.11845 -0.11809 -0.11691
 -0.11632 -0.11477 -0.10706 -0.10501 -0.09627 -0.08123 -0.07720 -0.02727 0.00692 0.01038
 0.01321 0.03112 0.05634 0.10939 0.13579 0.14051 0.18070 0.19413 0.20250 0.21914
 0.22061 0.25389 0.27830 0.28204 0.29759 0.31108 0.33755 0.35017 0.35966 0.38048
 0.40263 0.41076 0.42646 0.43795 0.45265 0.50235 0.50427 0.50962 0.51446 0.53782
 0.55501 0.56426 0.57195 0.58061 0.59569 0.61120 0.63243 0.65118 0.65526 0.67153
 0.68591 0.72155 0.72985 0.74094 0.76339 0.78501 0.80705 0.81302 0.82548 0.82924
 0.83765 0.84509 0.88125 0.88463 0.90934 0.91789 0.92236 0.92514 0.94550 0.98032
 0.98327 1.00044 1.01118 1.03111 1.04380 1.05315 1.07004 1.08146 1.10972 1.11533
 1.13076 1.14055 1.16123 1.17012 1.17784 1.18375 1.19993 1.21841 1.23426 1.24502
 1.25184 1.26154 1.27113 1.29328 1.30139 1.31143 1.31830 1.32519 1.33824 1.35205
 1.37680 1.38504 1.39012 1.40519 1.40999 1.42521 1.43915 1.45079 1.45465 1.45935
 1.47032 1.47749 1.48396 1.49123 1.50448 1.53139 1.54077 1.57786 1.59505 1.60388
 1.62268 1.63427 1.64783 1.65862 1.66246 1.66781 1.69775 1.70188 1.70651 1.70931
 1.71880 1.72598 1.74621 1.74839 1.75605 1.76541 1.77388 1.80369 1.80911 1.81270
 1.82008 1.83574 1.84187 1.84387 1.86233 1.86964 1.88302 1.89184 1.92221 1.92595
 1.93483 1.95809 1.95969 1.96606 1.98554 1.99168 2.00007 2.01356 2.01739 2.02769
 2.03930 2.04593 2.06526 2.08764 2.10212 2.11558 2.11906 2.12890 2.14209 2.15577
 2.15740 2.17072 2.17684 2.20253 2.21039 2.21305 2.21689 2.22251 2.23422 2.24777
 2.25733 2.26590 2.27829 2.29835 2.32030 2.32935 2.34594 2.36439 2.37467 2.38466
 2.38719 2.41386 2.44357 2.46084 2.47049 2.49015 2.51164 2.54018 2.59359 2.60602
 2.61654 2.65706 2.69498 2.70261 2.71693 2.73628 2.75003 2.80293 2.83952 2.85264
 2.89710 2.91824 2.94797 2.97389 2.98268 3.07947 3.19121 3.25442 3.26028 3.27134
 3.30011 3.31294 3.31945 3.33232 3.35232 3.36279 3.36428 3.36798 3.37573 3.38013
 3.38827 3.40231 3.44175 3.47304 3.49733 3.59433 3.66388 3.67809 3.72533 3.90333
 3.95438 4.03701 4.25967 4.26237 4.29848
 Occupations: 
 1.00000 1.00000 1.00000 1.00000 1.00000 1.00000 1.00000 1.00000 1.00000 1.00000
 1.00000 1.00000 1.00000 1.00000 1.00000 1.00000 1.00000 1.00000 1.00000 1.00000
 1.00000 1.00000 1.00000 1.00000 1.00000 1.00000 1.00000 1.00000 1.00000 1.00000
 1.00000 1.00000 1.00000 1.00000 1.00000 1.00000 1.00000 1.00000 1.00000 1.00000
 1.00000 1.00000 1.00000 1.00000 1.00000 1.00000 1.00000 1.00000 1.00000 1.00000
 1.00000 1.00000 1.00000 1.00000 1.00000 1.00000 1.00000 1.00000 1.00000 1.00000
 1.00000 1.00000 1.00000 1.00000 1.00000 1.00000 1.00000 0.00000 0.00000 0.00000
 0.00000 0.00000 0.00000 0.00000 0.00000 0.00000 0.00000 0.00000 0.00000 0.00000
 0.00000 0.00000 0.00000 0.00000 0.00000 0.00000 0.00000 0.00000 0.00000 0.00000
 0.00000 0.00000 0.00000 0.00000 0.00000 0.00000 0.00000 0.00000 0.00000 0.00000
 0.00000 0.00000 0.00000 0.00000 0.00000 0.00000 0.00000 0.00000 0.00000 0.00000
 0.00000 0.00000 0.00000 0.00000 0.00000 0.00000 0.00000 0.00000 0.00000 0.00000
 0.00000 0.00000 0.00000 0.00000 0.00000 0.00000 0.00000 0.00000 0.00000 0.00000
 0.00000 0.00000 0.00000 0.00000 0.00000 0.00000 0.00000 0.00000 0.00000 0.00000
 0.00000 0.00000 0.00000 0.00000 0.00000 0.00000 0.00000 0.00000 0.00000 0.00000
 0.00000 0.00000 0.00000 0.00000 0.00000 0.00000 0.00000 0.00000 0.00000 0.00000
 0.00000 0.00000 0.00000 0.00000 0.00000 0.00000 0.00000 0.00000 0.00000 0.00000
 0.00000 0.00000 0.00000 0.00000 0.00000 0.00000 0.00000 0.00000 0.00000 0.00000
 0.00000 0.00000 0.00000 0.00000 0.00000 0.00000 0.00000 0.00000 0.00000 0.00000
 0.00000 0.00000 0.00000 0.00000 0.00000 0.00000 0.00000 0.00000 0.00000 0.00000
 0.00000 0.00000 0.00000 0.00000 0.00000 0.00000 0.00000 0.00000 0.00000 0.00000
 0.00000 0.00000 0.00000 0.00000 0.00000 0.00000 0.00000 0.00000 0.00000 0.00000
 0.00000 0.00000 0.00000 0.00000 0.00000 0.00000 0.00000 0.00000 0.00000 0.00000
 0.00000 0.00000 0.00000 0.00000 0.00000 0.00000 0.00000 0.00000 0.00000 0.00000
 0.00000 0.00000 0.00000 0.00000 0.00000 0.00000 0.00000 0.00000 0.00000 0.00000
 0.00000 0.00000 0.00000 0.00000 0.00000 0.00000 0.00000 0.00000 0.00000 0.00000
 0.00000 0.00000 0.00000 0.00000 0.00000 0.00000 0.00000 0.00000 0.00000 0.00000
 0.00000 0.00000 0.00000 0.00000 0.00000 0.00000 0.00000 0.00000 0.00000 0.00000
 0.00000 0.00000 0.00000 0.00000 0.00000 0.00000 0.00000 0.00000 0.00000 0.00000
 0.00000 0.00000 0.00000 0.00000 0.00000 0.00000 0.00000 0.00000 0.00000 0.00000
 0.00000 0.00000 0.00000 0.00000 0.00000
 Spin down:
 -0.34373 -0.29610 -0.25513 -0.25129 -0.24248 -0.22283 -0.22231 -0.21511 -0.21192 -0.21090
 -0.20453 -0.20336 -0.20124 -0.19606 -0.19424 -0.19084 -0.18430 -0.18291 -0.18173 -0.18032
 -0.17599 -0.17498 -0.17229 -0.17114 -0.16853 -0.16635 -0.16373 -0.16326 -0.16232 -0.16114
 -0.16008 -0.15792 -0.15636 -0.15510 -0.15470 -0.15124 -0.15002 -0.14825 -0.14738 -0.14633
 -0.14451 -0.14370 -0.14249 -0.14107 -0.13907 -0.13709 -0.13606 -0.13386 -0.13307 -0.13220
 -0.12953 -0.12723 -0.12605 -0.12394 -0.12239 -0.12049 -0.11935 -0.11845 -0.11809 -0.11691
 -0.11632 -0.11477 -0.10706 -0.10501 -0.09627 -0.08123 -0.07720 -0.02727 0.00692 0.01038
 0.01321 0.03112 0.05634 0.10939 0.13579 0.14051 0.18070 0.19413 0.20250 0.21914
 0.22061 0.25389 0.27830 0.28204 0.29759 0.31108 0.33755 0.35017 0.35966 0.38048
 0.40263 0.41076 0.42646 0.43795 0.45265 0.50235 0.50427 0.50962 0.51446 0.53782
 0.55501 0.56426 0.57195 0.58061 0.59569 0.61120 0.63243 0.65118 0.65526 0.67153
 0.68591 0.72155 0.72985 0.74094 0.76339 0.78501 0.80705 0.81302 0.82548 0.82924
 0.83765 0.84509 0.88125 0.88463 0.90934 0.91789 0.92236 0.92514 0.94550 0.98032
 0.98327 1.00044 1.01118 1.03111 1.04380 1.05315 1.07004 1.08146 1.10972 1.11533
 1.13076 1.14055 1.16123 1.17012 1.17784 1.18375 1.19993 1.21841 1.23426 1.24502
 1.25184 1.26154 1.27113 1.29328 1.30139 1.31143 1.31830 1.32519 1.33824 1.35205
 1.37680 1.38504 1.39012 1.40519 1.40999 1.42521 1.43915 1.45079 1.45465 1.45935
 1.47032 1.47749 1.48396 1.49123 1.50448 1.53139 1.54077 1.57786 1.59505 1.60388
 1.62268 1.63427 1.64783 1.65862 1.66246 1.66781 1.69775 1.70188 1.70651 1.70931
 1.71880 1.72598 1.74621 1.74839 1.75605 1.76541 1.77388 1.80369 1.80911 1.81270
 1.82008 1.83574 1.84187 1.84387 1.86233 1.86964 1.88302 1.89184 1.92221 1.92595
 1.93483 1.95809 1.95969 1.96606 1.98554 1.99168 2.00007 2.01356 2.01739 2.02769
 2.03930 2.04593 2.06526 2.08764 2.10212 2.11558 2.11906 2.12890 2.14209 2.15577
 2.15740 2.17072 2.17684 2.20253 2.21039 2.21305 2.21689 2.22251 2.23422 2.24777
 2.25733 2.26590 2.27829 2.29835 2.32030 2.32935 2.34594 2.36439 2.37467 2.38466
 2.38719 2.41386 2.44357 2.46084 2.47049 2.49015 2.51164 2.54018 2.59359 2.60602
 2.61654 2.65706 2.69498 2.70261 2.71693 2.73628 2.75003 2.80293 2.83952 2.85264
 2.89710 2.91824 2.94797 2.97389 2.98268 3.07947 3.19121 3.25442 3.26028 3.27134
 3.30011 3.31294 3.31945 3.33232 3.35232 3.36279 3.36428 3.36798 3.37573 3.38013
 3.38827 3.40231 3.44175 3.47304 3.49733 3.59433 3.66388 3.67809 3.72533 3.90333
 3.95438 4.03701 4.25967 4.26237 4.29848
 Occupations:
 1.00000 1.00000 1.00000 1.00000 1.00000 1.00000 1.00000 1.00000 1.00000 1.00000
 1.00000 1.00000 1.00000 1.00000 1.00000 1.00000 1.00000 1.00000 1.00000 1.00000
 1.00000 1.00000 1.00000 1.00000 1.00000 1.00000 1.00000 1.00000 1.00000 1.00000
 1.00000 1.00000 1.00000 1.00000 1.00000 1.00000 1.00000 1.00000 1.00000 1.00000
 1.00000 1.00000 1.00000 1.00000 1.00000 1.00000 1.00000 1.00000 1.00000 1.00000
 1.00000 1.00000 1.00000 1.00000 1.00000 1.00000 1.00000 1.00000 1.00000 1.00000
 1.00000 1.00000 1.00000 1.00000 1.00000 1.00000 1.00000 0.00000 0.00000 0.00000
 0.00000 0.00000 0.00000 0.00000 0.00000 0.00000 0.00000 0.00000 0.00000 0.00000
 0.00000 0.00000 0.00000 0.00000 0.00000 0.00000 0.00000 0.00000 0.00000 0.00000
 0.00000 0.00000 0.00000 0.00000 0.00000 0.00000 0.00000 0.00000 0.00000 0.00000
 0.00000 0.00000 0.00000 0.00000 0.00000 0.00000 0.00000 0.00000 0.00000 0.00000
 0.00000 0.00000 0.00000 0.00000 0.00000 0.00000 0.00000 0.00000 0.00000 0.00000
 0.00000 0.00000 0.00000 0.00000 0.00000 0.00000 0.00000 0.00000 0.00000 0.00000
 0.00000 0.00000 0.00000 0.00000 0.00000 0.00000 0.00000 0.00000 0.00000 0.00000
 0.00000 0.00000 0.00000 0.00000 0.00000 0.00000 0.00000 0.00000 0.00000 0.00000
 0.00000 0.00000 0.00000 0.00000 0.00000 0.00000 0.00000 0.00000 0.00000 0.00000
 0.00000 0.00000 0.00000 0.00000 0.00000 0.00000 0.00000 0.00000 0.00000 0.00000
 0.00000 0.00000 0.00000 0.00000 0.00000 0.00000 0.00000 0.00000 0.00000 0.00000
 0.00000 0.00000 0.00000 0.00000 0.00000 0.00000 0.00000 0.00000 0.00000 0.00000
 0.00000 0.00000 0.00000 0.00000 0.00000 0.00000 0.00000 0.00000 0.00000 0.00000
 0.00000 0.00000 0.00000 0.00000 0.00000 0.00000 0.00000 0.00000 0.00000 0.00000
 0.00000 0.00000 0.00000 0.00000 0.00000 0.00000 0.00000 0.00000 0.00000 0.00000
 0.00000 0.00000 0.00000 0.00000 0.00000 0.00000 0.00000 0.00000 0.00000 0.00000
 0.00000 0.00000 0.00000 0.00000 0.00000 0.00000 0.00000 0.00000 0.00000 0.00000
 0.00000 0.00000 0.00000 0.00000 0.00000 0.00000 0.00000 0.00000 0.00000 0.00000
 0.00000 0.00000 0.00000 0.00000 0.00000 0.00000 0.00000 0.00000 0.00000 0.00000
 0.00000 0.00000 0.00000 0.00000 0.00000 0.00000 0.00000 0.00000 0.00000 0.00000
 0.00000 0.00000 0.00000 0.00000 0.00000 0.00000 0.00000 0.00000 0.00000 0.00000
 0.00000 0.00000 0.00000 0.00000 0.00000 0.00000 0.00000 0.00000 0.00000 0.00000
 0.00000 0.00000 0.00000 0.00000 0.00000 0.00000 0.00000 0.00000 0.00000 0.00000
 0.00000 0.00000 0.00000 0.00000 0.00000
 == 20-th k-point orbital energies
 Spin up:
 -0.30919 -0.29757 -0.27663 -0.25295 -0.23889 -0.22768 -0.21653 -0.20529 -0.20441 -0.20352
 -0.20165 -0.19608 -0.19451 -0.19432 -0.19250 -0.18847 -0.18649 -0.18577 -0.18554 -0.18403
 -0.18008 -0.17639 -0.17539 -0.17366 -0.17122 -0.16968 -0.16894 -0.16801 -0.16738 -0.16507
 -0.16309 -0.16053 -0.15876 -0.15815 -0.15710 -0.15607 -0.15498 -0.15453 -0.15182 -0.15069
 -0.14709 -0.14485 -0.14170 -0.14026 -0.13945 -0.13786 -0.13636 -0.13599 -0.13419 -0.13240
 -0.13038 -0.12903 -0.12812 -0.12534 -0.12482 -0.12403 -0.12192 -0.12080 -0.11986 -0.11876
 -0.11735 -0.11636 -0.11553 -0.11333 -0.10281 -0.08563 -0.05906 -0.03984 -0.00348 0.01937
 0.03982 0.06109 0.07200 0.11031 0.12467 0.13193 0.16993 0.19679 0.21366 0.22669
 0.24065 0.26661 0.28561 0.31373 0.33147 0.35162 0.35714 0.36326 0.38460 0.39101
 0.41738 0.42255 0.42613 0.44708 0.45057 0.45437 0.47151 0.47451 0.49653 0.49933
 0.52143 0.56484 0.57679 0.58041 0.58604 0.59399 0.60009 0.63447 0.64361 0.65257
 0.67579 0.69016 0.71268 0.71790 0.74755 0.75636 0.76613 0.77685 0.79594 0.84249
 0.85758 0.86253 0.87072 0.87405 0.91952 0.92826 0.93581 0.94751 0.97161 0.98330
 0.98680 1.01276 1.03430 1.03889 1.04651 1.05973 1.07295 1.08856 1.09275 1.11365
 1.13117 1.13295 1.16000 1.16707 1.17935 1.18908 1.19541 1.20348 1.24310 1.25158
 1.26139 1.27507 1.28381 1.29268 1.31666 1.32408 1.33026 1.33740 1.34847 1.36924
 1.41739 1.42735 1.43262 1.43629 1.44085 1.44782 1.45037 1.45693 1.46441 1.46859
 1.48722 1.51157 1.52039 1.52454 1.53167 1.54517 1.55411 1.56290 1.57633 1.58613
 1.58990 1.59333 1.60447 1.61841 1.63074 1.63743 1.64963 1.65519 1.65592 1.66639
 1.67227 1.70132 1.72550 1.73266 1.73727 1.74328 1.75308 1.75900 1.77075 1.77540
 1.79386 1.80460 1.80799 1.81392 1.82525 1.85000 1.85811 1.86029 1.86761 1.87209
 1.87869 1.88542 1.88912 1.92929 1.94587 1.95832 1.97268 1.97916 1.99382 2.00733
 2.02281 2.03576 2.03910 2.05133 2.06278 2.07216 2.07921 2.09611 2.10620 2.12251
 2.13472 2.14883 2.15731 2.16861 2.17865 2.21215 2.23004 2.23607 2.25297 2.26862
 2.28766 2.29892 2.30266 2.32247 2.33260 2.35136 2.35698 2.36720 2.36916 2.37488
 2.38976 2.39545 2.41245 2.43490 2.47710 2.50000 2.50830 2.53701 2.55984 2.56194
 2.60716 2.62184 2.62652 2.65836 2.66259 2.67034 2.72741 2.83278 2.84697 2.91237
 2.95308 2.97110 2.99501 3.01779 3.09013 3.14790 3.18898 3.19859 3.22122 3.24258
 3.28862 3.30159 3.30942 3.31552 3.32284 3.33311 3.35111 3.36613 3.37155 3.37666
 3.38137 3.40048 3.43838 3.50377 3.56075 3.56627 3.62339 3.74312 3.84510 3.88673
 3.92422 4.02862 4.27526 4.30607 4.31061
 Occupations: 
 1.00000 1.00000 1.00000 1.00000 1.00000 1.00000 1.00000 1.00000 1.00000 1.00000
 1.00000 1.00000 1.00000 1.00000 1.00000 1.00000 1.00000 1.00000 1.00000 1.00000
 1.00000 1.00000 1.00000 1.00000 1.00000 1.00000 1.00000 1.00000 1.00000 1.00000
 1.00000 1.00000 1.00000 1.00000 1.00000 1.00000 1.00000 1.00000 1.00000 1.00000
 1.00000 1.00000 1.00000 1.00000 1.00000 1.00000 1.00000 1.00000 1.00000 1.00000
 1.00000 1.00000 1.00000 1.00000 1.00000 1.00000 1.00000 1.00000 1.00000 1.00000
 1.00000 1.00000 1.00000 1.00000 1.00000 1.00000 0.77523 0.00000 0.00000 0.00000
 0.00000 0.00000 0.00000 0.00000 0.00000 0.00000 0.00000 0.00000 0.00000 0.00000
 0.00000 0.00000 0.00000 0.00000 0.00000 0.00000 0.00000 0.00000 0.00000 0.00000
 0.00000 0.00000 0.00000 0.00000 0.00000 0.00000 0.00000 0.00000 0.00000 0.00000
 0.00000 0.00000 0.00000 0.00000 0.00000 0.00000 0.00000 0.00000 0.00000 0.00000
 0.00000 0.00000 0.00000 0.00000 0.00000 0.00000 0.00000 0.00000 0.00000 0.00000
 0.00000 0.00000 0.00000 0.00000 0.00000 0.00000 0.00000 0.00000 0.00000 0.00000
 0.00000 0.00000 0.00000 0.00000 0.00000 0.00000 0.00000 0.00000 0.00000 0.00000
 0.00000 0.00000 0.00000 0.00000 0.00000 0.00000 0.00000 0.00000 0.00000 0.00000
 0.00000 0.00000 0.00000 0.00000 0.00000 0.00000 0.00000 0.00000 0.00000 0.00000
 0.00000 0.00000 0.00000 0.00000 0.00000 0.00000 0.00000 0.00000 0.00000 0.00000
 0.00000 0.00000 0.00000 0.00000 0.00000 0.00000 0.00000 0.00000 0.00000 0.00000
 0.00000 0.00000 0.00000 0.00000 0.00000 0.00000 0.00000 0.00000 0.00000 0.00000
 0.00000 0.00000 0.00000 0.00000 0.00000 0.00000 0.00000 0.00000 0.00000 0.00000
 0.00000 0.00000 0.00000 0.00000 0.00000 0.00000 0.00000 0.00000 0.00000 0.00000
 0.00000 0.00000 0.00000 0.00000 0.00000 0.00000 0.00000 0.00000 0.00000 0.00000
 0.00000 0.00000 0.00000 0.00000 0.00000 0.00000 0.00000 0.00000 0.00000 0.00000
 0.00000 0.00000 0.00000 0.00000 0.00000 0.00000 0.00000 0.00000 0.00000 0.00000
 0.00000 0.00000 0.00000 0.00000 0.00000 0.00000 0.00000 0.00000 0.00000 0.00000
 0.00000 0.00000 0.00000 0.00000 0.00000 0.00000 0.00000 0.00000 0.00000 0.00000
 0.00000 0.00000 0.00000 0.00000 0.00000 0.00000 0.00000 0.00000 0.00000 0.00000
 0.00000 0.00000 0.00000 0.00000 0.00000 0.00000 0.00000 0.00000 0.00000 0.00000
 0.00000 0.00000 0.00000 0.00000 0.00000 0.00000 0.00000 0.00000 0.00000 0.00000
 0.00000 0.00000 0.00000 0.00000 0.00000 0.00000 0.00000 0.00000 0.00000 0.00000
 0.00000 0.00000 0.00000 0.00000 0.00000
 Spin down:
 -0.30919 -0.29757 -0.27663 -0.25295 -0.23889 -0.22768 -0.21653 -0.20529 -0.20441 -0.20352
 -0.20165 -0.19608 -0.19451 -0.19432 -0.19250 -0.18847 -0.18649 -0.18577 -0.18554 -0.18403
 -0.18008 -0.17639 -0.17539 -0.17366 -0.17122 -0.16968 -0.16894 -0.16801 -0.16738 -0.16507
 -0.16309 -0.16053 -0.15876 -0.15815 -0.15710 -0.15607 -0.15498 -0.15453 -0.15182 -0.15069
 -0.14709 -0.14485 -0.14170 -0.14026 -0.13945 -0.13786 -0.13636 -0.13599 -0.13419 -0.13240
 -0.13038 -0.12903 -0.12812 -0.12534 -0.12482 -0.12403 -0.12192 -0.12080 -0.11986 -0.11876
 -0.11735 -0.11636 -0.11553 -0.11333 -0.10281 -0.08563 -0.05906 -0.03984 -0.00348 0.01937
 0.03982 0.06109 0.07200 0.11031 0.12467 0.13193 0.16993 0.19679 0.21366 0.22669
 0.24065 0.26661 0.28561 0.31373 0.33147 0.35162 0.35714 0.36326 0.38460 0.39101
 0.41738 0.42255 0.42613 0.44708 0.45057 0.45437 0.47151 0.47451 0.49653 0.49933
 0.52143 0.56484 0.57679 0.58041 0.58604 0.59399 0.60009 0.63447 0.64361 0.65257
 0.67579 0.69016 0.71268 0.71790 0.74755 0.75636 0.76613 0.77685 0.79594 0.84249
 0.85758 0.86253 0.87072 0.87405 0.91952 0.92826 0.93581 0.94751 0.97161 0.98330
 0.98680 1.01276 1.03430 1.03889 1.04651 1.05973 1.07295 1.08856 1.09275 1.11365
 1.13117 1.13295 1.16000 1.16707 1.17935 1.18908 1.19541 1.20348 1.24310 1.25158
 1.26139 1.27507 1.28381 1.29268 1.31666 1.32408 1.33026 1.33740 1.34847 1.36924
 1.41739 1.42735 1.43262 1.43629 1.44085 1.44782 1.45037 1.45693 1.46441 1.46859
 1.48722 1.51157 1.52039 1.52454 1.53167 1.54517 1.55411 1.56290 1.57633 1.58613
 1.58990 1.59333 1.60447 1.61841 1.63074 1.63743 1.64963 1.65519 1.65592 1.66639
 1.67227 1.70132 1.72550 1.73266 1.73727 1.74328 1.75308 1.75900 1.77075 1.77540
 1.79386 1.80460 1.80799 1.81392 1.82525 1.85000 1.85811 1.86029 1.86761 1.87209
 1.87869 1.88542 1.88912 1.92929 1.94587 1.95832 1.97268 1.97916 1.99382 2.00733
 2.02281 2.03576 2.03910 2.05133 2.06278 2.07216 2.07921 2.09611 2.10620 2.12251
 2.13472 2.14883 2.15731 2.16861 2.17865 2.21215 2.23004 2.23607 2.25297 2.26862
 2.28766 2.29892 2.30266 2.32247 2.33260 2.35136 2.35698 2.36720 2.36916 2.37488
 2.38976 2.39545 2.41245 2.43490 2.47710 2.50000 2.50830 2.53701 2.55984 2.56194
 2.60716 2.62184 2.62652 2.65836 2.66259 2.67034 2.72741 2.83278 2.84697 2.91237
 2.95308 2.97110 2.99501 3.01779 3.09013 3.14790 3.18898 3.19859 3.22122 3.24258
 3.28862 3.30159 3.30942 3.31552 3.32284 3.33311 3.35111 3.36613 3.37155 3.37666
 3.38137 3.40048 3.43838 3.50377 3.56075 3.56627 3.62339 3.74312 3.84510 3.88673
 3.92422 4.02862 4.27526 4.30607 4.31061
 Occupations:
 1.00000 1.00000 1.00000 1.00000 1.00000 1.00000 1.00000 1.00000 1.00000 1.00000
 1.00000 1.00000 1.00000 1.00000 1.00000 1.00000 1.00000 1.00000 1.00000 1.00000
 1.00000 1.00000 1.00000 1.00000 1.00000 1.00000 1.00000 1.00000 1.00000 1.00000
 1.00000 1.00000 1.00000 1.00000 1.00000 1.00000 1.00000 1.00000 1.00000 1.00000
 1.00000 1.00000 1.00000 1.00000 1.00000 1.00000 1.00000 1.00000 1.00000 1.00000
 1.00000 1.00000 1.00000 1.00000 1.00000 1.00000 1.00000 1.00000 1.00000 1.00000
 1.00000 1.00000 1.00000 1.00000 1.00000 1.00000 0.77524 0.00000 0.00000 0.00000
 0.00000 0.00000 0.00000 0.00000 0.00000 0.00000 0.00000 0.00000 0.00000 0.00000
 0.00000 0.00000 0.00000 0.00000 0.00000 0.00000 0.00000 0.00000 0.00000 0.00000
 0.00000 0.00000 0.00000 0.00000 0.00000 0.00000 0.00000 0.00000 0.00000 0.00000
 0.00000 0.00000 0.00000 0.00000 0.00000 0.00000 0.00000 0.00000 0.00000 0.00000
 0.00000 0.00000 0.00000 0.00000 0.00000 0.00000 0.00000 0.00000 0.00000 0.00000
 0.00000 0.00000 0.00000 0.00000 0.00000 0.00000 0.00000 0.00000 0.00000 0.00000
 0.00000 0.00000 0.00000 0.00000 0.00000 0.00000 0.00000 0.00000 0.00000 0.00000
 0.00000 0.00000 0.00000 0.00000 0.00000 0.00000 0.00000 0.00000 0.00000 0.00000
 0.00000 0.00000 0.00000 0.00000 0.00000 0.00000 0.00000 0.00000 0.00000 0.00000
 0.00000 0.00000 0.00000 0.00000 0.00000 0.00000 0.00000 0.00000 0.00000 0.00000
 0.00000 0.00000 0.00000 0.00000 0.00000 0.00000 0.00000 0.00000 0.00000 0.00000
 0.00000 0.00000 0.00000 0.00000 0.00000 0.00000 0.00000 0.00000 0.00000 0.00000
 0.00000 0.00000 0.00000 0.00000 0.00000 0.00000 0.00000 0.00000 0.00000 0.00000
 0.00000 0.00000 0.00000 0.00000 0.00000 0.00000 0.00000 0.00000 0.00000 0.00000
 0.00000 0.00000 0.00000 0.00000 0.00000 0.00000 0.00000 0.00000 0.00000 0.00000
 0.00000 0.00000 0.00000 0.00000 0.00000 0.00000 0.00000 0.00000 0.00000 0.00000
 0.00000 0.00000 0.00000 0.00000 0.00000 0.00000 0.00000 0.00000 0.00000 0.00000
 0.00000 0.00000 0.00000 0.00000 0.00000 0.00000 0.00000 0.00000 0.00000 0.00000
 0.00000 0.00000 0.00000 0.00000 0.00000 0.00000 0.00000 0.00000 0.00000 0.00000
 0.00000 0.00000 0.00000 0.00000 0.00000 0.00000 0.00000 0.00000 0.00000 0.00000
 0.00000 0.00000 0.00000 0.00000 0.00000 0.00000 0.00000 0.00000 0.00000 0.00000
 0.00000 0.00000 0.00000 0.00000 0.00000 0.00000 0.00000 0.00000 0.00000 0.00000
 0.00000 0.00000 0.00000 0.00000 0.00000 0.00000 0.00000 0.00000 0.00000 0.00000
 0.00000 0.00000 0.00000 0.00000 0.00000
 == 21-th k-point orbital energies
 Spin up:
 -0.30919 -0.29757 -0.27662 -0.25295 -0.23887 -0.22771 -0.21652 -0.20528 -0.20442 -0.20351
 -0.20163 -0.19611 -0.19450 -0.19432 -0.19251 -0.18845 -0.18651 -0.18574 -0.18553 -0.18407
 -0.18010 -0.17638 -0.17540 -0.17365 -0.17120 -0.16965 -0.16895 -0.16806 -0.16736 -0.16505
 -0.16309 -0.16055 -0.15875 -0.15814 -0.15709 -0.15607 -0.15498 -0.15453 -0.15181 -0.15071
 -0.14710 -0.14483 -0.14172 -0.14029 -0.13939 -0.13787 -0.13633 -0.13602 -0.13423 -0.13238
 -0.13035 -0.12899 -0.12821 -0.12530 -0.12485 -0.12402 -0.12192 -0.12079 -0.11987 -0.11877
 -0.11734 -0.11638 -0.11555 -0.11329 -0.10281 -0.08563 -0.05906 -0.03985 -0.00348 0.01936
 0.03982 0.06109 0.07200 0.11031 0.12468 0.13193 0.16992 0.19679 0.21367 0.22669
 0.24065 0.26661 0.28561 0.31372 0.33147 0.35163 0.35713 0.36326 0.38460 0.39101
 0.41738 0.42254 0.42613 0.44709 0.45057 0.45437 0.47151 0.47451 0.49652 0.49933
 0.52144 0.56483 0.57679 0.58042 0.58604 0.59399 0.60009 0.63447 0.64361 0.65257
 0.67579 0.69016 0.71268 0.71790 0.74755 0.75636 0.76613 0.77684 0.79594 0.84249
 0.85758 0.86253 0.87072 0.87404 0.91953 0.92826 0.93581 0.94751 0.97161 0.98330
 0.98680 1.01276 1.03430 1.03889 1.04650 1.05973 1.07295 1.08856 1.09275 1.11366
 1.13117 1.13294 1.16000 1.16707 1.17935 1.18908 1.19541 1.20348 1.24311 1.25157
 1.26139 1.27507 1.28381 1.29268 1.31665 1.32407 1.33027 1.33740 1.34846 1.36924
 1.41739 1.42735 1.43262 1.43629 1.44085 1.44782 1.45037 1.45693 1.46441 1.46859
 1.48722 1.51156 1.52039 1.52454 1.53167 1.54517 1.55412 1.56290 1.57633 1.58613
 1.58989 1.59333 1.60447 1.61841 1.63074 1.63743 1.64963 1.65518 1.65593 1.66639
 1.67227 1.70132 1.72550 1.73266 1.73726 1.74328 1.75308 1.75900 1.77075 1.77539
 1.79386 1.80460 1.80800 1.81392 1.82525 1.85001 1.85811 1.86029 1.86760 1.87209
 1.87869 1.88541 1.88912 1.92929 1.94588 1.95832 1.97268 1.97917 1.99382 2.00732
 2.02281 2.03576 2.03910 2.05133 2.06278 2.07216 2.07921 2.09611 2.10620 2.12252
 2.13472 2.14883 2.15731 2.16861 2.17865 2.21215 2.23005 2.23608 2.25297 2.26861
 2.28766 2.29892 2.30266 2.32247 2.33260 2.35136 2.35698 2.36720 2.36915 2.37488
 2.38975 2.39546 2.41246 2.43489 2.47711 2.50000 2.50830 2.53701 2.55984 2.56194
 2.60715 2.62183 2.62653 2.65836 2.66259 2.67034 2.72740 2.83279 2.84697 2.91237
 2.95307 2.97108 2.99506 3.01780 3.09005 3.14792 3.18904 3.19862 3.22123 3.24255
 3.28858 3.30157 3.30944 3.31549 3.32286 3.33310 3.35110 3.36614 3.37157 3.37665
 3.38136 3.40048 3.43838 3.50377 3.56083 3.56617 3.62342 3.74310 3.84515 3.88669
 3.92422 4.02862 4.27525 4.30619 4.31050
 Occupations: 
 1.00000 1.00000 1.00000 1.00000 1.00000 1.00000 1.00000 1.00000 1.00000 1.00000
 1.00000 1.00000 1.00000 1.00000 1.00000 1.00000 1.00000 1.00000 1.00000 1.00000
 1.00000 1.00000 1.00000 1.00000 1.00000 1.00000 1.00000 1.00000 1.00000 1.00000
 1.00000 1.00000 1.00000 1.00000 1.00000 1.00000 1.00000 1.00000 1.00000 1.00000
 1.00000 1.00000 1.00000 1.00000 1.00000 1.00000 1.00000 1.00000 1.00000 1.00000
 1.00000 1.00000 1.00000 1.00000 1.00000 1.00000 1.00000 1.00000 1.00000 1.00000
 1.00000 1.00000 1.00000 1.00000 1.00000 1.00000 0.77518 0.00000 0.00000 0.00000
 0.00000 0.00000 0.00000 0.00000 0.00000 0.00000 0.00000 0.00000 0.00000 0.00000
 0.00000 0.00000 0.00000 0.00000 0.00000 0.00000 0.00000 0.00000 0.00000 0.00000
 0.00000 0.00000 0.00000 0.00000 0.00000 0.00000 0.00000 0.00000 0.00000 0.00000
 0.00000 0.00000 0.00000 0.00000 0.00000 0.00000 0.00000 0.00000 0.00000 0.00000
 0.00000 0.00000 0.00000 0.00000 0.00000 0.00000 0.00000 0.00000 0.00000 0.00000
 0.00000 0.00000 0.00000 0.00000 0.00000 0.00000 0.00000 0.00000 0.00000 0.00000
 0.00000 0.00000 0.00000 0.00000 0.00000 0.00000 0.00000 0.00000 0.00000 0.00000
 0.00000 0.00000 0.00000 0.00000 0.00000 0.00000 0.00000 0.00000 0.00000 0.00000
 0.00000 0.00000 0.00000 0.00000 0.00000 0.00000 0.00000 0.00000 0.00000 0.00000
 0.00000 0.00000 0.00000 0.00000 0.00000 0.00000 0.00000 0.00000 0.00000 0.00000
 0.00000 0.00000 0.00000 0.00000 0.00000 0.00000 0.00000 0.00000 0.00000 0.00000
 0.00000 0.00000 0.00000 0.00000 0.00000 0.00000 0.00000 0.00000 0.00000 0.00000
 0.00000 0.00000 0.00000 0.00000 0.00000 0.00000 0.00000 0.00000 0.00000 0.00000
 0.00000 0.00000 0.00000 0.00000 0.00000 0.00000 0.00000 0.00000 0.00000 0.00000
 0.00000 0.00000 0.00000 0.00000 0.00000 0.00000 0.00000 0.00000 0.00000 0.00000
 0.00000 0.00000 0.00000 0.00000 0.00000 0.00000 0.00000 0.00000 0.00000 0.00000
 0.00000 0.00000 0.00000 0.00000 0.00000 0.00000 0.00000 0.00000 0.00000 0.00000
 0.00000 0.00000 0.00000 0.00000 0.00000 0.00000 0.00000 0.00000 0.00000 0.00000
 0.00000 0.00000 0.00000 0.00000 0.00000 0.00000 0.00000 0.00000 0.00000 0.00000
 0.00000 0.00000 0.00000 0.00000 0.00000 0.00000 0.00000 0.00000 0.00000 0.00000
 0.00000 0.00000 0.00000 0.00000 0.00000 0.00000 0.00000 0.00000 0.00000 0.00000
 0.00000 0.00000 0.00000 0.00000 0.00000 0.00000 0.00000 0.00000 0.00000 0.00000
 0.00000 0.00000 0.00000 0.00000 0.00000 0.00000 0.00000 0.00000 0.00000 0.00000
 0.00000 0.00000 0.00000 0.00000 0.00000
 Spin down:
 -0.30919 -0.29757 -0.27662 -0.25295 -0.23887 -0.22771 -0.21652 -0.20528 -0.20442 -0.20351
 -0.20163 -0.19611 -0.19450 -0.19432 -0.19251 -0.18845 -0.18651 -0.18574 -0.18553 -0.18407
 -0.18010 -0.17638 -0.17540 -0.17365 -0.17120 -0.16965 -0.16895 -0.16806 -0.16736 -0.16505
 -0.16309 -0.16055 -0.15875 -0.15814 -0.15709 -0.15607 -0.15498 -0.15453 -0.15181 -0.15071
 -0.14710 -0.14483 -0.14172 -0.14029 -0.13939 -0.13787 -0.13633 -0.13602 -0.13423 -0.13238
 -0.13035 -0.12899 -0.12821 -0.12530 -0.12485 -0.12402 -0.12192 -0.12079 -0.11987 -0.11877
 -0.11734 -0.11638 -0.11555 -0.11329 -0.10281 -0.08563 -0.05906 -0.03985 -0.00348 0.01936
 0.03982 0.06109 0.07200 0.11031 0.12468 0.13193 0.16992 0.19679 0.21367 0.22669
 0.24065 0.26661 0.28561 0.31372 0.33147 0.35163 0.35713 0.36326 0.38460 0.39101
 0.41738 0.42254 0.42613 0.44709 0.45057 0.45437 0.47151 0.47451 0.49652 0.49933
 0.52144 0.56483 0.57679 0.58042 0.58604 0.59399 0.60009 0.63447 0.64361 0.65257
 0.67579 0.69016 0.71268 0.71790 0.74755 0.75636 0.76613 0.77684 0.79594 0.84249
 0.85758 0.86253 0.87072 0.87404 0.91953 0.92826 0.93581 0.94751 0.97161 0.98330
 0.98680 1.01276 1.03430 1.03889 1.04650 1.05973 1.07295 1.08856 1.09275 1.11366
 1.13117 1.13294 1.16000 1.16707 1.17935 1.18908 1.19541 1.20348 1.24311 1.25157
 1.26139 1.27507 1.28381 1.29268 1.31665 1.32407 1.33027 1.33740 1.34846 1.36924
 1.41739 1.42735 1.43262 1.43629 1.44085 1.44782 1.45037 1.45693 1.46441 1.46859
 1.48722 1.51156 1.52039 1.52454 1.53167 1.54517 1.55412 1.56290 1.57633 1.58613
 1.58989 1.59333 1.60447 1.61841 1.63074 1.63743 1.64963 1.65518 1.65593 1.66639
 1.67227 1.70132 1.72550 1.73266 1.73726 1.74328 1.75308 1.75900 1.77075 1.77539
 1.79386 1.80460 1.80800 1.81392 1.82525 1.85001 1.85811 1.86029 1.86760 1.87209
 1.87869 1.88541 1.88912 1.92929 1.94588 1.95832 1.97268 1.97917 1.99382 2.00732
 2.02281 2.03576 2.03910 2.05133 2.06278 2.07216 2.07921 2.09611 2.10620 2.12252
 2.13472 2.14883 2.15731 2.16861 2.17865 2.21215 2.23005 2.23608 2.25297 2.26861
 2.28766 2.29892 2.30266 2.32247 2.33260 2.35136 2.35698 2.36720 2.36915 2.37488
 2.38975 2.39546 2.41246 2.43489 2.47711 2.50000 2.50830 2.53701 2.55984 2.56194
 2.60715 2.62183 2.62653 2.65836 2.66259 2.67034 2.72740 2.83279 2.84697 2.91237
 2.95307 2.97108 2.99506 3.01780 3.09005 3.14792 3.18904 3.19862 3.22123 3.24255
 3.28858 3.30157 3.30944 3.31549 3.32286 3.33310 3.35110 3.36614 3.37157 3.37665
 3.38136 3.40048 3.43838 3.50377 3.56083 3.56617 3.62342 3.74310 3.84515 3.88669
 3.92422 4.02862 4.27525 4.30619 4.31050
 Occupations:
 1.00000 1.00000 1.00000 1.00000 1.00000 1.00000 1.00000 1.00000 1.00000 1.00000
 1.00000 1.00000 1.00000 1.00000 1.00000 1.00000 1.00000 1.00000 1.00000 1.00000
 1.00000 1.00000 1.00000 1.00000 1.00000 1.00000 1.00000 1.00000 1.00000 1.00000
 1.00000 1.00000 1.00000 1.00000 1.00000 1.00000 1.00000 1.00000 1.00000 1.00000
 1.00000 1.00000 1.00000 1.00000 1.00000 1.00000 1.00000 1.00000 1.00000 1.00000
 1.00000 1.00000 1.00000 1.00000 1.00000 1.00000 1.00000 1.00000 1.00000 1.00000
 1.00000 1.00000 1.00000 1.00000 1.00000 1.00000 0.77519 0.00000 0.00000 0.00000
 0.00000 0.00000 0.00000 0.00000 0.00000 0.00000 0.00000 0.00000 0.00000 0.00000
 0.00000 0.00000 0.00000 0.00000 0.00000 0.00000 0.00000 0.00000 0.00000 0.00000
 0.00000 0.00000 0.00000 0.00000 0.00000 0.00000 0.00000 0.00000 0.00000 0.00000
 0.00000 0.00000 0.00000 0.00000 0.00000 0.00000 0.00000 0.00000 0.00000 0.00000
 0.00000 0.00000 0.00000 0.00000 0.00000 0.00000 0.00000 0.00000 0.00000 0.00000
 0.00000 0.00000 0.00000 0.00000 0.00000 0.00000 0.00000 0.00000 0.00000 0.00000
 0.00000 0.00000 0.00000 0.00000 0.00000 0.00000 0.00000 0.00000 0.00000 0.00000
 0.00000 0.00000 0.00000 0.00000 0.00000 0.00000 0.00000 0.00000 0.00000 0.00000
 0.00000 0.00000 0.00000 0.00000 0.00000 0.00000 0.00000 0.00000 0.00000 0.00000
 0.00000 0.00000 0.00000 0.00000 0.00000 0.00000 0.00000 0.00000 0.00000 0.00000
 0.00000 0.00000 0.00000 0.00000 0.00000 0.00000 0.00000 0.00000 0.00000 0.00000
 0.00000 0.00000 0.00000 0.00000 0.00000 0.00000 0.00000 0.00000 0.00000 0.00000
 0.00000 0.00000 0.00000 0.00000 0.00000 0.00000 0.00000 0.00000 0.00000 0.00000
 0.00000 0.00000 0.00000 0.00000 0.00000 0.00000 0.00000 0.00000 0.00000 0.00000
 0.00000 0.00000 0.00000 0.00000 0.00000 0.00000 0.00000 0.00000 0.00000 0.00000
 0.00000 0.00000 0.00000 0.00000 0.00000 0.00000 0.00000 0.00000 0.00000 0.00000
 0.00000 0.00000 0.00000 0.00000 0.00000 0.00000 0.00000 0.00000 0.00000 0.00000
 0.00000 0.00000 0.00000 0.00000 0.00000 0.00000 0.00000 0.00000 0.00000 0.00000
 0.00000 0.00000 0.00000 0.00000 0.00000 0.00000 0.00000 0.00000 0.00000 0.00000
 0.00000 0.00000 0.00000 0.00000 0.00000 0.00000 0.00000 0.00000 0.00000 0.00000
 0.00000 0.00000 0.00000 0.00000 0.00000 0.00000 0.00000 0.00000 0.00000 0.00000
 0.00000 0.00000 0.00000 0.00000 0.00000 0.00000 0.00000 0.00000 0.00000 0.00000
 0.00000 0.00000 0.00000 0.00000 0.00000 0.00000 0.00000 0.00000 0.00000 0.00000
 0.00000 0.00000 0.00000 0.00000 0.00000
 == 22-th k-point orbital energies
 Spin up:
 -0.33288 -0.29266 -0.27695 -0.24531 -0.22912 -0.22176 -0.22109 -0.21517 -0.21246 -0.21069
 -0.20574 -0.20033 -0.19977 -0.19405 -0.19244 -0.19081 -0.18422 -0.18294 -0.18211 -0.18116
 -0.17848 -0.17793 -0.17740 -0.17089 -0.16888 -0.16597 -0.16379 -0.16310 -0.16190 -0.16078
 -0.15891 -0.15768 -0.15599 -0.15484 -0.15374 -0.15353 -0.15254 -0.15144 -0.15090 -0.14996
 -0.14951 -0.14516 -0.14200 -0.14041 -0.13916 -0.13874 -0.13683 -0.13622 -0.13375 -0.13270
 -0.13075 -0.12897 -0.12819 -0.12680 -0.12615 -0.12489 -0.12453 -0.11956 -0.11807 -0.11750
 -0.11609 -0.11474 -0.11319 -0.11223 -0.07939 -0.05851 -0.05734 -0.03957 -0.01810 -0.01547
 0.00848 0.05475 0.07471 0.08441 0.15071 0.17204 0.18259 0.19818 0.20971 0.23425
 0.24126 0.25480 0.27283 0.27608 0.30987 0.31627 0.32118 0.33907 0.37769 0.39931
 0.40707 0.41277 0.41471 0.42514 0.44749 0.49151 0.50298 0.50911 0.53029 0.53159
 0.54171 0.54379 0.57595 0.59681 0.60633 0.61808 0.63162 0.64382 0.65700 0.66891
 0.67708 0.68206 0.69596 0.71536 0.74631 0.77133 0.77736 0.79601 0.81041 0.82480
 0.82946 0.83628 0.85889 0.87849 0.90558 0.91820 0.94175 0.94481 0.96533 0.97407
 0.98332 1.00103 1.02659 1.03901 1.04483 1.06192 1.09847 1.11610 1.12463 1.13430
 1.14540 1.15220 1.15600 1.16568 1.17248 1.18270 1.22383 1.23806 1.25620 1.26968
 1.27478 1.28196 1.29151 1.30754 1.31443 1.31784 1.32162 1.33182 1.34397 1.34718
 1.36690 1.37489 1.38283 1.38848 1.39561 1.40064 1.41274 1.43001 1.44112 1.45148
 1.47181 1.47388 1.48141 1.49674 1.50815 1.52302 1.52905 1.55101 1.56651 1.58447
 1.60177 1.60696 1.62405 1.63059 1.64126 1.66159 1.66977 1.68447 1.69077 1.69583
 1.70558 1.71587 1.72085 1.73548 1.76487 1.77810 1.80245 1.80541 1.82614 1.82803
 1.83322 1.84686 1.84979 1.85107 1.86899 1.87722 1.88518 1.89595 1.90267 1.91832
 1.94167 1.95319 1.95971 1.97288 1.98241 1.99183 1.99417 2.00381 2.02207 2.02974
 2.03551 2.05744 2.06574 2.07504 2.08895 2.11092 2.12551 2.12935 2.13332 2.13901
 2.14469 2.14809 2.15830 2.16784 2.19963 2.21647 2.22245 2.23844 2.25367 2.25740
 2.26226 2.26292 2.28634 2.29963 2.31162 2.32230 2.33496 2.34234 2.34665 2.36454
 2.39111 2.43644 2.46692 2.47710 2.48330 2.49930 2.52529 2.55857 2.58806 2.62284
 2.64201 2.65299 2.65463 2.68748 2.70554 2.71589 2.73130 2.73534 2.76487 2.78999
 2.81588 2.83920 2.85903 3.06740 3.07228 3.11541 3.13900 3.20715 3.21674 3.22892
 3.23769 3.30106 3.31193 3.32624 3.33443 3.38202 3.38908 3.40368 3.41676 3.42533
 3.43243 3.43748 3.44847 3.50374 3.52476 3.53954 3.59256 3.81304 3.86446 3.94263
 3.99912 4.06249 4.09399 4.29625 4.30348
 Occupations: 
 1.00000 1.00000 1.00000 1.00000 1.00000 1.00000 1.00000 1.00000 1.00000 1.00000
 1.00000 1.00000 1.00000 1.00000 1.00000 1.00000 1.00000 1.00000 1.00000 1.00000
 1.00000 1.00000 1.00000 1.00000 1.00000 1.00000 1.00000 1.00000 1.00000 1.00000
 1.00000 1.00000 1.00000 1.00000 1.00000 1.00000 1.00000 1.00000 1.00000 1.00000
 1.00000 1.00000 1.00000 1.00000 1.00000 1.00000 1.00000 1.00000 1.00000 1.00000
 1.00000 1.00000 1.00000 1.00000 1.00000 1.00000 1.00000 1.00000 1.00000 1.00000
 1.00000 1.00000 1.00000 1.00000 1.00000 0.66421 0.38106 0.00000 0.00000 0.00000
 0.00000 0.00000 0.00000 0.00000 0.00000 0.00000 0.00000 0.00000 0.00000 0.00000
 0.00000 0.00000 0.00000 0.00000 0.00000 0.00000 0.00000 0.00000 0.00000 0.00000
 0.00000 0.00000 0.00000 0.00000 0.00000 0.00000 0.00000 0.00000 0.00000 0.00000
 0.00000 0.00000 0.00000 0.00000 0.00000 0.00000 0.00000 0.00000 0.00000 0.00000
 0.00000 0.00000 0.00000 0.00000 0.00000 0.00000 0.00000 0.00000 0.00000 0.00000
 0.00000 0.00000 0.00000 0.00000 0.00000 0.00000 0.00000 0.00000 0.00000 0.00000
 0.00000 0.00000 0.00000 0.00000 0.00000 0.00000 0.00000 0.00000 0.00000 0.00000
 0.00000 0.00000 0.00000 0.00000 0.00000 0.00000 0.00000 0.00000 0.00000 0.00000
 0.00000 0.00000 0.00000 0.00000 0.00000 0.00000 0.00000 0.00000 0.00000 0.00000
 0.00000 0.00000 0.00000 0.00000 0.00000 0.00000 0.00000 0.00000 0.00000 0.00000
 0.00000 0.00000 0.00000 0.00000 0.00000 0.00000 0.00000 0.00000 0.00000 0.00000
 0.00000 0.00000 0.00000 0.00000 0.00000 0.00000 0.00000 0.00000 0.00000 0.00000
 0.00000 0.00000 0.00000 0.00000 0.00000 0.00000 0.00000 0.00000 0.00000 0.00000
 0.00000 0.00000 0.00000 0.00000 0.00000 0.00000 0.00000 0.00000 0.00000 0.00000
 0.00000 0.00000 0.00000 0.00000 0.00000 0.00000 0.00000 0.00000 0.00000 0.00000
 0.00000 0.00000 0.00000 0.00000 0.00000 0.00000 0.00000 0.00000 0.00000 0.00000
 0.00000 0.00000 0.00000 0.00000 0.00000 0.00000 0.00000 0.00000 0.00000 0.00000
 0.00000 0.00000 0.00000 0.00000 0.00000 0.00000 0.00000 0.00000 0.00000 0.00000
 0.00000 0.00000 0.00000 0.00000 0.00000 0.00000 0.00000 0.00000 0.00000 0.00000
 0.00000 0.00000 0.00000 0.00000 0.00000 0.00000 0.00000 0.00000 0.00000 0.00000
 0.00000 0.00000 0.00000 0.00000 0.00000 0.00000 0.00000 0.00000 0.00000 0.00000
 0.00000 0.00000 0.00000 0.00000 0.00000 0.00000 0.00000 0.00000 0.00000 0.00000
 0.00000 0.00000 0.00000 0.00000 0.00000 0.00000 0.00000 0.00000 0.00000 0.00000
 0.00000 0.00000 0.00000 0.00000 0.00000
 Spin down:
 -0.33288 -0.29266 -0.27695 -0.24531 -0.22912 -0.22176 -0.22109 -0.21517 -0.21246 -0.21069
 -0.20574 -0.20033 -0.19977 -0.19405 -0.19244 -0.19081 -0.18422 -0.18294 -0.18211 -0.18116
 -0.17848 -0.17793 -0.17740 -0.17089 -0.16888 -0.16597 -0.16379 -0.16310 -0.16190 -0.16078
 -0.15891 -0.15768 -0.15599 -0.15484 -0.15374 -0.15353 -0.15254 -0.15144 -0.15090 -0.14996
 -0.14951 -0.14516 -0.14200 -0.14041 -0.13916 -0.13874 -0.13683 -0.13622 -0.13375 -0.13270
 -0.13075 -0.12897 -0.12819 -0.12680 -0.12615 -0.12489 -0.12453 -0.11956 -0.11807 -0.11750
 -0.11609 -0.11474 -0.11319 -0.11223 -0.07939 -0.05851 -0.05734 -0.03957 -0.01810 -0.01547
 0.00848 0.05475 0.07471 0.08441 0.15071 0.17204 0.18259 0.19818 0.20971 0.23425
 0.24126 0.25480 0.27283 0.27608 0.30987 0.31627 0.32118 0.33907 0.37769 0.39931
 0.40707 0.41277 0.41471 0.42514 0.44749 0.49151 0.50298 0.50911 0.53029 0.53159
 0.54171 0.54379 0.57595 0.59681 0.60633 0.61808 0.63162 0.64382 0.65700 0.66891
 0.67708 0.68206 0.69596 0.71536 0.74631 0.77133 0.77736 0.79601 0.81041 0.82480
 0.82946 0.83628 0.85889 0.87849 0.90558 0.91820 0.94175 0.94481 0.96533 0.97407
 0.98332 1.00103 1.02659 1.03901 1.04483 1.06192 1.09847 1.11610 1.12463 1.13430
 1.14540 1.15220 1.15600 1.16568 1.17248 1.18270 1.22383 1.23806 1.25620 1.26968
 1.27478 1.28196 1.29151 1.30754 1.31443 1.31784 1.32162 1.33182 1.34397 1.34718
 1.36690 1.37489 1.38283 1.38848 1.39561 1.40064 1.41274 1.43001 1.44112 1.45148
 1.47181 1.47388 1.48141 1.49674 1.50815 1.52302 1.52905 1.55101 1.56651 1.58447
 1.60177 1.60696 1.62405 1.63059 1.64126 1.66159 1.66977 1.68447 1.69077 1.69583
 1.70558 1.71587 1.72085 1.73548 1.76487 1.77810 1.80245 1.80541 1.82614 1.82803
 1.83322 1.84686 1.84979 1.85107 1.86899 1.87722 1.88518 1.89595 1.90267 1.91832
 1.94167 1.95319 1.95971 1.97288 1.98241 1.99183 1.99417 2.00381 2.02207 2.02974
 2.03551 2.05744 2.06574 2.07504 2.08895 2.11092 2.12551 2.12935 2.13332 2.13901
 2.14469 2.14809 2.15830 2.16784 2.19963 2.21647 2.22245 2.23844 2.25367 2.25740
 2.26226 2.26292 2.28634 2.29963 2.31162 2.32230 2.33496 2.34234 2.34665 2.36454
 2.39111 2.43644 2.46692 2.47710 2.48330 2.49930 2.52529 2.55857 2.58806 2.62284
 2.64201 2.65299 2.65463 2.68748 2.70554 2.71589 2.73130 2.73534 2.76487 2.78999
 2.81588 2.83920 2.85903 3.06740 3.07228 3.11541 3.13900 3.20715 3.21674 3.22892
 3.23769 3.30106 3.31193 3.32624 3.33443 3.38202 3.38908 3.40368 3.41676 3.42533
 3.43243 3.43748 3.44847 3.50374 3.52476 3.53954 3.59256 3.81304 3.86446 3.94263
 3.99912 4.06249 4.09399 4.29625 4.30348
 Occupations:
 1.00000 1.00000 1.00000 1.00000 1.00000 1.00000 1.00000 1.00000 1.00000 1.00000
 1.00000 1.00000 1.00000 1.00000 1.00000 1.00000 1.00000 1.00000 1.00000 1.00000
 1.00000 1.00000 1.00000 1.00000 1.00000 1.00000 1.00000 1.00000 1.00000 1.00000
 1.00000 1.00000 1.00000 1.00000 1.00000 1.00000 1.00000 1.00000 1.00000 1.00000
 1.00000 1.00000 1.00000 1.00000 1.00000 1.00000 1.00000 1.00000 1.00000 1.00000
 1.00000 1.00000 1.00000 1.00000 1.00000 1.00000 1.00000 1.00000 1.00000 1.00000
 1.00000 1.00000 1.00000 1.00000 1.00000 0.66422 0.38107 0.00000 0.00000 0.00000
 0.00000 0.00000 0.00000 0.00000 0.00000 0.00000 0.00000 0.00000 0.00000 0.00000
 0.00000 0.00000 0.00000 0.00000 0.00000 0.00000 0.00000 0.00000 0.00000 0.00000
 0.00000 0.00000 0.00000 0.00000 0.00000 0.00000 0.00000 0.00000 0.00000 0.00000
 0.00000 0.00000 0.00000 0.00000 0.00000 0.00000 0.00000 0.00000 0.00000 0.00000
 0.00000 0.00000 0.00000 0.00000 0.00000 0.00000 0.00000 0.00000 0.00000 0.00000
 0.00000 0.00000 0.00000 0.00000 0.00000 0.00000 0.00000 0.00000 0.00000 0.00000
 0.00000 0.00000 0.00000 0.00000 0.00000 0.00000 0.00000 0.00000 0.00000 0.00000
 0.00000 0.00000 0.00000 0.00000 0.00000 0.00000 0.00000 0.00000 0.00000 0.00000
 0.00000 0.00000 0.00000 0.00000 0.00000 0.00000 0.00000 0.00000 0.00000 0.00000
 0.00000 0.00000 0.00000 0.00000 0.00000 0.00000 0.00000 0.00000 0.00000 0.00000
 0.00000 0.00000 0.00000 0.00000 0.00000 0.00000 0.00000 0.00000 0.00000 0.00000
 0.00000 0.00000 0.00000 0.00000 0.00000 0.00000 0.00000 0.00000 0.00000 0.00000
 0.00000 0.00000 0.00000 0.00000 0.00000 0.00000 0.00000 0.00000 0.00000 0.00000
 0.00000 0.00000 0.00000 0.00000 0.00000 0.00000 0.00000 0.00000 0.00000 0.00000
 0.00000 0.00000 0.00000 0.00000 0.00000 0.00000 0.00000 0.00000 0.00000 0.00000
 0.00000 0.00000 0.00000 0.00000 0.00000 0.00000 0.00000 0.00000 0.00000 0.00000
 0.00000 0.00000 0.00000 0.00000 0.00000 0.00000 0.00000 0.00000 0.00000 0.00000
 0.00000 0.00000 0.00000 0.00000 0.00000 0.00000 0.00000 0.00000 0.00000 0.00000
 0.00000 0.00000 0.00000 0.00000 0.00000 0.00000 0.00000 0.00000 0.00000 0.00000
 0.00000 0.00000 0.00000 0.00000 0.00000 0.00000 0.00000 0.00000 0.00000 0.00000
 0.00000 0.00000 0.00000 0.00000 0.00000 0.00000 0.00000 0.00000 0.00000 0.00000
 0.00000 0.00000 0.00000 0.00000 0.00000 0.00000 0.00000 0.00000 0.00000 0.00000
 0.00000 0.00000 0.00000 0.00000 0.00000 0.00000 0.00000 0.00000 0.00000 0.00000
 0.00000 0.00000 0.00000 0.00000 0.00000
 == 23-th k-point orbital energies
 Spin up:
 -0.34314 -0.29452 -0.25354 -0.25122 -0.24435 -0.22319 -0.22199 -0.21760 -0.21403 -0.20868
 -0.20502 -0.20387 -0.20066 -0.19675 -0.19474 -0.19288 -0.18437 -0.18336 -0.18259 -0.18074
 -0.17580 -0.17522 -0.17305 -0.17118 -0.16949 -0.16571 -0.16388 -0.16332 -0.16281 -0.16154
 -0.16015 -0.15801 -0.15616 -0.15504 -0.15459 -0.15117 -0.14894 -0.14796 -0.14681 -0.14558
 -0.14481 -0.14391 -0.14263 -0.13927 -0.13755 -0.13677 -0.13661 -0.13449 -0.13387 -0.13158
 -0.12944 -0.12653 -0.12507 -0.12404 -0.12135 -0.12063 -0.12009 -0.11860 -0.11808 -0.11712
 -0.11655 -0.11521 -0.10625 -0.10541 -0.09471 -0.08132 -0.07664 -0.02239 0.00619 0.00984
 0.01404 0.03361 0.05906 0.09477 0.13699 0.13920 0.16984 0.18632 0.21496 0.21686
 0.22155 0.26862 0.27707 0.28299 0.29834 0.31741 0.33641 0.35395 0.37550 0.37748
 0.39488 0.41102 0.43768 0.43964 0.45037 0.49962 0.50394 0.51166 0.52833 0.53032
 0.55889 0.56381 0.56891 0.58287 0.60189 0.62670 0.63738 0.64262 0.65258 0.66074
 0.68423 0.70981 0.72382 0.73883 0.75605 0.79620 0.79968 0.81352 0.82208 0.82328
 0.83039 0.83959 0.86307 0.88142 0.90993 0.91780 0.91975 0.92638 0.93918 0.95281
 0.97777 0.99726 1.00297 1.01605 1.04136 1.05748 1.07522 1.08363 1.11181 1.11700
 1.13956 1.15732 1.16224 1.17229 1.18166 1.18975 1.20127 1.22223 1.23223 1.24521
 1.25097 1.25902 1.26412 1.28193 1.29582 1.31484 1.32325 1.32373 1.32697 1.35268
 1.38395 1.38878 1.39619 1.40020 1.41225 1.42208 1.43779 1.44341 1.46492 1.46757
 1.47046 1.47877 1.48726 1.49645 1.50076 1.51337 1.55298 1.56780 1.59888 1.61901
 1.62924 1.64368 1.64723 1.65750 1.66537 1.67714 1.69266 1.70045 1.70361 1.70686
 1.72094 1.72242 1.73826 1.74456 1.75703 1.76308 1.77903 1.80137 1.81336 1.82125
 1.82792 1.83104 1.83947 1.85107 1.86145 1.86500 1.88294 1.90303 1.90956 1.92771
 1.93764 1.95333 1.95708 1.96345 1.98383 1.99273 2.00196 2.01297 2.02144 2.02441
 2.04009 2.04791 2.07371 2.08728 2.10202 2.11691 2.12426 2.12568 2.14058 2.15285
 2.16412 2.16962 2.17538 2.18168 2.20831 2.21369 2.22086 2.23031 2.23542 2.24861
 2.26388 2.27143 2.28355 2.29514 2.32622 2.33748 2.34650 2.36567 2.38300 2.38702
 2.39167 2.41324 2.45891 2.47075 2.47662 2.49946 2.53075 2.54127 2.58712 2.59954
 2.61468 2.63900 2.69257 2.70433 2.72990 2.73634 2.74923 2.80961 2.84124 2.85193
 2.90900 2.91493 2.92515 2.97836 3.01136 3.08169 3.18459 3.24548 3.24906 3.26171
 3.30847 3.31329 3.31536 3.32835 3.35149 3.36367 3.36408 3.36609 3.37895 3.38727
 3.39315 3.40681 3.44158 3.47365 3.48400 3.60284 3.65049 3.70527 3.72095 3.84334
 3.97763 4.02860 4.25607 4.26213 4.29931
 Occupations: 
 1.00000 1.00000 1.00000 1.00000 1.00000 1.00000 1.00000 1.00000 1.00000 1.00000
 1.00000 1.00000 1.00000 1.00000 1.00000 1.00000 1.00000 1.00000 1.00000 1.00000
 1.00000 1.00000 1.00000 1.00000 1.00000 1.00000 1.00000 1.00000 1.00000 1.00000
 1.00000 1.00000 1.00000 1.00000 1.00000 1.00000 1.00000 1.00000 1.00000 1.00000
 1.00000 1.00000 1.00000 1.00000 1.00000 1.00000 1.00000 1.00000 1.00000 1.00000
 1.00000 1.00000 1.00000 1.00000 1.00000 1.00000 1.00000 1.00000 1.00000 1.00000
 1.00000 1.00000 1.00000 1.00000 1.00000 1.00000 1.00000 0.00000 0.00000 0.00000
 0.00000 0.00000 0.00000 0.00000 0.00000 0.00000 0.00000 0.00000 0.00000 0.00000
 0.00000 0.00000 0.00000 0.00000 0.00000 0.00000 0.00000 0.00000 0.00000 0.00000
 0.00000 0.00000 0.00000 0.00000 0.00000 0.00000 0.00000 0.00000 0.00000 0.00000
 0.00000 0.00000 0.00000 0.00000 0.00000 0.00000 0.00000 0.00000 0.00000 0.00000
 0.00000 0.00000 0.00000 0.00000 0.00000 0.00000 0.00000 0.00000 0.00000 0.00000
 0.00000 0.00000 0.00000 0.00000 0.00000 0.00000 0.00000 0.00000 0.00000 0.00000
 0.00000 0.00000 0.00000 0.00000 0.00000 0.00000 0.00000 0.00000 0.00000 0.00000
 0.00000 0.00000 0.00000 0.00000 0.00000 0.00000 0.00000 0.00000 0.00000 0.00000
 0.00000 0.00000 0.00000 0.00000 0.00000 0.00000 0.00000 0.00000 0.00000 0.00000
 0.00000 0.00000 0.00000 0.00000 0.00000 0.00000 0.00000 0.00000 0.00000 0.00000
 0.00000 0.00000 0.00000 0.00000 0.00000 0.00000 0.00000 0.00000 0.00000 0.00000
 0.00000 0.00000 0.00000 0.00000 0.00000 0.00000 0.00000 0.00000 0.00000 0.00000
 0.00000 0.00000 0.00000 0.00000 0.00000 0.00000 0.00000 0.00000 0.00000 0.00000
 0.00000 0.00000 0.00000 0.00000 0.00000 0.00000 0.00000 0.00000 0.00000 0.00000
 0.00000 0.00000 0.00000 0.00000 0.00000 0.00000 0.00000 0.00000 0.00000 0.00000
 0.00000 0.00000 0.00000 0.00000 0.00000 0.00000 0.00000 0.00000 0.00000 0.00000
 0.00000 0.00000 0.00000 0.00000 0.00000 0.00000 0.00000 0.00000 0.00000 0.00000
 0.00000 0.00000 0.00000 0.00000 0.00000 0.00000 0.00000 0.00000 0.00000 0.00000
 0.00000 0.00000 0.00000 0.00000 0.00000 0.00000 0.00000 0.00000 0.00000 0.00000
 0.00000 0.00000 0.00000 0.00000 0.00000 0.00000 0.00000 0.00000 0.00000 0.00000
 0.00000 0.00000 0.00000 0.00000 0.00000 0.00000 0.00000 0.00000 0.00000 0.00000
 0.00000 0.00000 0.00000 0.00000 0.00000 0.00000 0.00000 0.00000 0.00000 0.00000
 0.00000 0.00000 0.00000 0.00000 0.00000 0.00000 0.00000 0.00000 0.00000 0.00000
 0.00000 0.00000 0.00000 0.00000 0.00000
 Spin down:
 -0.34314 -0.29452 -0.25354 -0.25122 -0.24435 -0.22319 -0.22199 -0.21760 -0.21403 -0.20868
 -0.20502 -0.20387 -0.20066 -0.19675 -0.19474 -0.19288 -0.18437 -0.18336 -0.18259 -0.18074
 -0.17580 -0.17522 -0.17305 -0.17118 -0.16949 -0.16571 -0.16388 -0.16332 -0.16281 -0.16154
 -0.16015 -0.15801 -0.15616 -0.15504 -0.15459 -0.15117 -0.14894 -0.14796 -0.14681 -0.14558
 -0.14481 -0.14391 -0.14263 -0.13927 -0.13755 -0.13677 -0.13661 -0.13449 -0.13387 -0.13158
 -0.12944 -0.12653 -0.12507 -0.12404 -0.12135 -0.12063 -0.12009 -0.11860 -0.11808 -0.11712
 -0.11655 -0.11521 -0.10625 -0.10541 -0.09471 -0.08132 -0.07664 -0.02239 0.00619 0.00984
 0.01404 0.03361 0.05906 0.09477 0.13699 0.13920 0.16984 0.18632 0.21496 0.21686
 0.22155 0.26862 0.27707 0.28299 0.29834 0.31741 0.33641 0.35395 0.37550 0.37748
 0.39488 0.41102 0.43768 0.43964 0.45037 0.49962 0.50394 0.51166 0.52833 0.53032
 0.55889 0.56381 0.56891 0.58287 0.60189 0.62670 0.63738 0.64262 0.65258 0.66074
 0.68423 0.70981 0.72382 0.73883 0.75605 0.79620 0.79968 0.81352 0.82208 0.82328
 0.83039 0.83959 0.86307 0.88142 0.90993 0.91780 0.91975 0.92638 0.93918 0.95281
 0.97777 0.99726 1.00297 1.01605 1.04136 1.05748 1.07522 1.08363 1.11181 1.11700
 1.13956 1.15732 1.16224 1.17229 1.18166 1.18975 1.20127 1.22223 1.23223 1.24521
 1.25097 1.25902 1.26412 1.28193 1.29582 1.31484 1.32325 1.32373 1.32697 1.35268
 1.38395 1.38878 1.39619 1.40020 1.41225 1.42208 1.43779 1.44341 1.46492 1.46757
 1.47046 1.47877 1.48726 1.49645 1.50076 1.51337 1.55298 1.56780 1.59888 1.61901
 1.62924 1.64368 1.64723 1.65750 1.66537 1.67714 1.69266 1.70045 1.70361 1.70686
 1.72094 1.72242 1.73826 1.74456 1.75703 1.76308 1.77903 1.80137 1.81336 1.82125
 1.82792 1.83104 1.83947 1.85107 1.86145 1.86500 1.88294 1.90303 1.90956 1.92771
 1.93764 1.95333 1.95708 1.96345 1.98383 1.99273 2.00196 2.01297 2.02144 2.02441
 2.04009 2.04791 2.07371 2.08728 2.10202 2.11691 2.12426 2.12568 2.14058 2.15285
 2.16412 2.16962 2.17538 2.18168 2.20831 2.21369 2.22086 2.23031 2.23542 2.24861
 2.26388 2.27143 2.28355 2.29514 2.32622 2.33748 2.34650 2.36567 2.38300 2.38702
 2.39167 2.41324 2.45891 2.47075 2.47662 2.49946 2.53075 2.54127 2.58712 2.59954
 2.61468 2.63900 2.69257 2.70433 2.72990 2.73634 2.74923 2.80961 2.84124 2.85193
 2.90900 2.91493 2.92515 2.97836 3.01136 3.08169 3.18459 3.24548 3.24906 3.26171
 3.30847 3.31329 3.31536 3.32835 3.35149 3.36367 3.36408 3.36609 3.37895 3.38727
 3.39315 3.40681 3.44158 3.47365 3.48400 3.60284 3.65049 3.70527 3.72095 3.84334
 3.97763 4.02860 4.25607 4.26213 4.29931
 Occupations:
 1.00000 1.00000 1.00000 1.00000 1.00000 1.00000 1.00000 1.00000 1.00000 1.00000
 1.00000 1.00000 1.00000 1.00000 1.00000 1.00000 1.00000 1.00000 1.00000 1.00000
 1.00000 1.00000 1.00000 1.00000 1.00000 1.00000 1.00000 1.00000 1.00000 1.00000
 1.00000 1.00000 1.00000 1.00000 1.00000 1.00000 1.00000 1.00000 1.00000 1.00000
 1.00000 1.00000 1.00000 1.00000 1.00000 1.00000 1.00000 1.00000 1.00000 1.00000
 1.00000 1.00000 1.00000 1.00000 1.00000 1.00000 1.00000 1.00000 1.00000 1.00000
 1.00000 1.00000 1.00000 1.00000 1.00000 1.00000 1.00000 0.00000 0.00000 0.00000
 0.00000 0.00000 0.00000 0.00000 0.00000 0.00000 0.00000 0.00000 0.00000 0.00000
 0.00000 0.00000 0.00000 0.00000 0.00000 0.00000 0.00000 0.00000 0.00000 0.00000
 0.00000 0.00000 0.00000 0.00000 0.00000 0.00000 0.00000 0.00000 0.00000 0.00000
 0.00000 0.00000 0.00000 0.00000 0.00000 0.00000 0.00000 0.00000 0.00000 0.00000
 0.00000 0.00000 0.00000 0.00000 0.00000 0.00000 0.00000 0.00000 0.00000 0.00000
 0.00000 0.00000 0.00000 0.00000 0.00000 0.00000 0.00000 0.00000 0.00000 0.00000
 0.00000 0.00000 0.00000 0.00000 0.00000 0.00000 0.00000 0.00000 0.00000 0.00000
 0.00000 0.00000 0.00000 0.00000 0.00000 0.00000 0.00000 0.00000 0.00000 0.00000
 0.00000 0.00000 0.00000 0.00000 0.00000 0.00000 0.00000 0.00000 0.00000 0.00000
 0.00000 0.00000 0.00000 0.00000 0.00000 0.00000 0.00000 0.00000 0.00000 0.00000
 0.00000 0.00000 0.00000 0.00000 0.00000 0.00000 0.00000 0.00000 0.00000 0.00000
 0.00000 0.00000 0.00000 0.00000 0.00000 0.00000 0.00000 0.00000 0.00000 0.00000
 0.00000 0.00000 0.00000 0.00000 0.00000 0.00000 0.00000 0.00000 0.00000 0.00000
 0.00000 0.00000 0.00000 0.00000 0.00000 0.00000 0.00000 0.00000 0.00000 0.00000
 0.00000 0.00000 0.00000 0.00000 0.00000 0.00000 0.00000 0.00000 0.00000 0.00000
 0.00000 0.00000 0.00000 0.00000 0.00000 0.00000 0.00000 0.00000 0.00000 0.00000
 0.00000 0.00000 0.00000 0.00000 0.00000 0.00000 0.00000 0.00000 0.00000 0.00000
 0.00000 0.00000 0.00000 0.00000 0.00000 0.00000 0.00000 0.00000 0.00000 0.00000
 0.00000 0.00000 0.00000 0.00000 0.00000 0.00000 0.00000 0.00000 0.00000 0.00000
 0.00000 0.00000 0.00000 0.00000 0.00000 0.00000 0.00000 0.00000 0.00000 0.00000
 0.00000 0.00000 0.00000 0.00000 0.00000 0.00000 0.00000 0.00000 0.00000 0.00000
 0.00000 0.00000 0.00000 0.00000 0.00000 0.00000 0.00000 0.00000 0.00000 0.00000
 0.00000 0.00000 0.00000 0.00000 0.00000 0.00000 0.00000 0.00000 0.00000 0.00000
 0.00000 0.00000 0.00000 0.00000 0.00000
 == 24-th k-point orbital energies
 Spin up:
 -0.33288 -0.29266 -0.27695 -0.24531 -0.22911 -0.22177 -0.22108 -0.21518 -0.21245 -0.21068
 -0.20575 -0.20032 -0.19978 -0.19402 -0.19244 -0.19084 -0.18423 -0.18295 -0.18210 -0.18114
 -0.17848 -0.17790 -0.17743 -0.17086 -0.16889 -0.16598 -0.16376 -0.16312 -0.16190 -0.16078
 -0.15893 -0.15768 -0.15600 -0.15486 -0.15375 -0.15350 -0.15253 -0.15142 -0.15091 -0.14996
 -0.14952 -0.14515 -0.14202 -0.14039 -0.13914 -0.13878 -0.13682 -0.13624 -0.13373 -0.13270
 -0.13072 -0.12900 -0.12818 -0.12678 -0.12616 -0.12489 -0.12453 -0.11959 -0.11806 -0.11750
 -0.11608 -0.11476 -0.11320 -0.11221 -0.07940 -0.05850 -0.05734 -0.03957 -0.01810 -0.01547
 0.00848 0.05475 0.07471 0.08441 0.15072 0.17204 0.18258 0.19818 0.20971 0.23425
 0.24125 0.25480 0.27283 0.27609 0.30988 0.31627 0.32118 0.33908 0.37769 0.39931
 0.40707 0.41278 0.41471 0.42515 0.44749 0.49151 0.50298 0.50911 0.53029 0.53159
 0.54171 0.54379 0.57595 0.59681 0.60633 0.61808 0.63162 0.64382 0.65700 0.66891
 0.67708 0.68206 0.69596 0.71536 0.74631 0.77133 0.77736 0.79601 0.81042 0.82480
 0.82946 0.83628 0.85889 0.87849 0.90558 0.91820 0.94176 0.94481 0.96533 0.97407
 0.98332 1.00102 1.02659 1.03901 1.04483 1.06192 1.09847 1.11610 1.12463 1.13430
 1.14540 1.15221 1.15600 1.16569 1.17247 1.18270 1.22382 1.23805 1.25620 1.26968
 1.27478 1.28196 1.29151 1.30753 1.31444 1.31784 1.32162 1.33181 1.34397 1.34718
 1.36690 1.37489 1.38283 1.38848 1.39561 1.40064 1.41274 1.43002 1.44112 1.45148
 1.47181 1.47388 1.48141 1.49674 1.50815 1.52302 1.52904 1.55101 1.56651 1.58447
 1.60177 1.60696 1.62406 1.63058 1.64126 1.66159 1.66978 1.68447 1.69077 1.69583
 1.70558 1.71587 1.72085 1.73547 1.76487 1.77811 1.80245 1.80540 1.82613 1.82802
 1.83322 1.84687 1.84979 1.85107 1.86899 1.87722 1.88518 1.89595 1.90268 1.91832
 1.94167 1.95319 1.95971 1.97288 1.98241 1.99182 1.99417 2.00382 2.02207 2.02974
 2.03551 2.05744 2.06574 2.07504 2.08895 2.11092 2.12551 2.12935 2.13333 2.13901
 2.14469 2.14809 2.15831 2.16784 2.19963 2.21646 2.22245 2.23844 2.25366 2.25740
 2.26225 2.26292 2.28633 2.29963 2.31162 2.32230 2.33496 2.34233 2.34665 2.36454
 2.39111 2.43645 2.46692 2.47711 2.48330 2.49929 2.52529 2.55857 2.58806 2.62283
 2.64201 2.65298 2.65463 2.68749 2.70554 2.71589 2.73130 2.73533 2.76488 2.79000
 2.81586 2.83923 2.85902 3.06739 3.07228 3.11542 3.13897 3.20714 3.21681 3.22891
 3.23766 3.30106 3.31194 3.32625 3.33443 3.38198 3.38906 3.40373 3.41677 3.42535
 3.43242 3.43747 3.44848 3.50369 3.52480 3.53954 3.59260 3.81301 3.86449 3.94262
 3.99908 4.06249 4.09402 4.29614 4.30358
 Occupations: 
 1.00000 1.00000 1.00000 1.00000 1.00000 1.00000 1.00000 1.00000 1.00000 1.00000
 1.00000 1.00000 1.00000 1.00000 1.00000 1.00000 1.00000 1.00000 1.00000 1.00000
 1.00000 1.00000 1.00000 1.00000 1.00000 1.00000 1.00000 1.00000 1.00000 1.00000
 1.00000 1.00000 1.00000 1.00000 1.00000 1.00000 1.00000 1.00000 1.00000 1.00000
 1.00000 1.00000 1.00000 1.00000 1.00000 1.00000 1.00000 1.00000 1.00000 1.00000
 1.00000 1.00000 1.00000 1.00000 1.00000 1.00000 1.00000 1.00000 1.00000 1.00000
 1.00000 1.00000 1.00000 1.00000 1.00000 0.66242 0.37988 0.00000 0.00000 0.00000
 0.00000 0.00000 0.00000 0.00000 0.00000 0.00000 0.00000 0.00000 0.00000 0.00000
 0.00000 0.00000 0.00000 0.00000 0.00000 0.00000 0.00000 0.00000 0.00000 0.00000
 0.00000 0.00000 0.00000 0.00000 0.00000 0.00000 0.00000 0.00000 0.00000 0.00000
 0.00000 0.00000 0.00000 0.00000 0.00000 0.00000 0.00000 0.00000 0.00000 0.00000
 0.00000 0.00000 0.00000 0.00000 0.00000 0.00000 0.00000 0.00000 0.00000 0.00000
 0.00000 0.00000 0.00000 0.00000 0.00000 0.00000 0.00000 0.00000 0.00000 0.00000
 0.00000 0.00000 0.00000 0.00000 0.00000 0.00000 0.00000 0.00000 0.00000 0.00000
 0.00000 0.00000 0.00000 0.00000 0.00000 0.00000 0.00000 0.00000 0.00000 0.00000
 0.00000 0.00000 0.00000 0.00000 0.00000 0.00000 0.00000 0.00000 0.00000 0.00000
 0.00000 0.00000 0.00000 0.00000 0.00000 0.00000 0.00000 0.00000 0.00000 0.00000
 0.00000 0.00000 0.00000 0.00000 0.00000 0.00000 0.00000 0.00000 0.00000 0.00000
 0.00000 0.00000 0.00000 0.00000 0.00000 0.00000 0.00000 0.00000 0.00000 0.00000
 0.00000 0.00000 0.00000 0.00000 0.00000 0.00000 0.00000 0.00000 0.00000 0.00000
 0.00000 0.00000 0.00000 0.00000 0.00000 0.00000 0.00000 0.00000 0.00000 0.00000
 0.00000 0.00000 0.00000 0.00000 0.00000 0.00000 0.00000 0.00000 0.00000 0.00000
 0.00000 0.00000 0.00000 0.00000 0.00000 0.00000 0.00000 0.00000 0.00000 0.00000
 0.00000 0.00000 0.00000 0.00000 0.00000 0.00000 0.00000 0.00000 0.00000 0.00000
 0.00000 0.00000 0.00000 0.00000 0.00000 0.00000 0.00000 0.00000 0.00000 0.00000
 0.00000 0.00000 0.00000 0.00000 0.00000 0.00000 0.00000 0.00000 0.00000 0.00000
 0.00000 0.00000 0.00000 0.00000 0.00000 0.00000 0.00000 0.00000 0.00000 0.00000
 0.00000 0.00000 0.00000 0.00000 0.00000 0.00000 0.00000 0.00000 0.00000 0.00000
 0.00000 0.00000 0.00000 0.00000 0.00000 0.00000 0.00000 0.00000 0.00000 0.00000
 0.00000 0.00000 0.00000 0.00000 0.00000 0.00000 0.00000 0.00000 0.00000 0.00000
 0.00000 0.00000 0.00000 0.00000 0.00000
 Spin down:
 -0.33288 -0.29266 -0.27695 -0.24531 -0.22911 -0.22177 -0.22108 -0.21518 -0.21245 -0.21068
 -0.20575 -0.20032 -0.19978 -0.19402 -0.19244 -0.19084 -0.18423 -0.18295 -0.18210 -0.18114
 -0.17848 -0.17790 -0.17743 -0.17086 -0.16889 -0.16598 -0.16376 -0.16312 -0.16190 -0.16078
 -0.15893 -0.15768 -0.15600 -0.15486 -0.15375 -0.15350 -0.15253 -0.15142 -0.15091 -0.14996
 -0.14952 -0.14515 -0.14202 -0.14039 -0.13914 -0.13878 -0.13682 -0.13624 -0.13373 -0.13270
 -0.13072 -0.12900 -0.12818 -0.12678 -0.12616 -0.12489 -0.12453 -0.11959 -0.11806 -0.11750
 -0.11608 -0.11476 -0.11320 -0.11221 -0.07940 -0.05850 -0.05734 -0.03957 -0.01810 -0.01547
 0.00848 0.05475 0.07471 0.08441 0.15072 0.17204 0.18258 0.19818 0.20971 0.23425
 0.24125 0.25480 0.27283 0.27609 0.30988 0.31627 0.32118 0.33908 0.37769 0.39931
 0.40707 0.41278 0.41471 0.42515 0.44749 0.49151 0.50298 0.50911 0.53029 0.53159
 0.54171 0.54379 0.57595 0.59681 0.60633 0.61808 0.63162 0.64382 0.65700 0.66891
 0.67708 0.68206 0.69596 0.71536 0.74631 0.77133 0.77736 0.79601 0.81042 0.82480
 0.82946 0.83628 0.85889 0.87849 0.90558 0.91820 0.94176 0.94481 0.96533 0.97407
 0.98332 1.00102 1.02659 1.03901 1.04483 1.06192 1.09847 1.11610 1.12463 1.13430
 1.14540 1.15221 1.15600 1.16569 1.17247 1.18270 1.22382 1.23805 1.25620 1.26968
 1.27478 1.28196 1.29151 1.30753 1.31444 1.31784 1.32162 1.33181 1.34397 1.34718
 1.36690 1.37489 1.38283 1.38848 1.39561 1.40064 1.41274 1.43002 1.44112 1.45148
 1.47181 1.47388 1.48141 1.49674 1.50815 1.52302 1.52904 1.55101 1.56651 1.58447
 1.60177 1.60696 1.62406 1.63058 1.64126 1.66159 1.66978 1.68447 1.69077 1.69583
 1.70558 1.71587 1.72085 1.73547 1.76487 1.77811 1.80245 1.80540 1.82613 1.82802
 1.83322 1.84687 1.84979 1.85107 1.86899 1.87722 1.88518 1.89595 1.90268 1.91832
 1.94167 1.95319 1.95971 1.97288 1.98241 1.99182 1.99417 2.00382 2.02207 2.02974
 2.03551 2.05744 2.06574 2.07504 2.08895 2.11092 2.12551 2.12935 2.13333 2.13901
 2.14469 2.14809 2.15831 2.16784 2.19963 2.21646 2.22245 2.23844 2.25366 2.25740
 2.26225 2.26292 2.28633 2.29963 2.31162 2.32230 2.33496 2.34233 2.34665 2.36454
 2.39111 2.43645 2.46692 2.47711 2.48330 2.49929 2.52529 2.55857 2.58806 2.62283
 2.64201 2.65298 2.65463 2.68749 2.70554 2.71589 2.73130 2.73533 2.76488 2.79000
 2.81586 2.83923 2.85902 3.06739 3.07228 3.11542 3.13897 3.20714 3.21681 3.22891
 3.23766 3.30106 3.31194 3.32625 3.33443 3.38198 3.38906 3.40373 3.41677 3.42535
 3.43242 3.43747 3.44848 3.50369 3.52480 3.53954 3.59260 3.81301 3.86449 3.94262
 3.99908 4.06249 4.09402 4.29614 4.30358
 Occupations:
 1.00000 1.00000 1.00000 1.00000 1.00000 1.00000 1.00000 1.00000 1.00000 1.00000
 1.00000 1.00000 1.00000 1.00000 1.00000 1.00000 1.00000 1.00000 1.00000 1.00000
 1.00000 1.00000 1.00000 1.00000 1.00000 1.00000 1.00000 1.00000 1.00000 1.00000
 1.00000 1.00000 1.00000 1.00000 1.00000 1.00000 1.00000 1.00000 1.00000 1.00000
 1.00000 1.00000 1.00000 1.00000 1.00000 1.00000 1.00000 1.00000 1.00000 1.00000
 1.00000 1.00000 1.00000 1.00000 1.00000 1.00000 1.00000 1.00000 1.00000 1.00000
 1.00000 1.00000 1.00000 1.00000 1.00000 0.66243 0.37989 0.00000 0.00000 0.00000
 0.00000 0.00000 0.00000 0.00000 0.00000 0.00000 0.00000 0.00000 0.00000 0.00000
 0.00000 0.00000 0.00000 0.00000 0.00000 0.00000 0.00000 0.00000 0.00000 0.00000
 0.00000 0.00000 0.00000 0.00000 0.00000 0.00000 0.00000 0.00000 0.00000 0.00000
 0.00000 0.00000 0.00000 0.00000 0.00000 0.00000 0.00000 0.00000 0.00000 0.00000
 0.00000 0.00000 0.00000 0.00000 0.00000 0.00000 0.00000 0.00000 0.00000 0.00000
 0.00000 0.00000 0.00000 0.00000 0.00000 0.00000 0.00000 0.00000 0.00000 0.00000
 0.00000 0.00000 0.00000 0.00000 0.00000 0.00000 0.00000 0.00000 0.00000 0.00000
 0.00000 0.00000 0.00000 0.00000 0.00000 0.00000 0.00000 0.00000 0.00000 0.00000
 0.00000 0.00000 0.00000 0.00000 0.00000 0.00000 0.00000 0.00000 0.00000 0.00000
 0.00000 0.00000 0.00000 0.00000 0.00000 0.00000 0.00000 0.00000 0.00000 0.00000
 0.00000 0.00000 0.00000 0.00000 0.00000 0.00000 0.00000 0.00000 0.00000 0.00000
 0.00000 0.00000 0.00000 0.00000 0.00000 0.00000 0.00000 0.00000 0.00000 0.00000
 0.00000 0.00000 0.00000 0.00000 0.00000 0.00000 0.00000 0.00000 0.00000 0.00000
 0.00000 0.00000 0.00000 0.00000 0.00000 0.00000 0.00000 0.00000 0.00000 0.00000
 0.00000 0.00000 0.00000 0.00000 0.00000 0.00000 0.00000 0.00000 0.00000 0.00000
 0.00000 0.00000 0.00000 0.00000 0.00000 0.00000 0.00000 0.00000 0.00000 0.00000
 0.00000 0.00000 0.00000 0.00000 0.00000 0.00000 0.00000 0.00000 0.00000 0.00000
 0.00000 0.00000 0.00000 0.00000 0.00000 0.00000 0.00000 0.00000 0.00000 0.00000
 0.00000 0.00000 0.00000 0.00000 0.00000 0.00000 0.00000 0.00000 0.00000 0.00000
 0.00000 0.00000 0.00000 0.00000 0.00000 0.00000 0.00000 0.00000 0.00000 0.00000
 0.00000 0.00000 0.00000 0.00000 0.00000 0.00000 0.00000 0.00000 0.00000 0.00000
 0.00000 0.00000 0.00000 0.00000 0.00000 0.00000 0.00000 0.00000 0.00000 0.00000
 0.00000 0.00000 0.00000 0.00000 0.00000 0.00000 0.00000 0.00000 0.00000 0.00000
 0.00000 0.00000 0.00000 0.00000 0.00000

 The final Fermi energy from SCF is -1.57351 eV

           Ground-State Mulliken Net Atomic Charges

      Atom                 Charge (a.u.)          Spin (a.u.)
   --------------------------------------------------------
      1 Cu                (0.011298,0.000000)  (-0.000001,-0.000000)
      2 Cu               (0.020583,-0.000000)  (-0.000001,-0.000000)
      3 Cu                (0.021297,0.000000)  (-0.000001,-0.000000)
      4 Cu               (0.021255,-0.000000)   (-0.000001,0.000000)
      5 Cu              (-0.032189,-0.000000)  (-0.000001,-0.000000)
      6 Cu               (-0.032335,0.000000)  (-0.000001,-0.000000)
      7 Cu               (-0.047276,0.000000)   (-0.000001,0.000000)
      8 Cu              (-0.031512,-0.000000)  (-0.000001,-0.000000)
      9 Cu               (-0.047822,0.000000)   (-0.000001,0.000000)
     10 Cu               (-0.047865,0.000000)  (-0.000001,-0.000000)
     11 Cu                (0.071400,0.000000)   (-0.000001,0.000000)
     12 Cu               (0.068198,-0.000000)  (-0.000001,-0.000000)
     13  H                (0.024968,0.000000)   (-0.000000,0.000000)
   --------------------------------------------------------
  Sum of atomic charges =     (-0.000000,-0.000000)
  Sum of spin   charges =     (-0.000010,-0.000000)



 Total job time:  3212.17 s.
 Fri Jun 12 19:27:39 2026


        *************************************************************
        *                                                           *
        *  Thank you very much for using QCPBC. Have a nice day.    *
        *                                                           *
        *************************************************************

