
Running job 1 of 1
                  Welcome to Q-Chem
           with Periodic Boundary Conditions
     A Quantum Leap Into The Future Of Chemistry

 Adam Rettig, Xintian Feng, Meng-Fu Chen, Hieu Dinh, Anton Ni,
 Stephen Quiton, Paul J. Robinson, Jinghong Zhang, Joonho Lee

Contributors to earlier versions of Q-Chem not listed above:
 Evgeny Epifanovsky, Leo Cunha, Jerome F. Gonthier, Kuan-Yu Liu
 Input file: /n/home10/lko/qcpbc/scratch//INPUT_Cu_H_top.scratch20260705130457/INPUT_Cu_H_top.0
 Scratch folder: /n/home10/lko/qcpbc/scratch//INPUT_Cu_H_top.scratch20260705130457
 Auxillary files located at: /n/home10/lko/qcpbc/qcpbc/qcaux
 Q-Chem begins on Sun Jul  5 13:05:05 2026

 -------------------------------------------------------------
 User input:
 -------------------------------------------------------------
 $lattice
  3
   5.1123820280 0.0000000000 0.0000000000
   2.5561910140 4.4274527101 0.0000000000
   0.0000000000 0.0000000000 34.1742424462
 $end
 $unitcell
  ABSOLUTE
  0 1
 Cu      1.278095506994685      0.737908785013432     15.000000000000000
 Cu      3.834286520984055      0.737908785013432     15.000000000000000
 Cu      2.556191013989370      2.951635140053729     15.000000000000000
 Cu      5.112382027978740      2.951635140053729     15.000000000000000
 Cu      0.000000000000000      1.475817570026865     17.087121223120498
 Cu      2.556191013989370      1.475817570026865     17.087121223120498
 Cu      1.278095506994685      3.689543925067162     17.087121223120498
 Cu      3.834286520984055      3.689543925067162     17.087121223120498
 Cu      0.000000000000000      0.000000000000000     19.174242446240996
 Cu      2.556191013989370      0.000000000000000     19.174242446240996
 Cu      1.278095506994685      2.213726355040297     19.174242446240996
 Cu      3.834286520984055      2.213726355040297     19.174242446240996
 H       0.000000000000000      0.000000000000000     20.68407
 $end
 $rem
 jobtype sp
 unrestricted true 
 method pbe
 pseudo GTH-PBE
 basis DZVP-MOLOPT-PBE-GTH
 kecut 1500
 symmetry false
 scf_guess read
 DFT_D 6
 !gpw_method shellpair
 collinear_gscf true
 scf_convergence 8
 scf_algorithm diis
 !tscf true
 !theta 0.001
 max_scf_cycles 200
 mem_total 300000
 scf_print 2
 mp_mesh [5,5,1]
 occ_smearing Fermi
 smearing_sigma 0.001
 $end
 $rem_autosad
 incfock 1000
 scf_algorithm gdm_ls
 scf_convergence 7
 $end
 -------------------------------------------------------------
 Running PBC job

 Requested Exchange Correlation Functionals: 
  DFT Exchange:  1.00000 pbe_x
  DFT Correlation:  1.00000 pbe_c
 using 64 threads for computing.
 ---------------------------------------------------------------
      Coordinates of Atoms in Central Unit Cell (Angstroms)
    I     Atom         X            Y            Z
 ---------------------------------------------------------------
    1      Cu      1.278096     0.737909    15.000000
    2      Cu      3.834287     0.737909    15.000000
    3      Cu      2.556191     2.951635    15.000000
    4      Cu      5.112382     2.951635    15.000000
    5      Cu      0.000000     1.475818    17.087121
    6      Cu      2.556191     1.475818    17.087121
    7      Cu      1.278096     3.689544    17.087121
    8      Cu      3.834287     3.689544    17.087121
    9      Cu      0.000000     0.000000    19.174242
   10      Cu      2.556191     0.000000    19.174242
   11      Cu      1.278096     2.213726    19.174242
   12      Cu      3.834287     2.213726    19.174242
   13       H      0.000000     0.000000    20.684070
 ---------------------------------------------------------------
 --------------------------------------------------
              Lattice Vectors (Angstroms)
              X            Y            Z
 --------------------------------------------------
   a1       5.112382     0.000000     0.000000
   a2       2.556191     4.427453     0.000000
   a3       0.000000     0.000000    34.174242
 --------------------------------------------------
 --------------------------------------------------
       Reciprocal Lattice Vectors (Angstroms^-1)
              X            Y            Z
 --------------------------------------------------
   b1       1.229013    -0.709571     0.000000
   b2      -0.000000     1.419142     0.000000
   b3       0.000000     0.000000     0.183857
 --------------------------------------------------

 Single point calculation requested


 K-Points calculation started.

 There are 305 basis functions in the central unit cell.
 There are 363 image cells after screening.
 There are 225 image cells for CGTO evaluation after screening.
 Real-Space grid for FFT initialized based on kinetic energy cutoff (eV) = 1500.0
 Real-Space grid for FFT: (23,23,153)
 There are 678163 real-space grid points.

 Adding empirical dispersion correction 
 ----------------------------------------------------------------
 Doing -D3(BJ) with
 s6  =   1.00000
 s8  =   0.78750
 a1  =   0.42890
 a2  =   4.44070
 ----------------------------------------------------------------
 Spacegroup symmetry group: P3m1  (hall_number: 446)
    Reducing spacegroup symmetry to symmorphic group: P 3 m 1  (hall_number: 446)
 Monkhorst-Pack mesh is [5,5,1]
 There are 25 k points.
 Smearing occupation scheme, kind: fermi, sigma: 0.0010000000, collinear GSCF occupation scheme
 k-points (Bohr^-1):
 == 0-th k-point nmo = 305 (-0.26015,-0.15020,0.00000) ==
 == 1-th k-point nmo = 305 (-0.26015,-0.00000,0.00000) ==
 == 2-th k-point nmo = 305 (-0.26015,0.15020,0.00000) ==
 == 3-th k-point nmo = 305 (-0.26015,0.30039,0.00000) ==
 == 4-th k-point nmo = 305 (-0.26015,0.45059,0.00000) ==
 == 5-th k-point nmo = 305 (-0.13007,-0.22529,0.00000) ==
 == 6-th k-point nmo = 305 (-0.13007,-0.07510,0.00000) ==
 == 7-th k-point nmo = 305 (-0.13007,0.07510,0.00000) ==
 == 8-th k-point nmo = 305 (-0.13007,0.22529,0.00000) ==
 == 9-th k-point nmo = 305 (-0.13007,0.37549,0.00000) ==
 == 10-th k-point nmo = 305 (0.00000,-0.30039,0.00000) ==
 == 11-th k-point nmo = 305 (0.00000,-0.15020,0.00000) ==
 == 12-th k-point nmo = 305 (0.00000,0.00000,0.00000) ==
 == 13-th k-point nmo = 305 (-0.00000,0.15020,0.00000) ==
 == 14-th k-point nmo = 305 (-0.00000,0.30039,0.00000) ==
 == 15-th k-point nmo = 305 (0.13007,-0.37549,0.00000) ==
 == 16-th k-point nmo = 305 (0.13007,-0.22529,0.00000) ==
 == 17-th k-point nmo = 305 (0.13007,-0.07510,0.00000) ==
 == 18-th k-point nmo = 305 (0.13007,0.07510,0.00000) ==
 == 19-th k-point nmo = 305 (0.13007,0.22529,0.00000) ==
 == 20-th k-point nmo = 305 (0.26015,-0.45059,0.00000) ==
 == 21-th k-point nmo = 305 (0.26015,-0.30039,0.00000) ==
 == 22-th k-point nmo = 305 (0.26015,-0.15020,0.00000) ==
 == 23-th k-point nmo = 305 (0.26015,0.00000,0.00000) ==
 == 24-th k-point nmo = 305 (0.26015,0.15020,0.00000) ==

 There are 66.500000 alpha and 66.500000 beta electrons per k-point
 Reading guess density from scratch folder
 Reading guess density from scratch data context

 Start computing CGTO
 CGTO with derivative is computed and kept in memory, which occupies 233641 MB (25.97% sparsity)

 smearing ON : fermi
  sigma: 1.000e-03
 electronic temperature: 1.000e-03 a.u.
 electronic temperature: 315.78 K
The total number of electrons in this calculation is 3325.00000
 ----------------------------------------------
 Guess energy: -578.0723769462
 ----------------------------------------------
 Guess energy components:
 D3 correction     Energy =  -0.17129961100165
 DFT Correlation   Energy =  -5.42774449946130
 DFT Exchange      Energy = -87.86609334766813
 Kinetic           Energy = 836.11178299515086
 Nuclear Repulsion Energy = 4547.55733985717598
 Pseudo Potential  Energy = -10997.27293173964608
 Total Coulomb     Energy = 5128.99656939927809
 ----------------------------------------------
  Cycle       Energy         DIIS error
 ----------------------------------------------
    1    -577.7983953373      3.40e-04  M = 1.000000
 Energy components after cycle 1:
 D3 correction     Energy =  -0.17129961100165
 DFT Correlation   Energy =  -5.43518662612319
 DFT Exchange      Energy = -88.07182872531672
 Kinetic           Energy = 838.06258322197186
 Nuclear Repulsion Energy = 4547.55733985717598
 Pseudo Potential  Energy = -11017.15855600885152
 Total Coulomb     Energy = 5147.41855255483460
    2    -577.9969722411      3.91e-03  M = 1.000000
 Energy components after cycle 2:
 D3 correction     Energy =  -0.17129961100165
 DFT Correlation   Energy =  -5.43096682305466
 DFT Exchange      Energy = -88.00972668485181
 Kinetic           Energy = 837.59380845274688
 Nuclear Repulsion Energy = 4547.55733985717598
 Pseudo Potential  Energy = -11007.89140555260747
 Total Coulomb     Energy = 5138.35527812049622
    3    -578.0740543556      2.08e-03  M = 1.000000
 Energy components after cycle 3:
 D3 correction     Energy =  -0.17129961100165
 DFT Correlation   Energy =  -5.42870401448977
 DFT Exchange      Energy = -87.95574279610292
 Kinetic           Energy = 837.04499736814057
 Nuclear Repulsion Energy = 4547.55733985717598
 Pseudo Potential  Energy = -11001.72071386617790
 Total Coulomb     Energy = 5132.60006870682082
    4    -578.0743874966      1.75e-04  M = 1.000000
 Energy components after cycle 4:
 D3 correction     Energy =  -0.17129961100165
 DFT Correlation   Energy =  -5.42857665427861
 DFT Exchange      Energy = -87.88533770314545
 Kinetic           Energy = 836.26788036635594
 Nuclear Repulsion Energy = 4547.55733985717598
 Pseudo Potential  Energy = -10999.77820345568216
 Total Coulomb     Energy = 5131.36380970397931
    5    -578.0745276170      1.22e-04  M = 1.000000
 Energy components after cycle 5:
 D3 correction     Energy =  -0.17129961100165
 DFT Correlation   Energy =  -5.42856099531312
 DFT Exchange      Energy = -87.88785453416747
 Kinetic           Energy = 836.30194627897242
 Nuclear Repulsion Energy = 4547.55733985717598
 Pseudo Potential  Energy = -10999.55767090908739
 Total Coulomb     Energy = 5131.11157229639139
    6    -578.0746566696      7.05e-05  M = 1.000000
 Energy components after cycle 6:
 D3 correction     Energy =  -0.17129961100165
 DFT Correlation   Energy =  -5.42859339642818
 DFT Exchange      Energy = -87.90570505644604
 Kinetic           Energy = 836.50212680109212
 Nuclear Repulsion Energy = 4547.55733985717598
 Pseudo Potential  Energy = -11000.09268291098488
 Total Coulomb     Energy = 5131.46415764704125
    7    -578.0746546691      1.32e-05  M = 1.000000
 Energy components after cycle 7:
 D3 correction     Energy =  -0.17129961100165
 DFT Correlation   Energy =  -5.42851076868362
 DFT Exchange      Energy = -87.90705242570570
 Kinetic           Energy = 836.51949636480265
 Nuclear Repulsion Energy = 4547.55733985717598
 Pseudo Potential  Energy = -11000.05165338874394
 Total Coulomb     Energy = 5131.40702530302951
    8    -578.0746565374      7.61e-06  M = 1.000000
 Energy components after cycle 8:
 D3 correction     Energy =  -0.17129961100165
 DFT Correlation   Energy =  -5.42850675703540
 DFT Exchange      Energy = -87.90606561300930
 Kinetic           Energy = 836.50793384951510
 Nuclear Repulsion Energy = 4547.55733985717598
 Pseudo Potential  Energy = -11000.02628468274634
 Total Coulomb     Energy = 5131.39222641965716
    9    -578.0746566359      3.16e-06  M = 1.000000
 Energy components after cycle 9:
 D3 correction     Energy =  -0.17129961100165
 DFT Correlation   Energy =  -5.42852763499042
 DFT Exchange      Energy = -87.90589916716793
 Kinetic           Energy = 836.50507744739355
 Nuclear Repulsion Energy = 4547.55733985717598
 Pseudo Potential  Energy = -11000.04340353667249
 Total Coulomb     Energy = 5131.41205600936701
   10    -578.0746570346      1.32e-06  M = 1.000000
 Energy components after cycle 10:
 D3 correction     Energy =  -0.17129961100165
 DFT Correlation   Energy =  -5.42852653421487
 DFT Exchange      Energy = -87.90630401484003
 Kinetic           Energy = 836.50984388099789
 Nuclear Repulsion Energy = 4547.55733985717598
 Pseudo Potential  Energy = -11000.05361471658398
 Total Coulomb     Energy = 5131.41790410391513
   11    -578.0746569804      6.94e-07  M = 1.000000
 Energy components after cycle 11:
 D3 correction     Energy =  -0.17129961100165
 DFT Correlation   Energy =  -5.42852569934311
 DFT Exchange      Energy = -87.90625118482357
 Kinetic           Energy = 836.50928047741604
 Nuclear Repulsion Energy = 4547.55733985717598
 Pseudo Potential  Energy = -11000.05138510022334
 Total Coulomb     Energy = 5131.41618428044058
   12    -578.0746569430      3.12e-07  M = 1.000000
 Energy components after cycle 12:
 D3 correction     Energy =  -0.17129961100165
 DFT Correlation   Energy =  -5.42852537255293
 DFT Exchange      Energy = -87.90619915474224
 Kinetic           Energy = 836.50869380126812
 Nuclear Repulsion Energy = 4547.55733985717598
 Pseudo Potential  Energy = -11000.04917067203678
 Total Coulomb     Energy = 5131.41450420893761
   13    -578.0746569211      1.34e-07  M = 1.000000
 Energy components after cycle 13:
 D3 correction     Energy =  -0.17129961100165
 DFT Correlation   Energy =  -5.42852481758877
 DFT Exchange      Energy = -87.90619334618657
 Kinetic           Energy = 836.50865007814321
 Nuclear Repulsion Energy = 4547.55733985717598
 Pseudo Potential  Energy = -11000.04824304245813
 Total Coulomb     Energy = 5131.41361396084721
   14    -578.0746569079      1.81e-07  M = 1.000000
 Energy components after cycle 14:
 D3 correction     Energy =  -0.17129961100165
 DFT Correlation   Energy =  -5.42852469803013
 DFT Exchange      Energy = -87.90619097688577
 Kinetic           Energy = 836.50863225781393
 Nuclear Repulsion Energy = 4547.55733985717598
 Pseudo Potential  Energy = -11000.04817398439809
 Total Coulomb     Energy = 5131.41356024747438
   15    -578.0746569087      2.99e-08  M = 1.000000
 Energy components after cycle 15:
 D3 correction     Energy =  -0.17129961100165
 DFT Correlation   Energy =  -5.42852474064322
 DFT Exchange      Energy = -87.90619105874026
 Kinetic           Energy = 836.50863254261969
 Nuclear Repulsion Energy = 4547.55733985717598
 Pseudo Potential  Energy = -11000.04822070163937
 Total Coulomb     Energy = 5131.41360680354592
   16    -578.0746569085      2.01e-08  M = 1.000000
 Energy components after cycle 16:
 D3 correction     Energy =  -0.17129961100165
 DFT Correlation   Energy =  -5.42852482412363
 DFT Exchange      Energy = -87.90618761394002
 Kinetic           Energy = 836.50859374050822
 Nuclear Repulsion Energy = 4547.55733985717598
 Pseudo Potential  Energy = -11000.04821715712751
 Total Coulomb     Energy = 5131.41363869997349
   17    -578.0746569122      1.60e-08  M = 1.000000
 Energy components after cycle 17:
 D3 correction     Energy =  -0.17129961100165
 DFT Correlation   Energy =  -5.42852475526047
 DFT Exchange      Energy = -87.90619102332495
 Kinetic           Energy = 836.50863340578417
 Nuclear Repulsion Energy = 4547.55733985717598
 Pseudo Potential  Energy = -11000.04822968398003
 Total Coulomb     Energy = 5131.41361489841438
   18    -578.0746569122      7.59e-09  M = 1.000000
 Energy components after cycle 18:
 D3 correction     Energy =  -0.17129961100165
 DFT Correlation   Energy =  -5.42852475526047
 DFT Exchange      Energy = -87.90619102332495
 Kinetic           Energy = 836.50863340578417
 Nuclear Repulsion Energy = 4547.55733985717598
 Pseudo Potential  Energy = -11000.04822968398003
 Total Coulomb     Energy = 5131.41361489841438
   18    -578.0746569122      7.59e-09  Convergence criterion met
 ----------------------------------------------
 Final energy components:
 D3 correction     Energy =  -0.17129961100165
 DFT Correlation   Energy =  -5.42852475526047
 DFT Exchange      Energy = -87.90619102332495
 Kinetic           Energy = 836.50863340578417
 Nuclear Repulsion Energy = 4547.55733985717598
 Pseudo Potential  Energy = -11000.04822968398003
 Total Coulomb     Energy = 5131.41361489841438
 ----------------------------------------------
 Final energy is -578.0746569122

 Electronic Entropic Energy (TS) is 0.0013930495

 Free Energy (E - TS) is -578.0760499616

 SCF time:   CPU 254152.64s  wall 4295.00s 
 ---------------------------------------------------------------------------
                 Molecular Orbital Energies and Occupations
 ---------------------------------------------------------------------------
 == 0-th k-point orbital energies
 Spin up:
 -0.33143 -0.28426 -0.26743 -0.23898 -0.22741 -0.22492 -0.22105 -0.21945 -0.21540 -0.21105
 -0.20804 -0.20268 -0.20070 -0.19643 -0.19589 -0.19310 -0.18715 -0.18623 -0.18419 -0.18335
 -0.18099 -0.18056 -0.17747 -0.17263 -0.17160 -0.16829 -0.16810 -0.16701 -0.16525 -0.16325
 -0.16181 -0.16027 -0.15897 -0.15790 -0.15725 -0.15607 -0.15580 -0.15404 -0.15296 -0.15227
 -0.15218 -0.14993 -0.14374 -0.14318 -0.14260 -0.14115 -0.14026 -0.13892 -0.13570 -0.13484
 -0.13388 -0.13328 -0.12917 -0.12851 -0.12829 -0.12786 -0.12677 -0.12324 -0.12068 -0.11851
 -0.11818 -0.11783 -0.11518 -0.11485 -0.08782 -0.06032 -0.05909 -0.04559 -0.01917 -0.01630
 -0.00118 0.04655 0.07395 0.08055 0.12927 0.17028 0.17307 0.19885 0.21202 0.22822
 0.24587 0.25460 0.26985 0.27555 0.29813 0.31419 0.32684 0.33972 0.37789 0.39881
 0.40596 0.40810 0.41449 0.41970 0.48498 0.48856 0.50289 0.51508 0.52844 0.53148
 0.54300 0.54325 0.57382 0.60445 0.60783 0.61833 0.61904 0.63346 0.65032 0.66670
 0.67121 0.68062 0.69458 0.72050 0.74647 0.77104 0.77787 0.78359 0.78525 0.82027
 0.82080 0.82912 0.85152 0.87562 0.88559 0.92153 0.93714 0.93864 0.95271 0.96705
 0.97388 1.01530 1.01755 1.03143 1.06940 1.07875 1.09880 1.10601 1.12386 1.12490
 1.14137 1.14893 1.15820 1.16483 1.17338 1.18686 1.23118 1.23844 1.25386 1.26627
 1.27175 1.27597 1.29537 1.30428 1.31341 1.31520 1.32758 1.33739 1.34755 1.35071
 1.35935 1.37477 1.38012 1.38797 1.39314 1.39878 1.41297 1.42803 1.43370 1.45377
 1.46414 1.47119 1.48174 1.49993 1.50555 1.52172 1.53131 1.53394 1.56392 1.57835
 1.59491 1.60264 1.61748 1.62043 1.63112 1.63968 1.66782 1.67545 1.69361 1.69402
 1.69933 1.71375 1.71632 1.73399 1.73526 1.75895 1.79375 1.79803 1.80397 1.81279
 1.82605 1.83726 1.84358 1.84731 1.85143 1.86721 1.88494 1.88825 1.89827 1.90216
 1.92068 1.95257 1.95692 1.96658 1.97597 1.98441 1.98877 1.99457 2.01270 2.02197
 2.03132 2.04331 2.05075 2.06593 2.07164 2.10703 2.12072 2.12294 2.12908 2.13590
 2.14026 2.14293 2.15635 2.15971 2.17499 2.20202 2.20964 2.21966 2.22460 2.22673
 2.25402 2.26003 2.26651 2.27704 2.29568 2.30502 2.31068 2.33155 2.35182 2.36021
 2.37983 2.41903 2.42808 2.46814 2.47201 2.50441 2.52058 2.54816 2.57686 2.59528
 2.62784 2.63298 2.65561 2.66663 2.70157 2.70583 2.73361 2.73852 2.75153 2.77124
 2.81667 2.83597 2.85869 2.90327 3.06686 3.07347 3.11669 3.11840 3.20673 3.21474
 3.22506 3.24071 3.29977 3.30803 3.33020 3.33383 3.38654 3.38996 3.41401 3.41719
 3.42444 3.42918 3.43428 3.45050 3.50307 3.52676 3.54556 3.60393 3.78603 3.83751
 3.97752 4.05972 4.07629 4.29295 4.30201
 Occupations: 
 1.00000 1.00000 1.00000 1.00000 1.00000 1.00000 1.00000 1.00000 1.00000 1.00000
 1.00000 1.00000 1.00000 1.00000 1.00000 1.00000 1.00000 1.00000 1.00000 1.00000
 1.00000 1.00000 1.00000 1.00000 1.00000 1.00000 1.00000 1.00000 1.00000 1.00000
 1.00000 1.00000 1.00000 1.00000 1.00000 1.00000 1.00000 1.00000 1.00000 1.00000
 1.00000 1.00000 1.00000 1.00000 1.00000 1.00000 1.00000 1.00000 1.00000 1.00000
 1.00000 1.00000 1.00000 1.00000 1.00000 1.00000 1.00000 1.00000 1.00000 1.00000
 1.00000 1.00000 1.00000 1.00000 1.00000 0.70179 0.40919 0.00000 0.00000 0.00000
 0.00000 0.00000 0.00000 0.00000 0.00000 0.00000 0.00000 0.00000 0.00000 0.00000
 0.00000 0.00000 0.00000 0.00000 0.00000 0.00000 0.00000 0.00000 0.00000 0.00000
 0.00000 0.00000 0.00000 0.00000 0.00000 0.00000 0.00000 0.00000 0.00000 0.00000
 0.00000 0.00000 0.00000 0.00000 0.00000 0.00000 0.00000 0.00000 0.00000 0.00000
 0.00000 0.00000 0.00000 0.00000 0.00000 0.00000 0.00000 0.00000 0.00000 0.00000
 0.00000 0.00000 0.00000 0.00000 0.00000 0.00000 0.00000 0.00000 0.00000 0.00000
 0.00000 0.00000 0.00000 0.00000 0.00000 0.00000 0.00000 0.00000 0.00000 0.00000
 0.00000 0.00000 0.00000 0.00000 0.00000 0.00000 0.00000 0.00000 0.00000 0.00000
 0.00000 0.00000 0.00000 0.00000 0.00000 0.00000 0.00000 0.00000 0.00000 0.00000
 0.00000 0.00000 0.00000 0.00000 0.00000 0.00000 0.00000 0.00000 0.00000 0.00000
 0.00000 0.00000 0.00000 0.00000 0.00000 0.00000 0.00000 0.00000 0.00000 0.00000
 0.00000 0.00000 0.00000 0.00000 0.00000 0.00000 0.00000 0.00000 0.00000 0.00000
 0.00000 0.00000 0.00000 0.00000 0.00000 0.00000 0.00000 0.00000 0.00000 0.00000
 0.00000 0.00000 0.00000 0.00000 0.00000 0.00000 0.00000 0.00000 0.00000 0.00000
 0.00000 0.00000 0.00000 0.00000 0.00000 0.00000 0.00000 0.00000 0.00000 0.00000
 0.00000 0.00000 0.00000 0.00000 0.00000 0.00000 0.00000 0.00000 0.00000 0.00000
 0.00000 0.00000 0.00000 0.00000 0.00000 0.00000 0.00000 0.00000 0.00000 0.00000
 0.00000 0.00000 0.00000 0.00000 0.00000 0.00000 0.00000 0.00000 0.00000 0.00000
 0.00000 0.00000 0.00000 0.00000 0.00000 0.00000 0.00000 0.00000 0.00000 0.00000
 0.00000 0.00000 0.00000 0.00000 0.00000 0.00000 0.00000 0.00000 0.00000 0.00000
 0.00000 0.00000 0.00000 0.00000 0.00000 0.00000 0.00000 0.00000 0.00000 0.00000
 0.00000 0.00000 0.00000 0.00000 0.00000 0.00000 0.00000 0.00000 0.00000 0.00000
 0.00000 0.00000 0.00000 0.00000 0.00000 0.00000 0.00000 0.00000 0.00000 0.00000
 0.00000 0.00000 0.00000 0.00000 0.00000
 Spin down:
 -0.33143 -0.28426 -0.26743 -0.23898 -0.22741 -0.22492 -0.22105 -0.21945 -0.21540 -0.21105
 -0.20804 -0.20268 -0.20070 -0.19643 -0.19589 -0.19310 -0.18715 -0.18623 -0.18419 -0.18335
 -0.18099 -0.18056 -0.17747 -0.17263 -0.17160 -0.16829 -0.16810 -0.16701 -0.16525 -0.16325
 -0.16181 -0.16027 -0.15897 -0.15790 -0.15725 -0.15607 -0.15580 -0.15404 -0.15296 -0.15227
 -0.15218 -0.14993 -0.14374 -0.14318 -0.14260 -0.14115 -0.14026 -0.13892 -0.13570 -0.13484
 -0.13388 -0.13328 -0.12917 -0.12851 -0.12829 -0.12786 -0.12677 -0.12324 -0.12068 -0.11851
 -0.11818 -0.11783 -0.11518 -0.11485 -0.08782 -0.06032 -0.05909 -0.04559 -0.01917 -0.01630
 -0.00118 0.04655 0.07395 0.08055 0.12927 0.17028 0.17307 0.19885 0.21202 0.22822
 0.24587 0.25460 0.26985 0.27555 0.29813 0.31419 0.32684 0.33972 0.37789 0.39881
 0.40596 0.40810 0.41449 0.41970 0.48498 0.48856 0.50289 0.51508 0.52844 0.53148
 0.54300 0.54325 0.57382 0.60445 0.60783 0.61833 0.61904 0.63346 0.65032 0.66670
 0.67121 0.68062 0.69458 0.72050 0.74647 0.77104 0.77787 0.78359 0.78525 0.82027
 0.82080 0.82912 0.85152 0.87562 0.88559 0.92153 0.93714 0.93864 0.95271 0.96705
 0.97388 1.01530 1.01755 1.03143 1.06940 1.07875 1.09880 1.10601 1.12386 1.12490
 1.14137 1.14893 1.15820 1.16483 1.17338 1.18686 1.23118 1.23844 1.25386 1.26627
 1.27175 1.27597 1.29537 1.30428 1.31341 1.31520 1.32758 1.33739 1.34755 1.35071
 1.35935 1.37477 1.38012 1.38797 1.39314 1.39878 1.41297 1.42803 1.43370 1.45377
 1.46414 1.47119 1.48174 1.49993 1.50555 1.52172 1.53131 1.53394 1.56392 1.57835
 1.59491 1.60264 1.61748 1.62043 1.63112 1.63968 1.66782 1.67545 1.69361 1.69402
 1.69933 1.71375 1.71632 1.73399 1.73526 1.75895 1.79375 1.79803 1.80397 1.81279
 1.82605 1.83726 1.84358 1.84731 1.85143 1.86721 1.88494 1.88825 1.89827 1.90216
 1.92068 1.95257 1.95692 1.96658 1.97597 1.98441 1.98877 1.99457 2.01270 2.02197
 2.03132 2.04331 2.05075 2.06593 2.07164 2.10703 2.12072 2.12294 2.12908 2.13590
 2.14026 2.14293 2.15635 2.15971 2.17499 2.20202 2.20964 2.21966 2.22460 2.22673
 2.25402 2.26003 2.26651 2.27704 2.29568 2.30502 2.31068 2.33155 2.35182 2.36021
 2.37983 2.41903 2.42808 2.46814 2.47201 2.50441 2.52058 2.54816 2.57686 2.59528
 2.62784 2.63298 2.65561 2.66663 2.70157 2.70583 2.73361 2.73852 2.75153 2.77124
 2.81667 2.83597 2.85869 2.90327 3.06686 3.07347 3.11669 3.11840 3.20673 3.21474
 3.22506 3.24071 3.29977 3.30803 3.33020 3.33383 3.38654 3.38996 3.41401 3.41719
 3.42444 3.42918 3.43428 3.45050 3.50307 3.52676 3.54556 3.60393 3.78603 3.83751
 3.97752 4.05972 4.07629 4.29295 4.30201
 Occupations:
 1.00000 1.00000 1.00000 1.00000 1.00000 1.00000 1.00000 1.00000 1.00000 1.00000
 1.00000 1.00000 1.00000 1.00000 1.00000 1.00000 1.00000 1.00000 1.00000 1.00000
 1.00000 1.00000 1.00000 1.00000 1.00000 1.00000 1.00000 1.00000 1.00000 1.00000
 1.00000 1.00000 1.00000 1.00000 1.00000 1.00000 1.00000 1.00000 1.00000 1.00000
 1.00000 1.00000 1.00000 1.00000 1.00000 1.00000 1.00000 1.00000 1.00000 1.00000
 1.00000 1.00000 1.00000 1.00000 1.00000 1.00000 1.00000 1.00000 1.00000 1.00000
 1.00000 1.00000 1.00000 1.00000 1.00000 0.70181 0.40923 0.00000 0.00000 0.00000
 0.00000 0.00000 0.00000 0.00000 0.00000 0.00000 0.00000 0.00000 0.00000 0.00000
 0.00000 0.00000 0.00000 0.00000 0.00000 0.00000 0.00000 0.00000 0.00000 0.00000
 0.00000 0.00000 0.00000 0.00000 0.00000 0.00000 0.00000 0.00000 0.00000 0.00000
 0.00000 0.00000 0.00000 0.00000 0.00000 0.00000 0.00000 0.00000 0.00000 0.00000
 0.00000 0.00000 0.00000 0.00000 0.00000 0.00000 0.00000 0.00000 0.00000 0.00000
 0.00000 0.00000 0.00000 0.00000 0.00000 0.00000 0.00000 0.00000 0.00000 0.00000
 0.00000 0.00000 0.00000 0.00000 0.00000 0.00000 0.00000 0.00000 0.00000 0.00000
 0.00000 0.00000 0.00000 0.00000 0.00000 0.00000 0.00000 0.00000 0.00000 0.00000
 0.00000 0.00000 0.00000 0.00000 0.00000 0.00000 0.00000 0.00000 0.00000 0.00000
 0.00000 0.00000 0.00000 0.00000 0.00000 0.00000 0.00000 0.00000 0.00000 0.00000
 0.00000 0.00000 0.00000 0.00000 0.00000 0.00000 0.00000 0.00000 0.00000 0.00000
 0.00000 0.00000 0.00000 0.00000 0.00000 0.00000 0.00000 0.00000 0.00000 0.00000
 0.00000 0.00000 0.00000 0.00000 0.00000 0.00000 0.00000 0.00000 0.00000 0.00000
 0.00000 0.00000 0.00000 0.00000 0.00000 0.00000 0.00000 0.00000 0.00000 0.00000
 0.00000 0.00000 0.00000 0.00000 0.00000 0.00000 0.00000 0.00000 0.00000 0.00000
 0.00000 0.00000 0.00000 0.00000 0.00000 0.00000 0.00000 0.00000 0.00000 0.00000
 0.00000 0.00000 0.00000 0.00000 0.00000 0.00000 0.00000 0.00000 0.00000 0.00000
 0.00000 0.00000 0.00000 0.00000 0.00000 0.00000 0.00000 0.00000 0.00000 0.00000
 0.00000 0.00000 0.00000 0.00000 0.00000 0.00000 0.00000 0.00000 0.00000 0.00000
 0.00000 0.00000 0.00000 0.00000 0.00000 0.00000 0.00000 0.00000 0.00000 0.00000
 0.00000 0.00000 0.00000 0.00000 0.00000 0.00000 0.00000 0.00000 0.00000 0.00000
 0.00000 0.00000 0.00000 0.00000 0.00000 0.00000 0.00000 0.00000 0.00000 0.00000
 0.00000 0.00000 0.00000 0.00000 0.00000 0.00000 0.00000 0.00000 0.00000 0.00000
 0.00000 0.00000 0.00000 0.00000 0.00000
 == 1-th k-point orbital energies
 Spin up:
 -0.34214 -0.27678 -0.25597 -0.25369 -0.23151 -0.22617 -0.22510 -0.21837 -0.21705 -0.21016
 -0.20665 -0.20516 -0.20297 -0.19834 -0.19788 -0.19620 -0.18851 -0.18794 -0.18459 -0.18095
 -0.17818 -0.17626 -0.17455 -0.17436 -0.17126 -0.16929 -0.16746 -0.16551 -0.16422 -0.16379
 -0.16295 -0.16210 -0.16024 -0.15780 -0.15653 -0.15471 -0.15268 -0.15105 -0.14946 -0.14845
 -0.14616 -0.14578 -0.14505 -0.14302 -0.14185 -0.14085 -0.13803 -0.13604 -0.13555 -0.13439
 -0.13181 -0.13064 -0.12807 -0.12674 -0.12404 -0.12335 -0.12163 -0.12102 -0.12012 -0.11935
 -0.11896 -0.11753 -0.10748 -0.10712 -0.10078 -0.08321 -0.07983 -0.03738 0.00594 0.00775
 0.01207 0.03206 0.05795 0.07222 0.13595 0.13854 0.16098 0.18937 0.20889 0.21863
 0.21968 0.25063 0.28080 0.28122 0.29297 0.31926 0.34556 0.35128 0.37195 0.37737
 0.40217 0.40927 0.42418 0.43795 0.48208 0.49390 0.50845 0.51171 0.51953 0.54330
 0.54409 0.56246 0.57990 0.58305 0.59621 0.62598 0.63302 0.63745 0.64922 0.67286
 0.68305 0.68465 0.70687 0.73371 0.74150 0.79537 0.79902 0.80967 0.81343 0.82128
 0.83156 0.83869 0.86495 0.87567 0.88367 0.91008 0.91925 0.92100 0.93818 0.94242
 0.96939 0.99869 1.00381 1.03177 1.04901 1.05950 1.07018 1.08711 1.11209 1.11345
 1.12678 1.14635 1.16555 1.17444 1.17967 1.19188 1.21931 1.22709 1.23261 1.23837
 1.24385 1.25976 1.26328 1.29045 1.29705 1.30638 1.31054 1.32517 1.33636 1.34867
 1.36903 1.38235 1.38869 1.39442 1.41197 1.42596 1.43572 1.43977 1.45010 1.46207
 1.46961 1.47348 1.49062 1.49653 1.49902 1.52595 1.56292 1.58275 1.59004 1.59591
 1.61775 1.63488 1.64207 1.65364 1.66414 1.67313 1.67354 1.68988 1.69826 1.70367
 1.71091 1.72341 1.72984 1.73378 1.75077 1.75689 1.76435 1.79007 1.80617 1.81128
 1.81933 1.82913 1.83738 1.83932 1.84825 1.87321 1.88468 1.89755 1.90498 1.92338
 1.92497 1.94588 1.95720 1.96405 1.97507 1.98329 1.98801 2.00845 2.01846 2.01951
 2.02600 2.03664 2.05153 2.06599 2.08115 2.09767 2.10360 2.12176 2.14141 2.14767
 2.15176 2.16716 2.17265 2.17410 2.18155 2.20224 2.20920 2.21810 2.22900 2.23104
 2.24072 2.25023 2.26258 2.28949 2.30256 2.31079 2.33807 2.36069 2.37335 2.38166
 2.38646 2.39759 2.42850 2.44167 2.46365 2.48709 2.50350 2.53419 2.55582 2.59421
 2.60561 2.63742 2.65989 2.70187 2.71094 2.73007 2.73861 2.75247 2.80384 2.83758
 2.86651 2.90267 2.91938 2.96084 2.99173 3.02212 3.11068 3.18639 3.25514 3.25709
 3.26269 3.30482 3.30910 3.32086 3.32401 3.36055 3.36110 3.36245 3.36577 3.37606
 3.38379 3.39209 3.40134 3.44734 3.47147 3.49717 3.62162 3.65064 3.69619 3.71553
 3.81973 4.00658 4.25424 4.25796 4.29830
 Occupations: 
 1.00000 1.00000 1.00000 1.00000 1.00000 1.00000 1.00000 1.00000 1.00000 1.00000
 1.00000 1.00000 1.00000 1.00000 1.00000 1.00000 1.00000 1.00000 1.00000 1.00000
 1.00000 1.00000 1.00000 1.00000 1.00000 1.00000 1.00000 1.00000 1.00000 1.00000
 1.00000 1.00000 1.00000 1.00000 1.00000 1.00000 1.00000 1.00000 1.00000 1.00000
 1.00000 1.00000 1.00000 1.00000 1.00000 1.00000 1.00000 1.00000 1.00000 1.00000
 1.00000 1.00000 1.00000 1.00000 1.00000 1.00000 1.00000 1.00000 1.00000 1.00000
 1.00000 1.00000 1.00000 1.00000 1.00000 1.00000 1.00000 0.00000 0.00000 0.00000
 0.00000 0.00000 0.00000 0.00000 0.00000 0.00000 0.00000 0.00000 0.00000 0.00000
 0.00000 0.00000 0.00000 0.00000 0.00000 0.00000 0.00000 0.00000 0.00000 0.00000
 0.00000 0.00000 0.00000 0.00000 0.00000 0.00000 0.00000 0.00000 0.00000 0.00000
 0.00000 0.00000 0.00000 0.00000 0.00000 0.00000 0.00000 0.00000 0.00000 0.00000
 0.00000 0.00000 0.00000 0.00000 0.00000 0.00000 0.00000 0.00000 0.00000 0.00000
 0.00000 0.00000 0.00000 0.00000 0.00000 0.00000 0.00000 0.00000 0.00000 0.00000
 0.00000 0.00000 0.00000 0.00000 0.00000 0.00000 0.00000 0.00000 0.00000 0.00000
 0.00000 0.00000 0.00000 0.00000 0.00000 0.00000 0.00000 0.00000 0.00000 0.00000
 0.00000 0.00000 0.00000 0.00000 0.00000 0.00000 0.00000 0.00000 0.00000 0.00000
 0.00000 0.00000 0.00000 0.00000 0.00000 0.00000 0.00000 0.00000 0.00000 0.00000
 0.00000 0.00000 0.00000 0.00000 0.00000 0.00000 0.00000 0.00000 0.00000 0.00000
 0.00000 0.00000 0.00000 0.00000 0.00000 0.00000 0.00000 0.00000 0.00000 0.00000
 0.00000 0.00000 0.00000 0.00000 0.00000 0.00000 0.00000 0.00000 0.00000 0.00000
 0.00000 0.00000 0.00000 0.00000 0.00000 0.00000 0.00000 0.00000 0.00000 0.00000
 0.00000 0.00000 0.00000 0.00000 0.00000 0.00000 0.00000 0.00000 0.00000 0.00000
 0.00000 0.00000 0.00000 0.00000 0.00000 0.00000 0.00000 0.00000 0.00000 0.00000
 0.00000 0.00000 0.00000 0.00000 0.00000 0.00000 0.00000 0.00000 0.00000 0.00000
 0.00000 0.00000 0.00000 0.00000 0.00000 0.00000 0.00000 0.00000 0.00000 0.00000
 0.00000 0.00000 0.00000 0.00000 0.00000 0.00000 0.00000 0.00000 0.00000 0.00000
 0.00000 0.00000 0.00000 0.00000 0.00000 0.00000 0.00000 0.00000 0.00000 0.00000
 0.00000 0.00000 0.00000 0.00000 0.00000 0.00000 0.00000 0.00000 0.00000 0.00000
 0.00000 0.00000 0.00000 0.00000 0.00000 0.00000 0.00000 0.00000 0.00000 0.00000
 0.00000 0.00000 0.00000 0.00000 0.00000 0.00000 0.00000 0.00000 0.00000 0.00000
 0.00000 0.00000 0.00000 0.00000 0.00000
 Spin down:
 -0.34214 -0.27678 -0.25597 -0.25369 -0.23151 -0.22617 -0.22510 -0.21837 -0.21705 -0.21016
 -0.20665 -0.20516 -0.20297 -0.19834 -0.19788 -0.19620 -0.18851 -0.18794 -0.18459 -0.18095
 -0.17818 -0.17626 -0.17455 -0.17436 -0.17126 -0.16929 -0.16746 -0.16551 -0.16422 -0.16379
 -0.16295 -0.16210 -0.16024 -0.15780 -0.15653 -0.15471 -0.15268 -0.15105 -0.14946 -0.14845
 -0.14616 -0.14578 -0.14505 -0.14302 -0.14185 -0.14085 -0.13803 -0.13604 -0.13555 -0.13439
 -0.13181 -0.13064 -0.12807 -0.12674 -0.12404 -0.12335 -0.12163 -0.12102 -0.12012 -0.11935
 -0.11896 -0.11753 -0.10748 -0.10712 -0.10078 -0.08321 -0.07983 -0.03738 0.00594 0.00775
 0.01207 0.03206 0.05795 0.07222 0.13595 0.13854 0.16098 0.18937 0.20889 0.21863
 0.21968 0.25063 0.28080 0.28122 0.29297 0.31926 0.34556 0.35128 0.37195 0.37737
 0.40217 0.40927 0.42418 0.43795 0.48208 0.49390 0.50845 0.51171 0.51953 0.54330
 0.54409 0.56246 0.57990 0.58305 0.59621 0.62598 0.63302 0.63745 0.64922 0.67286
 0.68305 0.68465 0.70687 0.73371 0.74150 0.79537 0.79902 0.80967 0.81343 0.82128
 0.83156 0.83869 0.86495 0.87567 0.88367 0.91008 0.91925 0.92100 0.93818 0.94242
 0.96939 0.99869 1.00381 1.03177 1.04901 1.05950 1.07018 1.08711 1.11209 1.11345
 1.12678 1.14635 1.16555 1.17444 1.17967 1.19188 1.21931 1.22709 1.23261 1.23837
 1.24385 1.25976 1.26328 1.29045 1.29705 1.30638 1.31054 1.32517 1.33636 1.34867
 1.36903 1.38235 1.38869 1.39442 1.41197 1.42596 1.43572 1.43977 1.45010 1.46207
 1.46961 1.47348 1.49062 1.49653 1.49902 1.52595 1.56292 1.58275 1.59004 1.59591
 1.61775 1.63488 1.64207 1.65364 1.66414 1.67313 1.67354 1.68988 1.69826 1.70367
 1.71091 1.72341 1.72984 1.73378 1.75077 1.75689 1.76435 1.79007 1.80617 1.81128
 1.81933 1.82913 1.83738 1.83932 1.84825 1.87321 1.88468 1.89755 1.90498 1.92338
 1.92497 1.94588 1.95720 1.96405 1.97507 1.98329 1.98801 2.00845 2.01846 2.01951
 2.02600 2.03664 2.05153 2.06599 2.08115 2.09767 2.10360 2.12176 2.14141 2.14767
 2.15176 2.16716 2.17265 2.17410 2.18155 2.20224 2.20920 2.21810 2.22900 2.23104
 2.24072 2.25023 2.26258 2.28949 2.30256 2.31079 2.33807 2.36069 2.37335 2.38166
 2.38646 2.39759 2.42850 2.44167 2.46365 2.48709 2.50350 2.53419 2.55582 2.59421
 2.60561 2.63742 2.65989 2.70187 2.71094 2.73007 2.73861 2.75247 2.80384 2.83758
 2.86651 2.90267 2.91938 2.96084 2.99173 3.02212 3.11068 3.18639 3.25514 3.25709
 3.26269 3.30482 3.30910 3.32086 3.32401 3.36055 3.36110 3.36245 3.36577 3.37606
 3.38379 3.39209 3.40134 3.44734 3.47147 3.49717 3.62162 3.65064 3.69619 3.71553
 3.81973 4.00658 4.25424 4.25796 4.29830
 Occupations:
 1.00000 1.00000 1.00000 1.00000 1.00000 1.00000 1.00000 1.00000 1.00000 1.00000
 1.00000 1.00000 1.00000 1.00000 1.00000 1.00000 1.00000 1.00000 1.00000 1.00000
 1.00000 1.00000 1.00000 1.00000 1.00000 1.00000 1.00000 1.00000 1.00000 1.00000
 1.00000 1.00000 1.00000 1.00000 1.00000 1.00000 1.00000 1.00000 1.00000 1.00000
 1.00000 1.00000 1.00000 1.00000 1.00000 1.00000 1.00000 1.00000 1.00000 1.00000
 1.00000 1.00000 1.00000 1.00000 1.00000 1.00000 1.00000 1.00000 1.00000 1.00000
 1.00000 1.00000 1.00000 1.00000 1.00000 1.00000 1.00000 0.00000 0.00000 0.00000
 0.00000 0.00000 0.00000 0.00000 0.00000 0.00000 0.00000 0.00000 0.00000 0.00000
 0.00000 0.00000 0.00000 0.00000 0.00000 0.00000 0.00000 0.00000 0.00000 0.00000
 0.00000 0.00000 0.00000 0.00000 0.00000 0.00000 0.00000 0.00000 0.00000 0.00000
 0.00000 0.00000 0.00000 0.00000 0.00000 0.00000 0.00000 0.00000 0.00000 0.00000
 0.00000 0.00000 0.00000 0.00000 0.00000 0.00000 0.00000 0.00000 0.00000 0.00000
 0.00000 0.00000 0.00000 0.00000 0.00000 0.00000 0.00000 0.00000 0.00000 0.00000
 0.00000 0.00000 0.00000 0.00000 0.00000 0.00000 0.00000 0.00000 0.00000 0.00000
 0.00000 0.00000 0.00000 0.00000 0.00000 0.00000 0.00000 0.00000 0.00000 0.00000
 0.00000 0.00000 0.00000 0.00000 0.00000 0.00000 0.00000 0.00000 0.00000 0.00000
 0.00000 0.00000 0.00000 0.00000 0.00000 0.00000 0.00000 0.00000 0.00000 0.00000
 0.00000 0.00000 0.00000 0.00000 0.00000 0.00000 0.00000 0.00000 0.00000 0.00000
 0.00000 0.00000 0.00000 0.00000 0.00000 0.00000 0.00000 0.00000 0.00000 0.00000
 0.00000 0.00000 0.00000 0.00000 0.00000 0.00000 0.00000 0.00000 0.00000 0.00000
 0.00000 0.00000 0.00000 0.00000 0.00000 0.00000 0.00000 0.00000 0.00000 0.00000
 0.00000 0.00000 0.00000 0.00000 0.00000 0.00000 0.00000 0.00000 0.00000 0.00000
 0.00000 0.00000 0.00000 0.00000 0.00000 0.00000 0.00000 0.00000 0.00000 0.00000
 0.00000 0.00000 0.00000 0.00000 0.00000 0.00000 0.00000 0.00000 0.00000 0.00000
 0.00000 0.00000 0.00000 0.00000 0.00000 0.00000 0.00000 0.00000 0.00000 0.00000
 0.00000 0.00000 0.00000 0.00000 0.00000 0.00000 0.00000 0.00000 0.00000 0.00000
 0.00000 0.00000 0.00000 0.00000 0.00000 0.00000 0.00000 0.00000 0.00000 0.00000
 0.00000 0.00000 0.00000 0.00000 0.00000 0.00000 0.00000 0.00000 0.00000 0.00000
 0.00000 0.00000 0.00000 0.00000 0.00000 0.00000 0.00000 0.00000 0.00000 0.00000
 0.00000 0.00000 0.00000 0.00000 0.00000 0.00000 0.00000 0.00000 0.00000 0.00000
 0.00000 0.00000 0.00000 0.00000 0.00000
 == 2-th k-point orbital energies
 Spin up:
 -0.33143 -0.28426 -0.26743 -0.23898 -0.22741 -0.22492 -0.22106 -0.21945 -0.21540 -0.21105
 -0.20804 -0.20268 -0.20070 -0.19643 -0.19589 -0.19309 -0.18715 -0.18623 -0.18419 -0.18335
 -0.18099 -0.18056 -0.17747 -0.17263 -0.17160 -0.16828 -0.16810 -0.16701 -0.16525 -0.16325
 -0.16181 -0.16027 -0.15897 -0.15790 -0.15725 -0.15607 -0.15580 -0.15404 -0.15296 -0.15227
 -0.15218 -0.14993 -0.14374 -0.14318 -0.14260 -0.14115 -0.14026 -0.13891 -0.13570 -0.13484
 -0.13388 -0.13328 -0.12917 -0.12850 -0.12829 -0.12786 -0.12676 -0.12324 -0.12068 -0.11851
 -0.11818 -0.11783 -0.11518 -0.11486 -0.08782 -0.06032 -0.05910 -0.04559 -0.01917 -0.01630
 -0.00118 0.04655 0.07395 0.08055 0.12927 0.17028 0.17307 0.19885 0.21202 0.22822
 0.24587 0.25460 0.26985 0.27555 0.29813 0.31419 0.32684 0.33972 0.37789 0.39881
 0.40596 0.40810 0.41449 0.41970 0.48498 0.48856 0.50289 0.51508 0.52844 0.53148
 0.54300 0.54325 0.57382 0.60445 0.60783 0.61833 0.61904 0.63346 0.65032 0.66670
 0.67121 0.68062 0.69458 0.72050 0.74647 0.77103 0.77787 0.78359 0.78525 0.82027
 0.82080 0.82912 0.85152 0.87562 0.88559 0.92153 0.93714 0.93864 0.95271 0.96705
 0.97388 1.01530 1.01755 1.03143 1.06940 1.07875 1.09880 1.10601 1.12386 1.12490
 1.14137 1.14893 1.15820 1.16483 1.17338 1.18686 1.23118 1.23844 1.25386 1.26627
 1.27175 1.27597 1.29537 1.30428 1.31341 1.31520 1.32758 1.33739 1.34755 1.35071
 1.35935 1.37477 1.38012 1.38797 1.39314 1.39878 1.41297 1.42803 1.43370 1.45377
 1.46414 1.47119 1.48174 1.49993 1.50555 1.52172 1.53131 1.53394 1.56392 1.57835
 1.59491 1.60264 1.61748 1.62043 1.63112 1.63969 1.66782 1.67545 1.69361 1.69402
 1.69933 1.71375 1.71632 1.73399 1.73526 1.75895 1.79375 1.79803 1.80397 1.81279
 1.82605 1.83726 1.84358 1.84731 1.85143 1.86721 1.88494 1.88825 1.89827 1.90216
 1.92068 1.95257 1.95692 1.96658 1.97597 1.98441 1.98877 1.99457 2.01270 2.02197
 2.03132 2.04331 2.05075 2.06593 2.07164 2.10703 2.12072 2.12294 2.12908 2.13590
 2.14026 2.14293 2.15635 2.15971 2.17499 2.20202 2.20964 2.21966 2.22460 2.22673
 2.25402 2.26003 2.26651 2.27704 2.29568 2.30502 2.31068 2.33155 2.35182 2.36021
 2.37983 2.41903 2.42808 2.46815 2.47201 2.50441 2.52058 2.54816 2.57686 2.59528
 2.62784 2.63298 2.65561 2.66663 2.70157 2.70583 2.73361 2.73852 2.75153 2.77124
 2.81667 2.83597 2.85869 2.90327 3.06686 3.07347 3.11669 3.11840 3.20673 3.21474
 3.22506 3.24071 3.29977 3.30803 3.33020 3.33383 3.38654 3.38996 3.41401 3.41719
 3.42444 3.42918 3.43428 3.45050 3.50307 3.52676 3.54556 3.60393 3.78603 3.83751
 3.97752 4.05972 4.07629 4.29295 4.30201
 Occupations: 
 1.00000 1.00000 1.00000 1.00000 1.00000 1.00000 1.00000 1.00000 1.00000 1.00000
 1.00000 1.00000 1.00000 1.00000 1.00000 1.00000 1.00000 1.00000 1.00000 1.00000
 1.00000 1.00000 1.00000 1.00000 1.00000 1.00000 1.00000 1.00000 1.00000 1.00000
 1.00000 1.00000 1.00000 1.00000 1.00000 1.00000 1.00000 1.00000 1.00000 1.00000
 1.00000 1.00000 1.00000 1.00000 1.00000 1.00000 1.00000 1.00000 1.00000 1.00000
 1.00000 1.00000 1.00000 1.00000 1.00000 1.00000 1.00000 1.00000 1.00000 1.00000
 1.00000 1.00000 1.00000 1.00000 1.00000 0.70231 0.40976 0.00000 0.00000 0.00000
 0.00000 0.00000 0.00000 0.00000 0.00000 0.00000 0.00000 0.00000 0.00000 0.00000
 0.00000 0.00000 0.00000 0.00000 0.00000 0.00000 0.00000 0.00000 0.00000 0.00000
 0.00000 0.00000 0.00000 0.00000 0.00000 0.00000 0.00000 0.00000 0.00000 0.00000
 0.00000 0.00000 0.00000 0.00000 0.00000 0.00000 0.00000 0.00000 0.00000 0.00000
 0.00000 0.00000 0.00000 0.00000 0.00000 0.00000 0.00000 0.00000 0.00000 0.00000
 0.00000 0.00000 0.00000 0.00000 0.00000 0.00000 0.00000 0.00000 0.00000 0.00000
 0.00000 0.00000 0.00000 0.00000 0.00000 0.00000 0.00000 0.00000 0.00000 0.00000
 0.00000 0.00000 0.00000 0.00000 0.00000 0.00000 0.00000 0.00000 0.00000 0.00000
 0.00000 0.00000 0.00000 0.00000 0.00000 0.00000 0.00000 0.00000 0.00000 0.00000
 0.00000 0.00000 0.00000 0.00000 0.00000 0.00000 0.00000 0.00000 0.00000 0.00000
 0.00000 0.00000 0.00000 0.00000 0.00000 0.00000 0.00000 0.00000 0.00000 0.00000
 0.00000 0.00000 0.00000 0.00000 0.00000 0.00000 0.00000 0.00000 0.00000 0.00000
 0.00000 0.00000 0.00000 0.00000 0.00000 0.00000 0.00000 0.00000 0.00000 0.00000
 0.00000 0.00000 0.00000 0.00000 0.00000 0.00000 0.00000 0.00000 0.00000 0.00000
 0.00000 0.00000 0.00000 0.00000 0.00000 0.00000 0.00000 0.00000 0.00000 0.00000
 0.00000 0.00000 0.00000 0.00000 0.00000 0.00000 0.00000 0.00000 0.00000 0.00000
 0.00000 0.00000 0.00000 0.00000 0.00000 0.00000 0.00000 0.00000 0.00000 0.00000
 0.00000 0.00000 0.00000 0.00000 0.00000 0.00000 0.00000 0.00000 0.00000 0.00000
 0.00000 0.00000 0.00000 0.00000 0.00000 0.00000 0.00000 0.00000 0.00000 0.00000
 0.00000 0.00000 0.00000 0.00000 0.00000 0.00000 0.00000 0.00000 0.00000 0.00000
 0.00000 0.00000 0.00000 0.00000 0.00000 0.00000 0.00000 0.00000 0.00000 0.00000
 0.00000 0.00000 0.00000 0.00000 0.00000 0.00000 0.00000 0.00000 0.00000 0.00000
 0.00000 0.00000 0.00000 0.00000 0.00000 0.00000 0.00000 0.00000 0.00000 0.00000
 0.00000 0.00000 0.00000 0.00000 0.00000
 Spin down:
 -0.33143 -0.28426 -0.26743 -0.23898 -0.22741 -0.22492 -0.22106 -0.21945 -0.21540 -0.21105
 -0.20804 -0.20268 -0.20070 -0.19643 -0.19589 -0.19309 -0.18715 -0.18623 -0.18419 -0.18335
 -0.18099 -0.18056 -0.17747 -0.17263 -0.17160 -0.16828 -0.16810 -0.16701 -0.16525 -0.16325
 -0.16181 -0.16027 -0.15897 -0.15790 -0.15725 -0.15607 -0.15580 -0.15404 -0.15296 -0.15227
 -0.15218 -0.14993 -0.14374 -0.14318 -0.14260 -0.14115 -0.14026 -0.13891 -0.13570 -0.13484
 -0.13388 -0.13328 -0.12917 -0.12850 -0.12829 -0.12786 -0.12676 -0.12324 -0.12068 -0.11851
 -0.11818 -0.11783 -0.11518 -0.11486 -0.08782 -0.06032 -0.05910 -0.04559 -0.01917 -0.01630
 -0.00118 0.04655 0.07395 0.08055 0.12927 0.17028 0.17307 0.19885 0.21202 0.22822
 0.24587 0.25460 0.26985 0.27555 0.29813 0.31419 0.32684 0.33972 0.37789 0.39881
 0.40596 0.40810 0.41449 0.41970 0.48498 0.48856 0.50289 0.51508 0.52844 0.53148
 0.54300 0.54325 0.57382 0.60445 0.60783 0.61833 0.61904 0.63346 0.65032 0.66670
 0.67121 0.68062 0.69458 0.72050 0.74647 0.77103 0.77787 0.78359 0.78525 0.82027
 0.82080 0.82912 0.85152 0.87562 0.88559 0.92153 0.93714 0.93864 0.95271 0.96705
 0.97388 1.01530 1.01755 1.03143 1.06940 1.07875 1.09880 1.10601 1.12386 1.12490
 1.14137 1.14893 1.15820 1.16483 1.17338 1.18686 1.23118 1.23844 1.25386 1.26627
 1.27175 1.27597 1.29537 1.30428 1.31341 1.31520 1.32758 1.33739 1.34755 1.35071
 1.35935 1.37477 1.38012 1.38797 1.39314 1.39878 1.41297 1.42803 1.43370 1.45377
 1.46414 1.47119 1.48174 1.49993 1.50555 1.52172 1.53131 1.53394 1.56392 1.57835
 1.59491 1.60264 1.61748 1.62043 1.63112 1.63969 1.66782 1.67545 1.69361 1.69402
 1.69933 1.71375 1.71632 1.73399 1.73526 1.75895 1.79375 1.79803 1.80397 1.81279
 1.82605 1.83726 1.84358 1.84731 1.85143 1.86721 1.88494 1.88825 1.89827 1.90216
 1.92068 1.95257 1.95692 1.96658 1.97597 1.98441 1.98877 1.99457 2.01270 2.02197
 2.03132 2.04331 2.05075 2.06593 2.07164 2.10703 2.12072 2.12294 2.12908 2.13590
 2.14026 2.14293 2.15635 2.15971 2.17499 2.20202 2.20964 2.21966 2.22460 2.22673
 2.25402 2.26003 2.26651 2.27704 2.29568 2.30502 2.31068 2.33155 2.35182 2.36021
 2.37983 2.41903 2.42808 2.46815 2.47201 2.50441 2.52058 2.54816 2.57686 2.59528
 2.62784 2.63298 2.65561 2.66663 2.70157 2.70583 2.73361 2.73852 2.75153 2.77124
 2.81667 2.83597 2.85869 2.90327 3.06686 3.07347 3.11669 3.11840 3.20673 3.21474
 3.22506 3.24071 3.29977 3.30803 3.33020 3.33383 3.38654 3.38996 3.41401 3.41719
 3.42444 3.42918 3.43428 3.45050 3.50307 3.52676 3.54556 3.60393 3.78603 3.83751
 3.97752 4.05972 4.07629 4.29295 4.30201
 Occupations:
 1.00000 1.00000 1.00000 1.00000 1.00000 1.00000 1.00000 1.00000 1.00000 1.00000
 1.00000 1.00000 1.00000 1.00000 1.00000 1.00000 1.00000 1.00000 1.00000 1.00000
 1.00000 1.00000 1.00000 1.00000 1.00000 1.00000 1.00000 1.00000 1.00000 1.00000
 1.00000 1.00000 1.00000 1.00000 1.00000 1.00000 1.00000 1.00000 1.00000 1.00000
 1.00000 1.00000 1.00000 1.00000 1.00000 1.00000 1.00000 1.00000 1.00000 1.00000
 1.00000 1.00000 1.00000 1.00000 1.00000 1.00000 1.00000 1.00000 1.00000 1.00000
 1.00000 1.00000 1.00000 1.00000 1.00000 0.70233 0.40981 0.00000 0.00000 0.00000
 0.00000 0.00000 0.00000 0.00000 0.00000 0.00000 0.00000 0.00000 0.00000 0.00000
 0.00000 0.00000 0.00000 0.00000 0.00000 0.00000 0.00000 0.00000 0.00000 0.00000
 0.00000 0.00000 0.00000 0.00000 0.00000 0.00000 0.00000 0.00000 0.00000 0.00000
 0.00000 0.00000 0.00000 0.00000 0.00000 0.00000 0.00000 0.00000 0.00000 0.00000
 0.00000 0.00000 0.00000 0.00000 0.00000 0.00000 0.00000 0.00000 0.00000 0.00000
 0.00000 0.00000 0.00000 0.00000 0.00000 0.00000 0.00000 0.00000 0.00000 0.00000
 0.00000 0.00000 0.00000 0.00000 0.00000 0.00000 0.00000 0.00000 0.00000 0.00000
 0.00000 0.00000 0.00000 0.00000 0.00000 0.00000 0.00000 0.00000 0.00000 0.00000
 0.00000 0.00000 0.00000 0.00000 0.00000 0.00000 0.00000 0.00000 0.00000 0.00000
 0.00000 0.00000 0.00000 0.00000 0.00000 0.00000 0.00000 0.00000 0.00000 0.00000
 0.00000 0.00000 0.00000 0.00000 0.00000 0.00000 0.00000 0.00000 0.00000 0.00000
 0.00000 0.00000 0.00000 0.00000 0.00000 0.00000 0.00000 0.00000 0.00000 0.00000
 0.00000 0.00000 0.00000 0.00000 0.00000 0.00000 0.00000 0.00000 0.00000 0.00000
 0.00000 0.00000 0.00000 0.00000 0.00000 0.00000 0.00000 0.00000 0.00000 0.00000
 0.00000 0.00000 0.00000 0.00000 0.00000 0.00000 0.00000 0.00000 0.00000 0.00000
 0.00000 0.00000 0.00000 0.00000 0.00000 0.00000 0.00000 0.00000 0.00000 0.00000
 0.00000 0.00000 0.00000 0.00000 0.00000 0.00000 0.00000 0.00000 0.00000 0.00000
 0.00000 0.00000 0.00000 0.00000 0.00000 0.00000 0.00000 0.00000 0.00000 0.00000
 0.00000 0.00000 0.00000 0.00000 0.00000 0.00000 0.00000 0.00000 0.00000 0.00000
 0.00000 0.00000 0.00000 0.00000 0.00000 0.00000 0.00000 0.00000 0.00000 0.00000
 0.00000 0.00000 0.00000 0.00000 0.00000 0.00000 0.00000 0.00000 0.00000 0.00000
 0.00000 0.00000 0.00000 0.00000 0.00000 0.00000 0.00000 0.00000 0.00000 0.00000
 0.00000 0.00000 0.00000 0.00000 0.00000 0.00000 0.00000 0.00000 0.00000 0.00000
 0.00000 0.00000 0.00000 0.00000 0.00000
 == 3-th k-point orbital energies
 Spin up:
 -0.30232 -0.29976 -0.25970 -0.24827 -0.24102 -0.22506 -0.21490 -0.20752 -0.20690 -0.20650
 -0.20578 -0.19767 -0.19719 -0.19601 -0.19480 -0.19031 -0.18852 -0.18785 -0.18735 -0.18456
 -0.18308 -0.18053 -0.17790 -0.17578 -0.17391 -0.17292 -0.17207 -0.17117 -0.17044 -0.16822
 -0.16648 -0.16450 -0.16291 -0.16154 -0.16002 -0.15923 -0.15733 -0.15694 -0.15606 -0.15350
 -0.15200 -0.14757 -0.14494 -0.14344 -0.14119 -0.13980 -0.13904 -0.13779 -0.13716 -0.13491
 -0.13239 -0.13129 -0.12929 -0.12911 -0.12742 -0.12633 -0.12562 -0.12269 -0.12120 -0.12088
 -0.12016 -0.11849 -0.11791 -0.11602 -0.10477 -0.09011 -0.07065 -0.04080 -0.00888 0.01813
 0.02721 0.06004 0.07170 0.10433 0.12204 0.12969 0.15886 0.18621 0.20263 0.22533
 0.23822 0.26595 0.28299 0.31258 0.33356 0.34320 0.36030 0.37878 0.38425 0.39160
 0.41176 0.42009 0.43095 0.44444 0.44737 0.46969 0.47067 0.48021 0.49715 0.49781
 0.54604 0.55261 0.57437 0.57680 0.58154 0.59407 0.61449 0.61943 0.63854 0.66170
 0.67480 0.68452 0.71184 0.71612 0.73938 0.75931 0.76413 0.77753 0.78801 0.81853
 0.84598 0.86014 0.86849 0.86974 0.90724 0.92542 0.93583 0.95071 0.97012 0.98036
 0.98554 1.00740 1.02036 1.03917 1.04349 1.05676 1.06700 1.08722 1.10677 1.11454
 1.12650 1.13101 1.15237 1.17354 1.17940 1.18624 1.21144 1.21563 1.24489 1.25154
 1.25440 1.27570 1.27729 1.29834 1.30786 1.32437 1.32883 1.34164 1.34478 1.39268
 1.41127 1.41620 1.42963 1.43395 1.44049 1.44160 1.45389 1.45965 1.46386 1.47061
 1.49145 1.50632 1.52160 1.52764 1.53380 1.54740 1.55784 1.56463 1.56779 1.57215
 1.58377 1.59151 1.59546 1.60341 1.62771 1.63701 1.64526 1.65346 1.65406 1.66068
 1.66693 1.67826 1.68634 1.71520 1.73258 1.73764 1.74258 1.74667 1.76088 1.77738
 1.78256 1.79671 1.80224 1.80915 1.81869 1.83390 1.84681 1.85957 1.85975 1.86493
 1.87349 1.88025 1.89913 1.91313 1.93430 1.94474 1.95563 1.97075 1.98344 1.98791
 2.00280 2.01895 2.02540 2.04248 2.04711 2.05795 2.06455 2.07835 2.08642 2.10582
 2.11939 2.14447 2.15106 2.15688 2.17034 2.17915 2.19583 2.22854 2.24127 2.25979
 2.26972 2.28142 2.29355 2.31351 2.32641 2.33394 2.34159 2.35639 2.36521 2.36900
 2.38045 2.38711 2.39475 2.44778 2.46047 2.48999 2.50819 2.54744 2.55455 2.56112
 2.58560 2.59652 2.61004 2.63542 2.65570 2.67563 2.67845 2.72831 2.83600 2.86928
 2.94019 2.95255 2.96533 2.99203 3.02375 3.08105 3.17026 3.18844 3.19852 3.22460
 3.26949 3.28766 3.29885 3.30208 3.31904 3.31943 3.32391 3.35320 3.36761 3.36811
 3.37608 3.37783 3.41548 3.44496 3.51757 3.56052 3.57044 3.62401 3.75247 3.84110
 3.89066 3.91585 4.27356 4.30350 4.30722
 Occupations: 
 1.00000 1.00000 1.00000 1.00000 1.00000 1.00000 1.00000 1.00000 1.00000 1.00000
 1.00000 1.00000 1.00000 1.00000 1.00000 1.00000 1.00000 1.00000 1.00000 1.00000
 1.00000 1.00000 1.00000 1.00000 1.00000 1.00000 1.00000 1.00000 1.00000 1.00000
 1.00000 1.00000 1.00000 1.00000 1.00000 1.00000 1.00000 1.00000 1.00000 1.00000
 1.00000 1.00000 1.00000 1.00000 1.00000 1.00000 1.00000 1.00000 1.00000 1.00000
 1.00000 1.00000 1.00000 1.00000 1.00000 1.00000 1.00000 1.00000 1.00000 1.00000
 1.00000 1.00000 1.00000 1.00000 1.00000 1.00000 0.99999 0.00000 0.00000 0.00000
 0.00000 0.00000 0.00000 0.00000 0.00000 0.00000 0.00000 0.00000 0.00000 0.00000
 0.00000 0.00000 0.00000 0.00000 0.00000 0.00000 0.00000 0.00000 0.00000 0.00000
 0.00000 0.00000 0.00000 0.00000 0.00000 0.00000 0.00000 0.00000 0.00000 0.00000
 0.00000 0.00000 0.00000 0.00000 0.00000 0.00000 0.00000 0.00000 0.00000 0.00000
 0.00000 0.00000 0.00000 0.00000 0.00000 0.00000 0.00000 0.00000 0.00000 0.00000
 0.00000 0.00000 0.00000 0.00000 0.00000 0.00000 0.00000 0.00000 0.00000 0.00000
 0.00000 0.00000 0.00000 0.00000 0.00000 0.00000 0.00000 0.00000 0.00000 0.00000
 0.00000 0.00000 0.00000 0.00000 0.00000 0.00000 0.00000 0.00000 0.00000 0.00000
 0.00000 0.00000 0.00000 0.00000 0.00000 0.00000 0.00000 0.00000 0.00000 0.00000
 0.00000 0.00000 0.00000 0.00000 0.00000 0.00000 0.00000 0.00000 0.00000 0.00000
 0.00000 0.00000 0.00000 0.00000 0.00000 0.00000 0.00000 0.00000 0.00000 0.00000
 0.00000 0.00000 0.00000 0.00000 0.00000 0.00000 0.00000 0.00000 0.00000 0.00000
 0.00000 0.00000 0.00000 0.00000 0.00000 0.00000 0.00000 0.00000 0.00000 0.00000
 0.00000 0.00000 0.00000 0.00000 0.00000 0.00000 0.00000 0.00000 0.00000 0.00000
 0.00000 0.00000 0.00000 0.00000 0.00000 0.00000 0.00000 0.00000 0.00000 0.00000
 0.00000 0.00000 0.00000 0.00000 0.00000 0.00000 0.00000 0.00000 0.00000 0.00000
 0.00000 0.00000 0.00000 0.00000 0.00000 0.00000 0.00000 0.00000 0.00000 0.00000
 0.00000 0.00000 0.00000 0.00000 0.00000 0.00000 0.00000 0.00000 0.00000 0.00000
 0.00000 0.00000 0.00000 0.00000 0.00000 0.00000 0.00000 0.00000 0.00000 0.00000
 0.00000 0.00000 0.00000 0.00000 0.00000 0.00000 0.00000 0.00000 0.00000 0.00000
 0.00000 0.00000 0.00000 0.00000 0.00000 0.00000 0.00000 0.00000 0.00000 0.00000
 0.00000 0.00000 0.00000 0.00000 0.00000 0.00000 0.00000 0.00000 0.00000 0.00000
 0.00000 0.00000 0.00000 0.00000 0.00000 0.00000 0.00000 0.00000 0.00000 0.00000
 0.00000 0.00000 0.00000 0.00000 0.00000
 Spin down:
 -0.30232 -0.29976 -0.25970 -0.24827 -0.24102 -0.22506 -0.21490 -0.20752 -0.20690 -0.20650
 -0.20578 -0.19767 -0.19719 -0.19601 -0.19480 -0.19031 -0.18852 -0.18785 -0.18735 -0.18456
 -0.18308 -0.18053 -0.17790 -0.17578 -0.17391 -0.17292 -0.17207 -0.17117 -0.17044 -0.16822
 -0.16648 -0.16450 -0.16291 -0.16154 -0.16002 -0.15923 -0.15733 -0.15694 -0.15606 -0.15350
 -0.15200 -0.14757 -0.14494 -0.14344 -0.14119 -0.13980 -0.13904 -0.13779 -0.13716 -0.13491
 -0.13239 -0.13129 -0.12929 -0.12911 -0.12742 -0.12633 -0.12562 -0.12269 -0.12120 -0.12088
 -0.12016 -0.11849 -0.11791 -0.11602 -0.10477 -0.09011 -0.07065 -0.04080 -0.00888 0.01813
 0.02721 0.06004 0.07170 0.10433 0.12204 0.12969 0.15886 0.18621 0.20263 0.22533
 0.23822 0.26595 0.28299 0.31258 0.33356 0.34320 0.36030 0.37878 0.38425 0.39160
 0.41176 0.42009 0.43095 0.44444 0.44737 0.46969 0.47067 0.48021 0.49715 0.49781
 0.54604 0.55261 0.57437 0.57680 0.58154 0.59407 0.61449 0.61943 0.63854 0.66170
 0.67480 0.68452 0.71184 0.71612 0.73938 0.75931 0.76413 0.77753 0.78801 0.81853
 0.84598 0.86014 0.86849 0.86974 0.90724 0.92542 0.93583 0.95071 0.97012 0.98036
 0.98554 1.00740 1.02036 1.03917 1.04349 1.05676 1.06700 1.08722 1.10677 1.11454
 1.12650 1.13101 1.15237 1.17354 1.17940 1.18624 1.21144 1.21563 1.24489 1.25154
 1.25440 1.27570 1.27729 1.29834 1.30786 1.32437 1.32883 1.34164 1.34478 1.39268
 1.41127 1.41620 1.42963 1.43395 1.44049 1.44160 1.45389 1.45965 1.46386 1.47061
 1.49145 1.50632 1.52160 1.52764 1.53380 1.54740 1.55784 1.56463 1.56779 1.57215
 1.58377 1.59151 1.59546 1.60341 1.62771 1.63701 1.64526 1.65346 1.65406 1.66068
 1.66693 1.67826 1.68634 1.71520 1.73258 1.73764 1.74258 1.74667 1.76088 1.77738
 1.78256 1.79671 1.80224 1.80915 1.81869 1.83390 1.84681 1.85957 1.85975 1.86493
 1.87349 1.88025 1.89913 1.91313 1.93430 1.94474 1.95563 1.97075 1.98344 1.98791
 2.00280 2.01895 2.02540 2.04248 2.04711 2.05795 2.06455 2.07835 2.08642 2.10582
 2.11939 2.14447 2.15106 2.15688 2.17034 2.17915 2.19583 2.22854 2.24127 2.25979
 2.26972 2.28142 2.29355 2.31351 2.32641 2.33394 2.34159 2.35639 2.36521 2.36900
 2.38045 2.38711 2.39475 2.44778 2.46047 2.48999 2.50819 2.54744 2.55455 2.56112
 2.58560 2.59652 2.61004 2.63542 2.65570 2.67563 2.67845 2.72831 2.83600 2.86928
 2.94019 2.95255 2.96533 2.99203 3.02375 3.08105 3.17026 3.18844 3.19852 3.22460
 3.26949 3.28766 3.29885 3.30208 3.31904 3.31943 3.32391 3.35320 3.36761 3.36811
 3.37608 3.37783 3.41548 3.44496 3.51757 3.56052 3.57044 3.62401 3.75247 3.84110
 3.89066 3.91585 4.27356 4.30350 4.30722
 Occupations:
 1.00000 1.00000 1.00000 1.00000 1.00000 1.00000 1.00000 1.00000 1.00000 1.00000
 1.00000 1.00000 1.00000 1.00000 1.00000 1.00000 1.00000 1.00000 1.00000 1.00000
 1.00000 1.00000 1.00000 1.00000 1.00000 1.00000 1.00000 1.00000 1.00000 1.00000
 1.00000 1.00000 1.00000 1.00000 1.00000 1.00000 1.00000 1.00000 1.00000 1.00000
 1.00000 1.00000 1.00000 1.00000 1.00000 1.00000 1.00000 1.00000 1.00000 1.00000
 1.00000 1.00000 1.00000 1.00000 1.00000 1.00000 1.00000 1.00000 1.00000 1.00000
 1.00000 1.00000 1.00000 1.00000 1.00000 1.00000 0.99999 0.00000 0.00000 0.00000
 0.00000 0.00000 0.00000 0.00000 0.00000 0.00000 0.00000 0.00000 0.00000 0.00000
 0.00000 0.00000 0.00000 0.00000 0.00000 0.00000 0.00000 0.00000 0.00000 0.00000
 0.00000 0.00000 0.00000 0.00000 0.00000 0.00000 0.00000 0.00000 0.00000 0.00000
 0.00000 0.00000 0.00000 0.00000 0.00000 0.00000 0.00000 0.00000 0.00000 0.00000
 0.00000 0.00000 0.00000 0.00000 0.00000 0.00000 0.00000 0.00000 0.00000 0.00000
 0.00000 0.00000 0.00000 0.00000 0.00000 0.00000 0.00000 0.00000 0.00000 0.00000
 0.00000 0.00000 0.00000 0.00000 0.00000 0.00000 0.00000 0.00000 0.00000 0.00000
 0.00000 0.00000 0.00000 0.00000 0.00000 0.00000 0.00000 0.00000 0.00000 0.00000
 0.00000 0.00000 0.00000 0.00000 0.00000 0.00000 0.00000 0.00000 0.00000 0.00000
 0.00000 0.00000 0.00000 0.00000 0.00000 0.00000 0.00000 0.00000 0.00000 0.00000
 0.00000 0.00000 0.00000 0.00000 0.00000 0.00000 0.00000 0.00000 0.00000 0.00000
 0.00000 0.00000 0.00000 0.00000 0.00000 0.00000 0.00000 0.00000 0.00000 0.00000
 0.00000 0.00000 0.00000 0.00000 0.00000 0.00000 0.00000 0.00000 0.00000 0.00000
 0.00000 0.00000 0.00000 0.00000 0.00000 0.00000 0.00000 0.00000 0.00000 0.00000
 0.00000 0.00000 0.00000 0.00000 0.00000 0.00000 0.00000 0.00000 0.00000 0.00000
 0.00000 0.00000 0.00000 0.00000 0.00000 0.00000 0.00000 0.00000 0.00000 0.00000
 0.00000 0.00000 0.00000 0.00000 0.00000 0.00000 0.00000 0.00000 0.00000 0.00000
 0.00000 0.00000 0.00000 0.00000 0.00000 0.00000 0.00000 0.00000 0.00000 0.00000
 0.00000 0.00000 0.00000 0.00000 0.00000 0.00000 0.00000 0.00000 0.00000 0.00000
 0.00000 0.00000 0.00000 0.00000 0.00000 0.00000 0.00000 0.00000 0.00000 0.00000
 0.00000 0.00000 0.00000 0.00000 0.00000 0.00000 0.00000 0.00000 0.00000 0.00000
 0.00000 0.00000 0.00000 0.00000 0.00000 0.00000 0.00000 0.00000 0.00000 0.00000
 0.00000 0.00000 0.00000 0.00000 0.00000 0.00000 0.00000 0.00000 0.00000 0.00000
 0.00000 0.00000 0.00000 0.00000 0.00000
 == 4-th k-point orbital energies
 Spin up:
 -0.30232 -0.29976 -0.25970 -0.24827 -0.24102 -0.22505 -0.21490 -0.20752 -0.20690 -0.20650
 -0.20578 -0.19768 -0.19719 -0.19601 -0.19480 -0.19031 -0.18852 -0.18785 -0.18735 -0.18456
 -0.18308 -0.18053 -0.17790 -0.17578 -0.17391 -0.17292 -0.17207 -0.17117 -0.17044 -0.16821
 -0.16649 -0.16451 -0.16291 -0.16154 -0.16002 -0.15923 -0.15733 -0.15694 -0.15606 -0.15350
 -0.15200 -0.14757 -0.14494 -0.14344 -0.14119 -0.13980 -0.13904 -0.13778 -0.13716 -0.13491
 -0.13239 -0.13129 -0.12930 -0.12912 -0.12742 -0.12634 -0.12562 -0.12269 -0.12120 -0.12088
 -0.12015 -0.11849 -0.11791 -0.11602 -0.10476 -0.09011 -0.07065 -0.04080 -0.00888 0.01814
 0.02721 0.06004 0.07170 0.10433 0.12204 0.12969 0.15886 0.18621 0.20262 0.22533
 0.23822 0.26595 0.28299 0.31258 0.33356 0.34320 0.36030 0.37878 0.38425 0.39160
 0.41176 0.42009 0.43095 0.44444 0.44737 0.46969 0.47067 0.48021 0.49715 0.49781
 0.54604 0.55261 0.57437 0.57680 0.58154 0.59407 0.61449 0.61943 0.63854 0.66170
 0.67480 0.68452 0.71184 0.71612 0.73938 0.75931 0.76413 0.77753 0.78801 0.81853
 0.84598 0.86014 0.86849 0.86974 0.90724 0.92542 0.93583 0.95071 0.97012 0.98036
 0.98554 1.00740 1.02036 1.03917 1.04349 1.05676 1.06700 1.08722 1.10677 1.11454
 1.12650 1.13101 1.15237 1.17354 1.17940 1.18624 1.21144 1.21563 1.24489 1.25154
 1.25440 1.27570 1.27729 1.29834 1.30786 1.32437 1.32883 1.34164 1.34478 1.39268
 1.41127 1.41620 1.42963 1.43395 1.44049 1.44160 1.45389 1.45965 1.46386 1.47061
 1.49145 1.50632 1.52160 1.52764 1.53380 1.54740 1.55784 1.56463 1.56779 1.57215
 1.58377 1.59151 1.59546 1.60341 1.62771 1.63701 1.64526 1.65346 1.65406 1.66068
 1.66693 1.67826 1.68633 1.71520 1.73258 1.73764 1.74258 1.74667 1.76088 1.77738
 1.78256 1.79671 1.80224 1.80915 1.81869 1.83390 1.84681 1.85957 1.85975 1.86493
 1.87349 1.88025 1.89913 1.91313 1.93430 1.94474 1.95563 1.97075 1.98344 1.98791
 2.00280 2.01895 2.02540 2.04248 2.04711 2.05795 2.06455 2.07835 2.08642 2.10582
 2.11939 2.14447 2.15106 2.15688 2.17034 2.17915 2.19583 2.22854 2.24127 2.25979
 2.26972 2.28142 2.29355 2.31351 2.32641 2.33394 2.34159 2.35639 2.36521 2.36900
 2.38045 2.38711 2.39475 2.44778 2.46047 2.48999 2.50819 2.54744 2.55455 2.56112
 2.58560 2.59652 2.61004 2.63542 2.65570 2.67563 2.67845 2.72832 2.83600 2.86928
 2.94019 2.95255 2.96533 2.99203 3.02375 3.08105 3.17026 3.18844 3.19853 3.22460
 3.26949 3.28766 3.29885 3.30208 3.31904 3.31943 3.32391 3.35320 3.36761 3.36810
 3.37608 3.37783 3.41548 3.44496 3.51757 3.56052 3.57044 3.62401 3.75247 3.84110
 3.89066 3.91585 4.27356 4.30350 4.30722
 Occupations: 
 1.00000 1.00000 1.00000 1.00000 1.00000 1.00000 1.00000 1.00000 1.00000 1.00000
 1.00000 1.00000 1.00000 1.00000 1.00000 1.00000 1.00000 1.00000 1.00000 1.00000
 1.00000 1.00000 1.00000 1.00000 1.00000 1.00000 1.00000 1.00000 1.00000 1.00000
 1.00000 1.00000 1.00000 1.00000 1.00000 1.00000 1.00000 1.00000 1.00000 1.00000
 1.00000 1.00000 1.00000 1.00000 1.00000 1.00000 1.00000 1.00000 1.00000 1.00000
 1.00000 1.00000 1.00000 1.00000 1.00000 1.00000 1.00000 1.00000 1.00000 1.00000
 1.00000 1.00000 1.00000 1.00000 1.00000 1.00000 0.99999 0.00000 0.00000 0.00000
 0.00000 0.00000 0.00000 0.00000 0.00000 0.00000 0.00000 0.00000 0.00000 0.00000
 0.00000 0.00000 0.00000 0.00000 0.00000 0.00000 0.00000 0.00000 0.00000 0.00000
 0.00000 0.00000 0.00000 0.00000 0.00000 0.00000 0.00000 0.00000 0.00000 0.00000
 0.00000 0.00000 0.00000 0.00000 0.00000 0.00000 0.00000 0.00000 0.00000 0.00000
 0.00000 0.00000 0.00000 0.00000 0.00000 0.00000 0.00000 0.00000 0.00000 0.00000
 0.00000 0.00000 0.00000 0.00000 0.00000 0.00000 0.00000 0.00000 0.00000 0.00000
 0.00000 0.00000 0.00000 0.00000 0.00000 0.00000 0.00000 0.00000 0.00000 0.00000
 0.00000 0.00000 0.00000 0.00000 0.00000 0.00000 0.00000 0.00000 0.00000 0.00000
 0.00000 0.00000 0.00000 0.00000 0.00000 0.00000 0.00000 0.00000 0.00000 0.00000
 0.00000 0.00000 0.00000 0.00000 0.00000 0.00000 0.00000 0.00000 0.00000 0.00000
 0.00000 0.00000 0.00000 0.00000 0.00000 0.00000 0.00000 0.00000 0.00000 0.00000
 0.00000 0.00000 0.00000 0.00000 0.00000 0.00000 0.00000 0.00000 0.00000 0.00000
 0.00000 0.00000 0.00000 0.00000 0.00000 0.00000 0.00000 0.00000 0.00000 0.00000
 0.00000 0.00000 0.00000 0.00000 0.00000 0.00000 0.00000 0.00000 0.00000 0.00000
 0.00000 0.00000 0.00000 0.00000 0.00000 0.00000 0.00000 0.00000 0.00000 0.00000
 0.00000 0.00000 0.00000 0.00000 0.00000 0.00000 0.00000 0.00000 0.00000 0.00000
 0.00000 0.00000 0.00000 0.00000 0.00000 0.00000 0.00000 0.00000 0.00000 0.00000
 0.00000 0.00000 0.00000 0.00000 0.00000 0.00000 0.00000 0.00000 0.00000 0.00000
 0.00000 0.00000 0.00000 0.00000 0.00000 0.00000 0.00000 0.00000 0.00000 0.00000
 0.00000 0.00000 0.00000 0.00000 0.00000 0.00000 0.00000 0.00000 0.00000 0.00000
 0.00000 0.00000 0.00000 0.00000 0.00000 0.00000 0.00000 0.00000 0.00000 0.00000
 0.00000 0.00000 0.00000 0.00000 0.00000 0.00000 0.00000 0.00000 0.00000 0.00000
 0.00000 0.00000 0.00000 0.00000 0.00000 0.00000 0.00000 0.00000 0.00000 0.00000
 0.00000 0.00000 0.00000 0.00000 0.00000
 Spin down:
 -0.30232 -0.29976 -0.25970 -0.24827 -0.24102 -0.22505 -0.21490 -0.20752 -0.20690 -0.20650
 -0.20578 -0.19768 -0.19719 -0.19601 -0.19480 -0.19031 -0.18852 -0.18785 -0.18735 -0.18456
 -0.18308 -0.18053 -0.17790 -0.17578 -0.17391 -0.17292 -0.17207 -0.17117 -0.17044 -0.16821
 -0.16649 -0.16451 -0.16291 -0.16154 -0.16002 -0.15923 -0.15733 -0.15694 -0.15606 -0.15350
 -0.15200 -0.14757 -0.14494 -0.14344 -0.14119 -0.13980 -0.13904 -0.13778 -0.13716 -0.13491
 -0.13239 -0.13129 -0.12930 -0.12912 -0.12742 -0.12634 -0.12562 -0.12269 -0.12120 -0.12088
 -0.12015 -0.11849 -0.11791 -0.11602 -0.10476 -0.09011 -0.07065 -0.04080 -0.00888 0.01814
 0.02721 0.06004 0.07170 0.10433 0.12204 0.12969 0.15886 0.18621 0.20262 0.22533
 0.23822 0.26595 0.28299 0.31258 0.33356 0.34320 0.36030 0.37878 0.38425 0.39160
 0.41176 0.42009 0.43095 0.44444 0.44737 0.46969 0.47067 0.48021 0.49715 0.49781
 0.54604 0.55261 0.57437 0.57680 0.58154 0.59407 0.61449 0.61943 0.63854 0.66170
 0.67480 0.68452 0.71184 0.71612 0.73938 0.75931 0.76413 0.77753 0.78801 0.81853
 0.84598 0.86014 0.86849 0.86974 0.90724 0.92542 0.93583 0.95071 0.97012 0.98036
 0.98554 1.00740 1.02036 1.03917 1.04349 1.05676 1.06700 1.08722 1.10677 1.11454
 1.12650 1.13101 1.15237 1.17354 1.17940 1.18624 1.21144 1.21563 1.24489 1.25154
 1.25440 1.27570 1.27729 1.29834 1.30786 1.32437 1.32883 1.34164 1.34478 1.39268
 1.41127 1.41620 1.42963 1.43395 1.44049 1.44160 1.45389 1.45965 1.46386 1.47061
 1.49145 1.50632 1.52160 1.52764 1.53380 1.54740 1.55784 1.56463 1.56779 1.57215
 1.58377 1.59151 1.59546 1.60341 1.62771 1.63701 1.64526 1.65346 1.65406 1.66068
 1.66693 1.67826 1.68633 1.71520 1.73258 1.73764 1.74258 1.74667 1.76088 1.77738
 1.78256 1.79671 1.80224 1.80915 1.81869 1.83390 1.84681 1.85957 1.85975 1.86493
 1.87349 1.88025 1.89913 1.91313 1.93430 1.94474 1.95563 1.97075 1.98344 1.98791
 2.00280 2.01895 2.02540 2.04248 2.04711 2.05795 2.06455 2.07835 2.08642 2.10582
 2.11939 2.14447 2.15106 2.15688 2.17034 2.17915 2.19583 2.22854 2.24127 2.25979
 2.26972 2.28142 2.29355 2.31351 2.32641 2.33394 2.34159 2.35639 2.36521 2.36900
 2.38045 2.38711 2.39475 2.44778 2.46047 2.48999 2.50819 2.54744 2.55455 2.56112
 2.58560 2.59652 2.61004 2.63542 2.65570 2.67563 2.67845 2.72832 2.83600 2.86928
 2.94019 2.95255 2.96533 2.99203 3.02375 3.08105 3.17026 3.18844 3.19853 3.22460
 3.26949 3.28766 3.29885 3.30208 3.31904 3.31943 3.32391 3.35320 3.36761 3.36810
 3.37608 3.37783 3.41548 3.44496 3.51757 3.56052 3.57044 3.62401 3.75247 3.84110
 3.89066 3.91585 4.27356 4.30350 4.30722
 Occupations:
 1.00000 1.00000 1.00000 1.00000 1.00000 1.00000 1.00000 1.00000 1.00000 1.00000
 1.00000 1.00000 1.00000 1.00000 1.00000 1.00000 1.00000 1.00000 1.00000 1.00000
 1.00000 1.00000 1.00000 1.00000 1.00000 1.00000 1.00000 1.00000 1.00000 1.00000
 1.00000 1.00000 1.00000 1.00000 1.00000 1.00000 1.00000 1.00000 1.00000 1.00000
 1.00000 1.00000 1.00000 1.00000 1.00000 1.00000 1.00000 1.00000 1.00000 1.00000
 1.00000 1.00000 1.00000 1.00000 1.00000 1.00000 1.00000 1.00000 1.00000 1.00000
 1.00000 1.00000 1.00000 1.00000 1.00000 1.00000 0.99999 0.00000 0.00000 0.00000
 0.00000 0.00000 0.00000 0.00000 0.00000 0.00000 0.00000 0.00000 0.00000 0.00000
 0.00000 0.00000 0.00000 0.00000 0.00000 0.00000 0.00000 0.00000 0.00000 0.00000
 0.00000 0.00000 0.00000 0.00000 0.00000 0.00000 0.00000 0.00000 0.00000 0.00000
 0.00000 0.00000 0.00000 0.00000 0.00000 0.00000 0.00000 0.00000 0.00000 0.00000
 0.00000 0.00000 0.00000 0.00000 0.00000 0.00000 0.00000 0.00000 0.00000 0.00000
 0.00000 0.00000 0.00000 0.00000 0.00000 0.00000 0.00000 0.00000 0.00000 0.00000
 0.00000 0.00000 0.00000 0.00000 0.00000 0.00000 0.00000 0.00000 0.00000 0.00000
 0.00000 0.00000 0.00000 0.00000 0.00000 0.00000 0.00000 0.00000 0.00000 0.00000
 0.00000 0.00000 0.00000 0.00000 0.00000 0.00000 0.00000 0.00000 0.00000 0.00000
 0.00000 0.00000 0.00000 0.00000 0.00000 0.00000 0.00000 0.00000 0.00000 0.00000
 0.00000 0.00000 0.00000 0.00000 0.00000 0.00000 0.00000 0.00000 0.00000 0.00000
 0.00000 0.00000 0.00000 0.00000 0.00000 0.00000 0.00000 0.00000 0.00000 0.00000
 0.00000 0.00000 0.00000 0.00000 0.00000 0.00000 0.00000 0.00000 0.00000 0.00000
 0.00000 0.00000 0.00000 0.00000 0.00000 0.00000 0.00000 0.00000 0.00000 0.00000
 0.00000 0.00000 0.00000 0.00000 0.00000 0.00000 0.00000 0.00000 0.00000 0.00000
 0.00000 0.00000 0.00000 0.00000 0.00000 0.00000 0.00000 0.00000 0.00000 0.00000
 0.00000 0.00000 0.00000 0.00000 0.00000 0.00000 0.00000 0.00000 0.00000 0.00000
 0.00000 0.00000 0.00000 0.00000 0.00000 0.00000 0.00000 0.00000 0.00000 0.00000
 0.00000 0.00000 0.00000 0.00000 0.00000 0.00000 0.00000 0.00000 0.00000 0.00000
 0.00000 0.00000 0.00000 0.00000 0.00000 0.00000 0.00000 0.00000 0.00000 0.00000
 0.00000 0.00000 0.00000 0.00000 0.00000 0.00000 0.00000 0.00000 0.00000 0.00000
 0.00000 0.00000 0.00000 0.00000 0.00000 0.00000 0.00000 0.00000 0.00000 0.00000
 0.00000 0.00000 0.00000 0.00000 0.00000 0.00000 0.00000 0.00000 0.00000 0.00000
 0.00000 0.00000 0.00000 0.00000 0.00000
 == 5-th k-point orbital energies
 Spin up:
 -0.34214 -0.27678 -0.25597 -0.25369 -0.23151 -0.22617 -0.22510 -0.21837 -0.21705 -0.21016
 -0.20665 -0.20516 -0.20297 -0.19834 -0.19788 -0.19620 -0.18851 -0.18794 -0.18459 -0.18095
 -0.17818 -0.17626 -0.17455 -0.17436 -0.17126 -0.16929 -0.16746 -0.16551 -0.16422 -0.16379
 -0.16295 -0.16210 -0.16024 -0.15780 -0.15653 -0.15471 -0.15268 -0.15105 -0.14946 -0.14845
 -0.14616 -0.14578 -0.14505 -0.14302 -0.14185 -0.14085 -0.13803 -0.13604 -0.13555 -0.13439
 -0.13181 -0.13064 -0.12807 -0.12674 -0.12404 -0.12335 -0.12163 -0.12102 -0.12012 -0.11935
 -0.11896 -0.11753 -0.10748 -0.10712 -0.10078 -0.08321 -0.07983 -0.03738 0.00594 0.00775
 0.01207 0.03206 0.05795 0.07222 0.13595 0.13854 0.16098 0.18937 0.20889 0.21863
 0.21968 0.25063 0.28080 0.28122 0.29297 0.31926 0.34556 0.35128 0.37195 0.37737
 0.40217 0.40927 0.42418 0.43795 0.48208 0.49390 0.50845 0.51171 0.51953 0.54330
 0.54409 0.56246 0.57990 0.58305 0.59621 0.62598 0.63302 0.63745 0.64922 0.67286
 0.68305 0.68465 0.70687 0.73371 0.74150 0.79537 0.79902 0.80967 0.81343 0.82128
 0.83156 0.83869 0.86495 0.87567 0.88367 0.91008 0.91925 0.92100 0.93818 0.94242
 0.96939 0.99869 1.00381 1.03177 1.04901 1.05950 1.07018 1.08711 1.11209 1.11345
 1.12678 1.14635 1.16555 1.17444 1.17967 1.19188 1.21931 1.22709 1.23261 1.23837
 1.24385 1.25976 1.26328 1.29045 1.29705 1.30638 1.31054 1.32517 1.33636 1.34867
 1.36903 1.38235 1.38869 1.39442 1.41197 1.42596 1.43572 1.43977 1.45010 1.46207
 1.46961 1.47348 1.49062 1.49653 1.49902 1.52595 1.56292 1.58275 1.59004 1.59591
 1.61775 1.63488 1.64207 1.65364 1.66414 1.67313 1.67354 1.68988 1.69826 1.70367
 1.71091 1.72341 1.72984 1.73378 1.75077 1.75689 1.76435 1.79007 1.80617 1.81128
 1.81933 1.82913 1.83738 1.83932 1.84825 1.87321 1.88468 1.89755 1.90498 1.92338
 1.92497 1.94588 1.95720 1.96405 1.97507 1.98329 1.98801 2.00845 2.01846 2.01951
 2.02600 2.03664 2.05153 2.06599 2.08115 2.09767 2.10360 2.12176 2.14141 2.14767
 2.15176 2.16716 2.17265 2.17410 2.18155 2.20224 2.20920 2.21810 2.22900 2.23104
 2.24072 2.25023 2.26258 2.28949 2.30256 2.31079 2.33807 2.36069 2.37335 2.38166
 2.38646 2.39759 2.42850 2.44167 2.46365 2.48709 2.50350 2.53419 2.55582 2.59421
 2.60561 2.63742 2.65989 2.70187 2.71094 2.73007 2.73861 2.75247 2.80384 2.83758
 2.86651 2.90267 2.91938 2.96084 2.99173 3.02212 3.11068 3.18639 3.25514 3.25709
 3.26269 3.30482 3.30910 3.32086 3.32401 3.36055 3.36110 3.36245 3.36577 3.37606
 3.38379 3.39209 3.40134 3.44734 3.47147 3.49717 3.62162 3.65064 3.69619 3.71553
 3.81973 4.00658 4.25424 4.25796 4.29830
 Occupations: 
 1.00000 1.00000 1.00000 1.00000 1.00000 1.00000 1.00000 1.00000 1.00000 1.00000
 1.00000 1.00000 1.00000 1.00000 1.00000 1.00000 1.00000 1.00000 1.00000 1.00000
 1.00000 1.00000 1.00000 1.00000 1.00000 1.00000 1.00000 1.00000 1.00000 1.00000
 1.00000 1.00000 1.00000 1.00000 1.00000 1.00000 1.00000 1.00000 1.00000 1.00000
 1.00000 1.00000 1.00000 1.00000 1.00000 1.00000 1.00000 1.00000 1.00000 1.00000
 1.00000 1.00000 1.00000 1.00000 1.00000 1.00000 1.00000 1.00000 1.00000 1.00000
 1.00000 1.00000 1.00000 1.00000 1.00000 1.00000 1.00000 0.00000 0.00000 0.00000
 0.00000 0.00000 0.00000 0.00000 0.00000 0.00000 0.00000 0.00000 0.00000 0.00000
 0.00000 0.00000 0.00000 0.00000 0.00000 0.00000 0.00000 0.00000 0.00000 0.00000
 0.00000 0.00000 0.00000 0.00000 0.00000 0.00000 0.00000 0.00000 0.00000 0.00000
 0.00000 0.00000 0.00000 0.00000 0.00000 0.00000 0.00000 0.00000 0.00000 0.00000
 0.00000 0.00000 0.00000 0.00000 0.00000 0.00000 0.00000 0.00000 0.00000 0.00000
 0.00000 0.00000 0.00000 0.00000 0.00000 0.00000 0.00000 0.00000 0.00000 0.00000
 0.00000 0.00000 0.00000 0.00000 0.00000 0.00000 0.00000 0.00000 0.00000 0.00000
 0.00000 0.00000 0.00000 0.00000 0.00000 0.00000 0.00000 0.00000 0.00000 0.00000
 0.00000 0.00000 0.00000 0.00000 0.00000 0.00000 0.00000 0.00000 0.00000 0.00000
 0.00000 0.00000 0.00000 0.00000 0.00000 0.00000 0.00000 0.00000 0.00000 0.00000
 0.00000 0.00000 0.00000 0.00000 0.00000 0.00000 0.00000 0.00000 0.00000 0.00000
 0.00000 0.00000 0.00000 0.00000 0.00000 0.00000 0.00000 0.00000 0.00000 0.00000
 0.00000 0.00000 0.00000 0.00000 0.00000 0.00000 0.00000 0.00000 0.00000 0.00000
 0.00000 0.00000 0.00000 0.00000 0.00000 0.00000 0.00000 0.00000 0.00000 0.00000
 0.00000 0.00000 0.00000 0.00000 0.00000 0.00000 0.00000 0.00000 0.00000 0.00000
 0.00000 0.00000 0.00000 0.00000 0.00000 0.00000 0.00000 0.00000 0.00000 0.00000
 0.00000 0.00000 0.00000 0.00000 0.00000 0.00000 0.00000 0.00000 0.00000 0.00000
 0.00000 0.00000 0.00000 0.00000 0.00000 0.00000 0.00000 0.00000 0.00000 0.00000
 0.00000 0.00000 0.00000 0.00000 0.00000 0.00000 0.00000 0.00000 0.00000 0.00000
 0.00000 0.00000 0.00000 0.00000 0.00000 0.00000 0.00000 0.00000 0.00000 0.00000
 0.00000 0.00000 0.00000 0.00000 0.00000 0.00000 0.00000 0.00000 0.00000 0.00000
 0.00000 0.00000 0.00000 0.00000 0.00000 0.00000 0.00000 0.00000 0.00000 0.00000
 0.00000 0.00000 0.00000 0.00000 0.00000 0.00000 0.00000 0.00000 0.00000 0.00000
 0.00000 0.00000 0.00000 0.00000 0.00000
 Spin down:
 -0.34214 -0.27678 -0.25597 -0.25369 -0.23151 -0.22617 -0.22510 -0.21837 -0.21705 -0.21016
 -0.20665 -0.20516 -0.20297 -0.19834 -0.19788 -0.19620 -0.18851 -0.18794 -0.18459 -0.18095
 -0.17818 -0.17626 -0.17455 -0.17436 -0.17126 -0.16929 -0.16746 -0.16551 -0.16422 -0.16379
 -0.16295 -0.16210 -0.16024 -0.15780 -0.15653 -0.15471 -0.15268 -0.15105 -0.14946 -0.14845
 -0.14616 -0.14578 -0.14505 -0.14302 -0.14185 -0.14085 -0.13803 -0.13604 -0.13555 -0.13439
 -0.13181 -0.13064 -0.12807 -0.12674 -0.12404 -0.12335 -0.12163 -0.12102 -0.12012 -0.11935
 -0.11896 -0.11753 -0.10748 -0.10712 -0.10078 -0.08321 -0.07983 -0.03738 0.00594 0.00775
 0.01207 0.03206 0.05795 0.07222 0.13595 0.13854 0.16098 0.18937 0.20889 0.21863
 0.21968 0.25063 0.28080 0.28122 0.29297 0.31926 0.34556 0.35128 0.37195 0.37737
 0.40217 0.40927 0.42418 0.43795 0.48208 0.49390 0.50845 0.51171 0.51953 0.54330
 0.54409 0.56246 0.57990 0.58305 0.59621 0.62598 0.63302 0.63745 0.64922 0.67286
 0.68305 0.68465 0.70687 0.73371 0.74150 0.79537 0.79902 0.80967 0.81343 0.82128
 0.83156 0.83869 0.86495 0.87567 0.88367 0.91008 0.91925 0.92100 0.93818 0.94242
 0.96939 0.99869 1.00381 1.03177 1.04901 1.05950 1.07018 1.08711 1.11209 1.11345
 1.12678 1.14635 1.16555 1.17444 1.17967 1.19188 1.21931 1.22709 1.23261 1.23837
 1.24385 1.25976 1.26328 1.29045 1.29705 1.30638 1.31054 1.32517 1.33636 1.34867
 1.36903 1.38235 1.38869 1.39442 1.41197 1.42596 1.43572 1.43977 1.45010 1.46207
 1.46961 1.47348 1.49062 1.49653 1.49902 1.52595 1.56292 1.58275 1.59004 1.59591
 1.61775 1.63488 1.64207 1.65364 1.66414 1.67313 1.67354 1.68988 1.69826 1.70367
 1.71091 1.72341 1.72984 1.73378 1.75077 1.75689 1.76435 1.79007 1.80617 1.81128
 1.81933 1.82913 1.83738 1.83932 1.84825 1.87321 1.88468 1.89755 1.90498 1.92338
 1.92497 1.94588 1.95720 1.96405 1.97507 1.98329 1.98801 2.00845 2.01846 2.01951
 2.02600 2.03664 2.05153 2.06599 2.08115 2.09767 2.10360 2.12176 2.14141 2.14767
 2.15176 2.16716 2.17265 2.17410 2.18155 2.20224 2.20920 2.21810 2.22900 2.23104
 2.24072 2.25023 2.26258 2.28949 2.30256 2.31079 2.33807 2.36069 2.37335 2.38166
 2.38646 2.39759 2.42850 2.44167 2.46365 2.48709 2.50350 2.53419 2.55582 2.59421
 2.60561 2.63742 2.65989 2.70187 2.71094 2.73007 2.73861 2.75247 2.80384 2.83758
 2.86651 2.90267 2.91938 2.96084 2.99173 3.02212 3.11068 3.18639 3.25514 3.25709
 3.26269 3.30482 3.30910 3.32086 3.32401 3.36055 3.36110 3.36245 3.36577 3.37606
 3.38379 3.39209 3.40134 3.44734 3.47147 3.49717 3.62162 3.65064 3.69619 3.71553
 3.81973 4.00658 4.25424 4.25796 4.29830
 Occupations:
 1.00000 1.00000 1.00000 1.00000 1.00000 1.00000 1.00000 1.00000 1.00000 1.00000
 1.00000 1.00000 1.00000 1.00000 1.00000 1.00000 1.00000 1.00000 1.00000 1.00000
 1.00000 1.00000 1.00000 1.00000 1.00000 1.00000 1.00000 1.00000 1.00000 1.00000
 1.00000 1.00000 1.00000 1.00000 1.00000 1.00000 1.00000 1.00000 1.00000 1.00000
 1.00000 1.00000 1.00000 1.00000 1.00000 1.00000 1.00000 1.00000 1.00000 1.00000
 1.00000 1.00000 1.00000 1.00000 1.00000 1.00000 1.00000 1.00000 1.00000 1.00000
 1.00000 1.00000 1.00000 1.00000 1.00000 1.00000 1.00000 0.00000 0.00000 0.00000
 0.00000 0.00000 0.00000 0.00000 0.00000 0.00000 0.00000 0.00000 0.00000 0.00000
 0.00000 0.00000 0.00000 0.00000 0.00000 0.00000 0.00000 0.00000 0.00000 0.00000
 0.00000 0.00000 0.00000 0.00000 0.00000 0.00000 0.00000 0.00000 0.00000 0.00000
 0.00000 0.00000 0.00000 0.00000 0.00000 0.00000 0.00000 0.00000 0.00000 0.00000
 0.00000 0.00000 0.00000 0.00000 0.00000 0.00000 0.00000 0.00000 0.00000 0.00000
 0.00000 0.00000 0.00000 0.00000 0.00000 0.00000 0.00000 0.00000 0.00000 0.00000
 0.00000 0.00000 0.00000 0.00000 0.00000 0.00000 0.00000 0.00000 0.00000 0.00000
 0.00000 0.00000 0.00000 0.00000 0.00000 0.00000 0.00000 0.00000 0.00000 0.00000
 0.00000 0.00000 0.00000 0.00000 0.00000 0.00000 0.00000 0.00000 0.00000 0.00000
 0.00000 0.00000 0.00000 0.00000 0.00000 0.00000 0.00000 0.00000 0.00000 0.00000
 0.00000 0.00000 0.00000 0.00000 0.00000 0.00000 0.00000 0.00000 0.00000 0.00000
 0.00000 0.00000 0.00000 0.00000 0.00000 0.00000 0.00000 0.00000 0.00000 0.00000
 0.00000 0.00000 0.00000 0.00000 0.00000 0.00000 0.00000 0.00000 0.00000 0.00000
 0.00000 0.00000 0.00000 0.00000 0.00000 0.00000 0.00000 0.00000 0.00000 0.00000
 0.00000 0.00000 0.00000 0.00000 0.00000 0.00000 0.00000 0.00000 0.00000 0.00000
 0.00000 0.00000 0.00000 0.00000 0.00000 0.00000 0.00000 0.00000 0.00000 0.00000
 0.00000 0.00000 0.00000 0.00000 0.00000 0.00000 0.00000 0.00000 0.00000 0.00000
 0.00000 0.00000 0.00000 0.00000 0.00000 0.00000 0.00000 0.00000 0.00000 0.00000
 0.00000 0.00000 0.00000 0.00000 0.00000 0.00000 0.00000 0.00000 0.00000 0.00000
 0.00000 0.00000 0.00000 0.00000 0.00000 0.00000 0.00000 0.00000 0.00000 0.00000
 0.00000 0.00000 0.00000 0.00000 0.00000 0.00000 0.00000 0.00000 0.00000 0.00000
 0.00000 0.00000 0.00000 0.00000 0.00000 0.00000 0.00000 0.00000 0.00000 0.00000
 0.00000 0.00000 0.00000 0.00000 0.00000 0.00000 0.00000 0.00000 0.00000 0.00000
 0.00000 0.00000 0.00000 0.00000 0.00000
 == 6-th k-point orbital energies
 Spin up:
 -0.36451 -0.29617 -0.24605 -0.24204 -0.23473 -0.23118 -0.22806 -0.22554 -0.22341 -0.21573
 -0.21126 -0.21030 -0.20844 -0.20584 -0.20544 -0.20237 -0.19047 -0.18949 -0.18395 -0.17469
 -0.17304 -0.17275 -0.17172 -0.17078 -0.16961 -0.16710 -0.16600 -0.16563 -0.16189 -0.16104
 -0.16011 -0.15926 -0.15725 -0.15592 -0.15460 -0.15441 -0.14745 -0.14599 -0.14230 -0.14112
 -0.14039 -0.13868 -0.13787 -0.13576 -0.13466 -0.13071 -0.13007 -0.12828 -0.12755 -0.12528
 -0.12526 -0.12486 -0.12307 -0.12262 -0.12192 -0.12094 -0.11914 -0.11783 -0.11630 -0.11609
 -0.11489 -0.11356 -0.11118 -0.10709 -0.07511 -0.06070 -0.05911 -0.05696 -0.02056 -0.01890
 0.00960 0.03530 0.03803 0.05934 0.13536 0.13838 0.14863 0.16664 0.17407 0.17680
 0.20312 0.22411 0.22654 0.25246 0.30608 0.30799 0.33054 0.35642 0.37508 0.38602
 0.40679 0.41180 0.44710 0.46361 0.47738 0.47905 0.50421 0.51109 0.51732 0.55245
 0.57139 0.60626 0.61777 0.62834 0.63412 0.65717 0.66274 0.69018 0.69386 0.69921
 0.70230 0.72414 0.72899 0.75691 0.76243 0.77260 0.78035 0.78311 0.80615 0.81431
 0.82625 0.82728 0.84523 0.86576 0.88806 0.90351 0.92206 0.92487 0.92688 0.93758
 0.96030 0.96175 1.02642 1.04190 1.05101 1.05186 1.06682 1.07593 1.08903 1.09909
 1.11326 1.11392 1.12929 1.15469 1.16426 1.17510 1.17787 1.20317 1.21048 1.21199
 1.22490 1.23862 1.24783 1.26004 1.26607 1.30160 1.30472 1.31965 1.32738 1.34221
 1.34994 1.35897 1.36357 1.36651 1.40719 1.41809 1.43602 1.44594 1.47832 1.48847
 1.49571 1.49924 1.50985 1.52485 1.54175 1.56321 1.57478 1.57584 1.59196 1.62309
 1.62747 1.65494 1.66868 1.67314 1.67771 1.69410 1.71206 1.72642 1.74871 1.75453
 1.75938 1.77151 1.82469 1.82599 1.83260 1.83577 1.84425 1.85778 1.86781 1.87114
 1.87656 1.88100 1.89463 1.89751 1.91037 1.92183 1.92190 1.92806 1.93734 1.96237
 1.96918 1.98145 1.98254 2.00640 2.01732 2.03515 2.04863 2.05860 2.06686 2.07220
 2.07616 2.09149 2.09746 2.09836 2.10623 2.11228 2.11738 2.11833 2.12311 2.14193
 2.14461 2.15442 2.16167 2.18523 2.18680 2.19253 2.20645 2.21807 2.22729 2.23784
 2.24508 2.27028 2.28562 2.31550 2.31696 2.34506 2.35164 2.37455 2.38023 2.41556
 2.41876 2.43933 2.45015 2.47770 2.48761 2.53783 2.56046 2.59468 2.60315 2.61250
 2.61608 2.67216 2.67358 2.71946 2.74387 2.76935 2.77769 2.82971 2.83103 2.83259
 2.87762 2.88300 2.91367 2.93445 2.99887 3.01164 3.13137 3.14569 3.19626 3.20749
 3.23807 3.31328 3.31371 3.34448 3.35095 3.35450 3.35776 3.38837 3.38856 3.40525
 3.40986 3.42190 3.42784 3.43557 3.44372 3.48160 3.50710 3.56379 3.62192 3.74857
 3.95842 3.96553 4.04731 4.18552 4.27577
 Occupations: 
 1.00000 1.00000 1.00000 1.00000 1.00000 1.00000 1.00000 1.00000 1.00000 1.00000
 1.00000 1.00000 1.00000 1.00000 1.00000 1.00000 1.00000 1.00000 1.00000 1.00000
 1.00000 1.00000 1.00000 1.00000 1.00000 1.00000 1.00000 1.00000 1.00000 1.00000
 1.00000 1.00000 1.00000 1.00000 1.00000 1.00000 1.00000 1.00000 1.00000 1.00000
 1.00000 1.00000 1.00000 1.00000 1.00000 1.00000 1.00000 1.00000 1.00000 1.00000
 1.00000 1.00000 1.00000 1.00000 1.00000 1.00000 1.00000 1.00000 1.00000 1.00000
 1.00000 1.00000 1.00000 1.00000 1.00000 0.77555 0.41398 0.07550 0.00000 0.00000
 0.00000 0.00000 0.00000 0.00000 0.00000 0.00000 0.00000 0.00000 0.00000 0.00000
 0.00000 0.00000 0.00000 0.00000 0.00000 0.00000 0.00000 0.00000 0.00000 0.00000
 0.00000 0.00000 0.00000 0.00000 0.00000 0.00000 0.00000 0.00000 0.00000 0.00000
 0.00000 0.00000 0.00000 0.00000 0.00000 0.00000 0.00000 0.00000 0.00000 0.00000
 0.00000 0.00000 0.00000 0.00000 0.00000 0.00000 0.00000 0.00000 0.00000 0.00000
 0.00000 0.00000 0.00000 0.00000 0.00000 0.00000 0.00000 0.00000 0.00000 0.00000
 0.00000 0.00000 0.00000 0.00000 0.00000 0.00000 0.00000 0.00000 0.00000 0.00000
 0.00000 0.00000 0.00000 0.00000 0.00000 0.00000 0.00000 0.00000 0.00000 0.00000
 0.00000 0.00000 0.00000 0.00000 0.00000 0.00000 0.00000 0.00000 0.00000 0.00000
 0.00000 0.00000 0.00000 0.00000 0.00000 0.00000 0.00000 0.00000 0.00000 0.00000
 0.00000 0.00000 0.00000 0.00000 0.00000 0.00000 0.00000 0.00000 0.00000 0.00000
 0.00000 0.00000 0.00000 0.00000 0.00000 0.00000 0.00000 0.00000 0.00000 0.00000
 0.00000 0.00000 0.00000 0.00000 0.00000 0.00000 0.00000 0.00000 0.00000 0.00000
 0.00000 0.00000 0.00000 0.00000 0.00000 0.00000 0.00000 0.00000 0.00000 0.00000
 0.00000 0.00000 0.00000 0.00000 0.00000 0.00000 0.00000 0.00000 0.00000 0.00000
 0.00000 0.00000 0.00000 0.00000 0.00000 0.00000 0.00000 0.00000 0.00000 0.00000
 0.00000 0.00000 0.00000 0.00000 0.00000 0.00000 0.00000 0.00000 0.00000 0.00000
 0.00000 0.00000 0.00000 0.00000 0.00000 0.00000 0.00000 0.00000 0.00000 0.00000
 0.00000 0.00000 0.00000 0.00000 0.00000 0.00000 0.00000 0.00000 0.00000 0.00000
 0.00000 0.00000 0.00000 0.00000 0.00000 0.00000 0.00000 0.00000 0.00000 0.00000
 0.00000 0.00000 0.00000 0.00000 0.00000 0.00000 0.00000 0.00000 0.00000 0.00000
 0.00000 0.00000 0.00000 0.00000 0.00000 0.00000 0.00000 0.00000 0.00000 0.00000
 0.00000 0.00000 0.00000 0.00000 0.00000 0.00000 0.00000 0.00000 0.00000 0.00000
 0.00000 0.00000 0.00000 0.00000 0.00000
 Spin down:
 -0.36451 -0.29617 -0.24605 -0.24204 -0.23473 -0.23118 -0.22806 -0.22554 -0.22341 -0.21573
 -0.21126 -0.21030 -0.20844 -0.20584 -0.20544 -0.20237 -0.19047 -0.18949 -0.18395 -0.17469
 -0.17304 -0.17275 -0.17172 -0.17078 -0.16961 -0.16710 -0.16600 -0.16563 -0.16189 -0.16104
 -0.16011 -0.15926 -0.15725 -0.15592 -0.15460 -0.15441 -0.14745 -0.14599 -0.14230 -0.14112
 -0.14039 -0.13868 -0.13787 -0.13576 -0.13466 -0.13071 -0.13007 -0.12828 -0.12755 -0.12528
 -0.12526 -0.12486 -0.12307 -0.12262 -0.12192 -0.12094 -0.11914 -0.11783 -0.11630 -0.11609
 -0.11489 -0.11356 -0.11118 -0.10709 -0.07511 -0.06070 -0.05911 -0.05696 -0.02056 -0.01890
 0.00960 0.03530 0.03803 0.05934 0.13536 0.13838 0.14863 0.16664 0.17407 0.17680
 0.20312 0.22411 0.22654 0.25246 0.30608 0.30799 0.33054 0.35642 0.37508 0.38602
 0.40679 0.41180 0.44710 0.46361 0.47738 0.47905 0.50421 0.51109 0.51732 0.55245
 0.57139 0.60626 0.61777 0.62834 0.63412 0.65717 0.66274 0.69018 0.69386 0.69921
 0.70230 0.72414 0.72899 0.75691 0.76243 0.77260 0.78035 0.78311 0.80615 0.81431
 0.82625 0.82728 0.84523 0.86576 0.88806 0.90351 0.92206 0.92487 0.92688 0.93758
 0.96030 0.96175 1.02642 1.04190 1.05101 1.05186 1.06682 1.07593 1.08903 1.09909
 1.11326 1.11392 1.12929 1.15469 1.16426 1.17510 1.17787 1.20317 1.21048 1.21199
 1.22490 1.23862 1.24783 1.26004 1.26607 1.30160 1.30472 1.31965 1.32738 1.34221
 1.34994 1.35897 1.36357 1.36651 1.40719 1.41809 1.43602 1.44594 1.47832 1.48847
 1.49571 1.49924 1.50985 1.52485 1.54175 1.56321 1.57478 1.57584 1.59196 1.62309
 1.62747 1.65494 1.66868 1.67314 1.67771 1.69410 1.71206 1.72642 1.74871 1.75453
 1.75938 1.77151 1.82469 1.82599 1.83260 1.83577 1.84425 1.85778 1.86781 1.87114
 1.87656 1.88100 1.89463 1.89751 1.91037 1.92183 1.92190 1.92806 1.93734 1.96237
 1.96918 1.98145 1.98254 2.00640 2.01732 2.03515 2.04863 2.05860 2.06686 2.07220
 2.07616 2.09149 2.09746 2.09836 2.10623 2.11228 2.11738 2.11833 2.12311 2.14193
 2.14461 2.15442 2.16167 2.18523 2.18680 2.19253 2.20645 2.21807 2.22729 2.23784
 2.24508 2.27028 2.28562 2.31550 2.31696 2.34506 2.35164 2.37455 2.38023 2.41556
 2.41876 2.43933 2.45015 2.47770 2.48761 2.53783 2.56046 2.59468 2.60315 2.61250
 2.61608 2.67216 2.67358 2.71946 2.74387 2.76935 2.77769 2.82971 2.83103 2.83259
 2.87762 2.88300 2.91367 2.93445 2.99887 3.01164 3.13137 3.14569 3.19626 3.20749
 3.23807 3.31328 3.31371 3.34448 3.35095 3.35450 3.35776 3.38837 3.38856 3.40525
 3.40986 3.42190 3.42784 3.43557 3.44372 3.48160 3.50710 3.56379 3.62192 3.74857
 3.95842 3.96553 4.04731 4.18552 4.27577
 Occupations:
 1.00000 1.00000 1.00000 1.00000 1.00000 1.00000 1.00000 1.00000 1.00000 1.00000
 1.00000 1.00000 1.00000 1.00000 1.00000 1.00000 1.00000 1.00000 1.00000 1.00000
 1.00000 1.00000 1.00000 1.00000 1.00000 1.00000 1.00000 1.00000 1.00000 1.00000
 1.00000 1.00000 1.00000 1.00000 1.00000 1.00000 1.00000 1.00000 1.00000 1.00000
 1.00000 1.00000 1.00000 1.00000 1.00000 1.00000 1.00000 1.00000 1.00000 1.00000
 1.00000 1.00000 1.00000 1.00000 1.00000 1.00000 1.00000 1.00000 1.00000 1.00000
 1.00000 1.00000 1.00000 1.00000 1.00000 0.77557 0.41402 0.07550 0.00000 0.00000
 0.00000 0.00000 0.00000 0.00000 0.00000 0.00000 0.00000 0.00000 0.00000 0.00000
 0.00000 0.00000 0.00000 0.00000 0.00000 0.00000 0.00000 0.00000 0.00000 0.00000
 0.00000 0.00000 0.00000 0.00000 0.00000 0.00000 0.00000 0.00000 0.00000 0.00000
 0.00000 0.00000 0.00000 0.00000 0.00000 0.00000 0.00000 0.00000 0.00000 0.00000
 0.00000 0.00000 0.00000 0.00000 0.00000 0.00000 0.00000 0.00000 0.00000 0.00000
 0.00000 0.00000 0.00000 0.00000 0.00000 0.00000 0.00000 0.00000 0.00000 0.00000
 0.00000 0.00000 0.00000 0.00000 0.00000 0.00000 0.00000 0.00000 0.00000 0.00000
 0.00000 0.00000 0.00000 0.00000 0.00000 0.00000 0.00000 0.00000 0.00000 0.00000
 0.00000 0.00000 0.00000 0.00000 0.00000 0.00000 0.00000 0.00000 0.00000 0.00000
 0.00000 0.00000 0.00000 0.00000 0.00000 0.00000 0.00000 0.00000 0.00000 0.00000
 0.00000 0.00000 0.00000 0.00000 0.00000 0.00000 0.00000 0.00000 0.00000 0.00000
 0.00000 0.00000 0.00000 0.00000 0.00000 0.00000 0.00000 0.00000 0.00000 0.00000
 0.00000 0.00000 0.00000 0.00000 0.00000 0.00000 0.00000 0.00000 0.00000 0.00000
 0.00000 0.00000 0.00000 0.00000 0.00000 0.00000 0.00000 0.00000 0.00000 0.00000
 0.00000 0.00000 0.00000 0.00000 0.00000 0.00000 0.00000 0.00000 0.00000 0.00000
 0.00000 0.00000 0.00000 0.00000 0.00000 0.00000 0.00000 0.00000 0.00000 0.00000
 0.00000 0.00000 0.00000 0.00000 0.00000 0.00000 0.00000 0.00000 0.00000 0.00000
 0.00000 0.00000 0.00000 0.00000 0.00000 0.00000 0.00000 0.00000 0.00000 0.00000
 0.00000 0.00000 0.00000 0.00000 0.00000 0.00000 0.00000 0.00000 0.00000 0.00000
 0.00000 0.00000 0.00000 0.00000 0.00000 0.00000 0.00000 0.00000 0.00000 0.00000
 0.00000 0.00000 0.00000 0.00000 0.00000 0.00000 0.00000 0.00000 0.00000 0.00000
 0.00000 0.00000 0.00000 0.00000 0.00000 0.00000 0.00000 0.00000 0.00000 0.00000
 0.00000 0.00000 0.00000 0.00000 0.00000 0.00000 0.00000 0.00000 0.00000 0.00000
 0.00000 0.00000 0.00000 0.00000 0.00000
 == 7-th k-point orbital energies
 Spin up:
 -0.36451 -0.29617 -0.24605 -0.24204 -0.23473 -0.23118 -0.22807 -0.22554 -0.22341 -0.21573
 -0.21127 -0.21030 -0.20844 -0.20584 -0.20544 -0.20237 -0.19047 -0.18949 -0.18395 -0.17469
 -0.17304 -0.17275 -0.17172 -0.17078 -0.16961 -0.16710 -0.16600 -0.16562 -0.16188 -0.16104
 -0.16011 -0.15926 -0.15725 -0.15592 -0.15460 -0.15441 -0.14745 -0.14599 -0.14230 -0.14112
 -0.14039 -0.13868 -0.13787 -0.13576 -0.13466 -0.13071 -0.13007 -0.12828 -0.12755 -0.12528
 -0.12526 -0.12486 -0.12307 -0.12262 -0.12192 -0.12094 -0.11914 -0.11783 -0.11630 -0.11609
 -0.11488 -0.11356 -0.11118 -0.10709 -0.07511 -0.06070 -0.05912 -0.05696 -0.02056 -0.01890
 0.00960 0.03530 0.03803 0.05934 0.13536 0.13838 0.14863 0.16664 0.17407 0.17680
 0.20312 0.22411 0.22654 0.25246 0.30608 0.30799 0.33054 0.35642 0.37508 0.38602
 0.40679 0.41180 0.44710 0.46361 0.47738 0.47905 0.50421 0.51109 0.51732 0.55245
 0.57139 0.60626 0.61777 0.62834 0.63412 0.65717 0.66274 0.69018 0.69386 0.69921
 0.70230 0.72414 0.72899 0.75691 0.76243 0.77260 0.78036 0.78311 0.80615 0.81431
 0.82625 0.82728 0.84523 0.86576 0.88806 0.90351 0.92206 0.92487 0.92688 0.93758
 0.96030 0.96175 1.02642 1.04190 1.05101 1.05186 1.06682 1.07593 1.08903 1.09909
 1.11326 1.11392 1.12929 1.15469 1.16426 1.17510 1.17787 1.20317 1.21048 1.21199
 1.22490 1.23862 1.24783 1.26004 1.26607 1.30160 1.30472 1.31965 1.32738 1.34221
 1.34994 1.35897 1.36357 1.36651 1.40719 1.41809 1.43602 1.44594 1.47832 1.48847
 1.49571 1.49924 1.50985 1.52485 1.54175 1.56321 1.57478 1.57584 1.59196 1.62309
 1.62747 1.65494 1.66868 1.67314 1.67771 1.69410 1.71206 1.72642 1.74871 1.75453
 1.75938 1.77151 1.82469 1.82599 1.83260 1.83577 1.84425 1.85778 1.86781 1.87114
 1.87656 1.88100 1.89463 1.89751 1.91037 1.92183 1.92190 1.92806 1.93734 1.96237
 1.96918 1.98145 1.98254 2.00640 2.01732 2.03515 2.04863 2.05860 2.06686 2.07220
 2.07616 2.09149 2.09746 2.09836 2.10623 2.11228 2.11738 2.11833 2.12311 2.14193
 2.14461 2.15442 2.16167 2.18523 2.18680 2.19253 2.20645 2.21807 2.22728 2.23784
 2.24508 2.27028 2.28562 2.31550 2.31696 2.34506 2.35164 2.37455 2.38023 2.41556
 2.41876 2.43933 2.45015 2.47770 2.48761 2.53783 2.56046 2.59468 2.60315 2.61250
 2.61608 2.67216 2.67358 2.71946 2.74387 2.76934 2.77769 2.82971 2.83103 2.83259
 2.87762 2.88300 2.91367 2.93445 2.99886 3.01164 3.13137 3.14569 3.19627 3.20749
 3.23807 3.31328 3.31371 3.34448 3.35095 3.35450 3.35776 3.38837 3.38856 3.40525
 3.40986 3.42190 3.42784 3.43557 3.44372 3.48160 3.50710 3.56379 3.62192 3.74857
 3.95842 3.96553 4.04731 4.18552 4.27577
 Occupations: 
 1.00000 1.00000 1.00000 1.00000 1.00000 1.00000 1.00000 1.00000 1.00000 1.00000
 1.00000 1.00000 1.00000 1.00000 1.00000 1.00000 1.00000 1.00000 1.00000 1.00000
 1.00000 1.00000 1.00000 1.00000 1.00000 1.00000 1.00000 1.00000 1.00000 1.00000
 1.00000 1.00000 1.00000 1.00000 1.00000 1.00000 1.00000 1.00000 1.00000 1.00000
 1.00000 1.00000 1.00000 1.00000 1.00000 1.00000 1.00000 1.00000 1.00000 1.00000
 1.00000 1.00000 1.00000 1.00000 1.00000 1.00000 1.00000 1.00000 1.00000 1.00000
 1.00000 1.00000 1.00000 1.00000 1.00000 0.77581 0.41440 0.07555 0.00000 0.00000
 0.00000 0.00000 0.00000 0.00000 0.00000 0.00000 0.00000 0.00000 0.00000 0.00000
 0.00000 0.00000 0.00000 0.00000 0.00000 0.00000 0.00000 0.00000 0.00000 0.00000
 0.00000 0.00000 0.00000 0.00000 0.00000 0.00000 0.00000 0.00000 0.00000 0.00000
 0.00000 0.00000 0.00000 0.00000 0.00000 0.00000 0.00000 0.00000 0.00000 0.00000
 0.00000 0.00000 0.00000 0.00000 0.00000 0.00000 0.00000 0.00000 0.00000 0.00000
 0.00000 0.00000 0.00000 0.00000 0.00000 0.00000 0.00000 0.00000 0.00000 0.00000
 0.00000 0.00000 0.00000 0.00000 0.00000 0.00000 0.00000 0.00000 0.00000 0.00000
 0.00000 0.00000 0.00000 0.00000 0.00000 0.00000 0.00000 0.00000 0.00000 0.00000
 0.00000 0.00000 0.00000 0.00000 0.00000 0.00000 0.00000 0.00000 0.00000 0.00000
 0.00000 0.00000 0.00000 0.00000 0.00000 0.00000 0.00000 0.00000 0.00000 0.00000
 0.00000 0.00000 0.00000 0.00000 0.00000 0.00000 0.00000 0.00000 0.00000 0.00000
 0.00000 0.00000 0.00000 0.00000 0.00000 0.00000 0.00000 0.00000 0.00000 0.00000
 0.00000 0.00000 0.00000 0.00000 0.00000 0.00000 0.00000 0.00000 0.00000 0.00000
 0.00000 0.00000 0.00000 0.00000 0.00000 0.00000 0.00000 0.00000 0.00000 0.00000
 0.00000 0.00000 0.00000 0.00000 0.00000 0.00000 0.00000 0.00000 0.00000 0.00000
 0.00000 0.00000 0.00000 0.00000 0.00000 0.00000 0.00000 0.00000 0.00000 0.00000
 0.00000 0.00000 0.00000 0.00000 0.00000 0.00000 0.00000 0.00000 0.00000 0.00000
 0.00000 0.00000 0.00000 0.00000 0.00000 0.00000 0.00000 0.00000 0.00000 0.00000
 0.00000 0.00000 0.00000 0.00000 0.00000 0.00000 0.00000 0.00000 0.00000 0.00000
 0.00000 0.00000 0.00000 0.00000 0.00000 0.00000 0.00000 0.00000 0.00000 0.00000
 0.00000 0.00000 0.00000 0.00000 0.00000 0.00000 0.00000 0.00000 0.00000 0.00000
 0.00000 0.00000 0.00000 0.00000 0.00000 0.00000 0.00000 0.00000 0.00000 0.00000
 0.00000 0.00000 0.00000 0.00000 0.00000 0.00000 0.00000 0.00000 0.00000 0.00000
 0.00000 0.00000 0.00000 0.00000 0.00000
 Spin down:
 -0.36451 -0.29617 -0.24605 -0.24204 -0.23473 -0.23118 -0.22807 -0.22554 -0.22341 -0.21573
 -0.21127 -0.21030 -0.20844 -0.20584 -0.20544 -0.20237 -0.19047 -0.18949 -0.18395 -0.17469
 -0.17304 -0.17275 -0.17172 -0.17078 -0.16961 -0.16710 -0.16600 -0.16562 -0.16188 -0.16104
 -0.16011 -0.15926 -0.15725 -0.15592 -0.15460 -0.15441 -0.14745 -0.14599 -0.14230 -0.14112
 -0.14039 -0.13868 -0.13787 -0.13576 -0.13466 -0.13071 -0.13007 -0.12828 -0.12755 -0.12528
 -0.12526 -0.12486 -0.12307 -0.12262 -0.12192 -0.12094 -0.11914 -0.11783 -0.11630 -0.11609
 -0.11488 -0.11356 -0.11118 -0.10709 -0.07511 -0.06070 -0.05912 -0.05696 -0.02056 -0.01890
 0.00960 0.03530 0.03803 0.05934 0.13536 0.13838 0.14863 0.16664 0.17407 0.17680
 0.20312 0.22411 0.22654 0.25246 0.30608 0.30799 0.33054 0.35642 0.37508 0.38602
 0.40679 0.41180 0.44710 0.46361 0.47738 0.47905 0.50421 0.51109 0.51732 0.55245
 0.57139 0.60626 0.61777 0.62834 0.63412 0.65717 0.66274 0.69018 0.69386 0.69921
 0.70230 0.72414 0.72899 0.75691 0.76243 0.77260 0.78036 0.78311 0.80615 0.81431
 0.82625 0.82728 0.84523 0.86576 0.88806 0.90351 0.92206 0.92487 0.92688 0.93758
 0.96030 0.96175 1.02642 1.04190 1.05101 1.05186 1.06682 1.07593 1.08903 1.09909
 1.11326 1.11392 1.12929 1.15469 1.16426 1.17510 1.17787 1.20317 1.21048 1.21199
 1.22490 1.23862 1.24783 1.26004 1.26607 1.30160 1.30472 1.31965 1.32738 1.34221
 1.34994 1.35897 1.36357 1.36651 1.40719 1.41809 1.43602 1.44594 1.47832 1.48847
 1.49571 1.49924 1.50985 1.52485 1.54175 1.56321 1.57478 1.57584 1.59196 1.62309
 1.62747 1.65494 1.66868 1.67314 1.67771 1.69410 1.71206 1.72642 1.74871 1.75453
 1.75938 1.77151 1.82469 1.82599 1.83260 1.83577 1.84425 1.85778 1.86781 1.87114
 1.87656 1.88100 1.89463 1.89751 1.91037 1.92183 1.92190 1.92806 1.93734 1.96237
 1.96918 1.98145 1.98254 2.00640 2.01732 2.03515 2.04863 2.05860 2.06686 2.07220
 2.07616 2.09149 2.09746 2.09836 2.10623 2.11228 2.11738 2.11833 2.12311 2.14193
 2.14461 2.15442 2.16167 2.18523 2.18680 2.19253 2.20645 2.21807 2.22728 2.23784
 2.24508 2.27028 2.28562 2.31550 2.31696 2.34506 2.35164 2.37455 2.38023 2.41556
 2.41876 2.43933 2.45015 2.47770 2.48761 2.53783 2.56046 2.59468 2.60315 2.61250
 2.61608 2.67216 2.67358 2.71946 2.74387 2.76934 2.77769 2.82971 2.83103 2.83259
 2.87762 2.88300 2.91367 2.93445 2.99886 3.01164 3.13137 3.14569 3.19627 3.20749
 3.23807 3.31328 3.31371 3.34448 3.35095 3.35450 3.35776 3.38837 3.38856 3.40525
 3.40986 3.42190 3.42784 3.43557 3.44372 3.48160 3.50710 3.56379 3.62192 3.74857
 3.95842 3.96553 4.04731 4.18552 4.27577
 Occupations:
 1.00000 1.00000 1.00000 1.00000 1.00000 1.00000 1.00000 1.00000 1.00000 1.00000
 1.00000 1.00000 1.00000 1.00000 1.00000 1.00000 1.00000 1.00000 1.00000 1.00000
 1.00000 1.00000 1.00000 1.00000 1.00000 1.00000 1.00000 1.00000 1.00000 1.00000
 1.00000 1.00000 1.00000 1.00000 1.00000 1.00000 1.00000 1.00000 1.00000 1.00000
 1.00000 1.00000 1.00000 1.00000 1.00000 1.00000 1.00000 1.00000 1.00000 1.00000
 1.00000 1.00000 1.00000 1.00000 1.00000 1.00000 1.00000 1.00000 1.00000 1.00000
 1.00000 1.00000 1.00000 1.00000 1.00000 0.77582 0.41444 0.07556 0.00000 0.00000
 0.00000 0.00000 0.00000 0.00000 0.00000 0.00000 0.00000 0.00000 0.00000 0.00000
 0.00000 0.00000 0.00000 0.00000 0.00000 0.00000 0.00000 0.00000 0.00000 0.00000
 0.00000 0.00000 0.00000 0.00000 0.00000 0.00000 0.00000 0.00000 0.00000 0.00000
 0.00000 0.00000 0.00000 0.00000 0.00000 0.00000 0.00000 0.00000 0.00000 0.00000
 0.00000 0.00000 0.00000 0.00000 0.00000 0.00000 0.00000 0.00000 0.00000 0.00000
 0.00000 0.00000 0.00000 0.00000 0.00000 0.00000 0.00000 0.00000 0.00000 0.00000
 0.00000 0.00000 0.00000 0.00000 0.00000 0.00000 0.00000 0.00000 0.00000 0.00000
 0.00000 0.00000 0.00000 0.00000 0.00000 0.00000 0.00000 0.00000 0.00000 0.00000
 0.00000 0.00000 0.00000 0.00000 0.00000 0.00000 0.00000 0.00000 0.00000 0.00000
 0.00000 0.00000 0.00000 0.00000 0.00000 0.00000 0.00000 0.00000 0.00000 0.00000
 0.00000 0.00000 0.00000 0.00000 0.00000 0.00000 0.00000 0.00000 0.00000 0.00000
 0.00000 0.00000 0.00000 0.00000 0.00000 0.00000 0.00000 0.00000 0.00000 0.00000
 0.00000 0.00000 0.00000 0.00000 0.00000 0.00000 0.00000 0.00000 0.00000 0.00000
 0.00000 0.00000 0.00000 0.00000 0.00000 0.00000 0.00000 0.00000 0.00000 0.00000
 0.00000 0.00000 0.00000 0.00000 0.00000 0.00000 0.00000 0.00000 0.00000 0.00000
 0.00000 0.00000 0.00000 0.00000 0.00000 0.00000 0.00000 0.00000 0.00000 0.00000
 0.00000 0.00000 0.00000 0.00000 0.00000 0.00000 0.00000 0.00000 0.00000 0.00000
 0.00000 0.00000 0.00000 0.00000 0.00000 0.00000 0.00000 0.00000 0.00000 0.00000
 0.00000 0.00000 0.00000 0.00000 0.00000 0.00000 0.00000 0.00000 0.00000 0.00000
 0.00000 0.00000 0.00000 0.00000 0.00000 0.00000 0.00000 0.00000 0.00000 0.00000
 0.00000 0.00000 0.00000 0.00000 0.00000 0.00000 0.00000 0.00000 0.00000 0.00000
 0.00000 0.00000 0.00000 0.00000 0.00000 0.00000 0.00000 0.00000 0.00000 0.00000
 0.00000 0.00000 0.00000 0.00000 0.00000 0.00000 0.00000 0.00000 0.00000 0.00000
 0.00000 0.00000 0.00000 0.00000 0.00000
 == 8-th k-point orbital energies
 Spin up:
 -0.34214 -0.27678 -0.25597 -0.25369 -0.23151 -0.22617 -0.22510 -0.21837 -0.21705 -0.21016
 -0.20666 -0.20516 -0.20297 -0.19835 -0.19788 -0.19620 -0.18851 -0.18794 -0.18459 -0.18095
 -0.17818 -0.17626 -0.17455 -0.17436 -0.17126 -0.16929 -0.16746 -0.16551 -0.16422 -0.16379
 -0.16295 -0.16210 -0.16024 -0.15779 -0.15653 -0.15471 -0.15268 -0.15105 -0.14946 -0.14845
 -0.14616 -0.14578 -0.14505 -0.14302 -0.14185 -0.14085 -0.13803 -0.13604 -0.13555 -0.13439
 -0.13181 -0.13064 -0.12807 -0.12674 -0.12404 -0.12335 -0.12163 -0.12103 -0.12012 -0.11935
 -0.11896 -0.11753 -0.10748 -0.10712 -0.10078 -0.08321 -0.07983 -0.03738 0.00594 0.00775
 0.01207 0.03206 0.05795 0.07222 0.13595 0.13854 0.16098 0.18937 0.20889 0.21863
 0.21968 0.25063 0.28080 0.28122 0.29297 0.31926 0.34556 0.35128 0.37195 0.37737
 0.40217 0.40927 0.42418 0.43795 0.48208 0.49390 0.50845 0.51171 0.51953 0.54330
 0.54409 0.56246 0.57990 0.58305 0.59621 0.62598 0.63302 0.63745 0.64922 0.67286
 0.68305 0.68465 0.70687 0.73371 0.74150 0.79537 0.79902 0.80967 0.81343 0.82128
 0.83155 0.83869 0.86495 0.87567 0.88367 0.91008 0.91925 0.92100 0.93818 0.94242
 0.96939 0.99869 1.00381 1.03177 1.04901 1.05950 1.07018 1.08711 1.11209 1.11345
 1.12678 1.14635 1.16555 1.17444 1.17967 1.19188 1.21931 1.22709 1.23261 1.23837
 1.24385 1.25976 1.26328 1.29045 1.29705 1.30638 1.31054 1.32517 1.33636 1.34867
 1.36903 1.38235 1.38869 1.39442 1.41197 1.42596 1.43572 1.43977 1.45010 1.46207
 1.46961 1.47348 1.49062 1.49653 1.49902 1.52595 1.56292 1.58276 1.59004 1.59591
 1.61775 1.63488 1.64207 1.65364 1.66414 1.67313 1.67354 1.68988 1.69826 1.70367
 1.71091 1.72341 1.72984 1.73378 1.75077 1.75689 1.76435 1.79007 1.80617 1.81128
 1.81933 1.82913 1.83738 1.83932 1.84825 1.87321 1.88468 1.89755 1.90498 1.92338
 1.92497 1.94588 1.95720 1.96405 1.97507 1.98329 1.98801 2.00845 2.01846 2.01951
 2.02600 2.03664 2.05153 2.06599 2.08115 2.09767 2.10360 2.12176 2.14141 2.14767
 2.15176 2.16716 2.17265 2.17410 2.18155 2.20224 2.20920 2.21810 2.22900 2.23104
 2.24072 2.25023 2.26258 2.28949 2.30256 2.31079 2.33807 2.36069 2.37335 2.38166
 2.38646 2.39759 2.42850 2.44167 2.46365 2.48709 2.50350 2.53419 2.55582 2.59421
 2.60561 2.63742 2.65989 2.70187 2.71094 2.73007 2.73861 2.75247 2.80384 2.83758
 2.86651 2.90267 2.91938 2.96083 2.99173 3.02212 3.11067 3.18639 3.25514 3.25709
 3.26269 3.30482 3.30910 3.32086 3.32401 3.36055 3.36110 3.36245 3.36577 3.37606
 3.38379 3.39209 3.40135 3.44734 3.47147 3.49717 3.62162 3.65064 3.69619 3.71553
 3.81973 4.00658 4.25424 4.25796 4.29830
 Occupations: 
 1.00000 1.00000 1.00000 1.00000 1.00000 1.00000 1.00000 1.00000 1.00000 1.00000
 1.00000 1.00000 1.00000 1.00000 1.00000 1.00000 1.00000 1.00000 1.00000 1.00000
 1.00000 1.00000 1.00000 1.00000 1.00000 1.00000 1.00000 1.00000 1.00000 1.00000
 1.00000 1.00000 1.00000 1.00000 1.00000 1.00000 1.00000 1.00000 1.00000 1.00000
 1.00000 1.00000 1.00000 1.00000 1.00000 1.00000 1.00000 1.00000 1.00000 1.00000
 1.00000 1.00000 1.00000 1.00000 1.00000 1.00000 1.00000 1.00000 1.00000 1.00000
 1.00000 1.00000 1.00000 1.00000 1.00000 1.00000 1.00000 0.00000 0.00000 0.00000
 0.00000 0.00000 0.00000 0.00000 0.00000 0.00000 0.00000 0.00000 0.00000 0.00000
 0.00000 0.00000 0.00000 0.00000 0.00000 0.00000 0.00000 0.00000 0.00000 0.00000
 0.00000 0.00000 0.00000 0.00000 0.00000 0.00000 0.00000 0.00000 0.00000 0.00000
 0.00000 0.00000 0.00000 0.00000 0.00000 0.00000 0.00000 0.00000 0.00000 0.00000
 0.00000 0.00000 0.00000 0.00000 0.00000 0.00000 0.00000 0.00000 0.00000 0.00000
 0.00000 0.00000 0.00000 0.00000 0.00000 0.00000 0.00000 0.00000 0.00000 0.00000
 0.00000 0.00000 0.00000 0.00000 0.00000 0.00000 0.00000 0.00000 0.00000 0.00000
 0.00000 0.00000 0.00000 0.00000 0.00000 0.00000 0.00000 0.00000 0.00000 0.00000
 0.00000 0.00000 0.00000 0.00000 0.00000 0.00000 0.00000 0.00000 0.00000 0.00000
 0.00000 0.00000 0.00000 0.00000 0.00000 0.00000 0.00000 0.00000 0.00000 0.00000
 0.00000 0.00000 0.00000 0.00000 0.00000 0.00000 0.00000 0.00000 0.00000 0.00000
 0.00000 0.00000 0.00000 0.00000 0.00000 0.00000 0.00000 0.00000 0.00000 0.00000
 0.00000 0.00000 0.00000 0.00000 0.00000 0.00000 0.00000 0.00000 0.00000 0.00000
 0.00000 0.00000 0.00000 0.00000 0.00000 0.00000 0.00000 0.00000 0.00000 0.00000
 0.00000 0.00000 0.00000 0.00000 0.00000 0.00000 0.00000 0.00000 0.00000 0.00000
 0.00000 0.00000 0.00000 0.00000 0.00000 0.00000 0.00000 0.00000 0.00000 0.00000
 0.00000 0.00000 0.00000 0.00000 0.00000 0.00000 0.00000 0.00000 0.00000 0.00000
 0.00000 0.00000 0.00000 0.00000 0.00000 0.00000 0.00000 0.00000 0.00000 0.00000
 0.00000 0.00000 0.00000 0.00000 0.00000 0.00000 0.00000 0.00000 0.00000 0.00000
 0.00000 0.00000 0.00000 0.00000 0.00000 0.00000 0.00000 0.00000 0.00000 0.00000
 0.00000 0.00000 0.00000 0.00000 0.00000 0.00000 0.00000 0.00000 0.00000 0.00000
 0.00000 0.00000 0.00000 0.00000 0.00000 0.00000 0.00000 0.00000 0.00000 0.00000
 0.00000 0.00000 0.00000 0.00000 0.00000 0.00000 0.00000 0.00000 0.00000 0.00000
 0.00000 0.00000 0.00000 0.00000 0.00000
 Spin down:
 -0.34214 -0.27678 -0.25597 -0.25369 -0.23151 -0.22617 -0.22510 -0.21837 -0.21705 -0.21016
 -0.20666 -0.20516 -0.20297 -0.19835 -0.19788 -0.19620 -0.18851 -0.18794 -0.18459 -0.18095
 -0.17818 -0.17626 -0.17455 -0.17436 -0.17126 -0.16929 -0.16746 -0.16551 -0.16422 -0.16379
 -0.16295 -0.16210 -0.16024 -0.15779 -0.15653 -0.15471 -0.15268 -0.15105 -0.14946 -0.14845
 -0.14616 -0.14578 -0.14505 -0.14302 -0.14185 -0.14085 -0.13803 -0.13604 -0.13555 -0.13439
 -0.13181 -0.13064 -0.12807 -0.12674 -0.12404 -0.12335 -0.12163 -0.12103 -0.12012 -0.11935
 -0.11896 -0.11753 -0.10748 -0.10712 -0.10078 -0.08321 -0.07983 -0.03738 0.00594 0.00775
 0.01207 0.03206 0.05795 0.07222 0.13595 0.13854 0.16098 0.18937 0.20889 0.21863
 0.21968 0.25063 0.28080 0.28122 0.29297 0.31926 0.34556 0.35128 0.37195 0.37737
 0.40217 0.40927 0.42418 0.43795 0.48208 0.49390 0.50845 0.51171 0.51953 0.54330
 0.54409 0.56246 0.57990 0.58305 0.59621 0.62598 0.63302 0.63745 0.64922 0.67286
 0.68305 0.68465 0.70687 0.73371 0.74150 0.79537 0.79902 0.80967 0.81343 0.82128
 0.83155 0.83869 0.86495 0.87567 0.88367 0.91008 0.91925 0.92100 0.93818 0.94242
 0.96939 0.99869 1.00381 1.03177 1.04901 1.05950 1.07018 1.08711 1.11209 1.11345
 1.12678 1.14635 1.16555 1.17444 1.17967 1.19188 1.21931 1.22709 1.23261 1.23837
 1.24385 1.25976 1.26328 1.29045 1.29705 1.30638 1.31054 1.32517 1.33636 1.34867
 1.36903 1.38235 1.38869 1.39442 1.41197 1.42596 1.43572 1.43977 1.45010 1.46207
 1.46961 1.47348 1.49062 1.49653 1.49902 1.52595 1.56292 1.58276 1.59004 1.59591
 1.61775 1.63488 1.64207 1.65364 1.66414 1.67313 1.67354 1.68988 1.69826 1.70367
 1.71091 1.72341 1.72984 1.73378 1.75077 1.75689 1.76435 1.79007 1.80617 1.81128
 1.81933 1.82913 1.83738 1.83932 1.84825 1.87321 1.88468 1.89755 1.90498 1.92338
 1.92497 1.94588 1.95720 1.96405 1.97507 1.98329 1.98801 2.00845 2.01846 2.01951
 2.02600 2.03664 2.05153 2.06599 2.08115 2.09767 2.10360 2.12176 2.14141 2.14767
 2.15176 2.16716 2.17265 2.17410 2.18155 2.20224 2.20920 2.21810 2.22900 2.23104
 2.24072 2.25023 2.26258 2.28949 2.30256 2.31079 2.33807 2.36069 2.37335 2.38166
 2.38646 2.39759 2.42850 2.44167 2.46365 2.48709 2.50350 2.53419 2.55582 2.59421
 2.60561 2.63742 2.65989 2.70187 2.71094 2.73007 2.73861 2.75247 2.80384 2.83758
 2.86651 2.90267 2.91938 2.96083 2.99173 3.02212 3.11067 3.18639 3.25514 3.25709
 3.26269 3.30482 3.30910 3.32086 3.32401 3.36055 3.36110 3.36245 3.36577 3.37606
 3.38379 3.39209 3.40135 3.44734 3.47147 3.49717 3.62162 3.65064 3.69619 3.71553
 3.81973 4.00658 4.25424 4.25796 4.29830
 Occupations:
 1.00000 1.00000 1.00000 1.00000 1.00000 1.00000 1.00000 1.00000 1.00000 1.00000
 1.00000 1.00000 1.00000 1.00000 1.00000 1.00000 1.00000 1.00000 1.00000 1.00000
 1.00000 1.00000 1.00000 1.00000 1.00000 1.00000 1.00000 1.00000 1.00000 1.00000
 1.00000 1.00000 1.00000 1.00000 1.00000 1.00000 1.00000 1.00000 1.00000 1.00000
 1.00000 1.00000 1.00000 1.00000 1.00000 1.00000 1.00000 1.00000 1.00000 1.00000
 1.00000 1.00000 1.00000 1.00000 1.00000 1.00000 1.00000 1.00000 1.00000 1.00000
 1.00000 1.00000 1.00000 1.00000 1.00000 1.00000 1.00000 0.00000 0.00000 0.00000
 0.00000 0.00000 0.00000 0.00000 0.00000 0.00000 0.00000 0.00000 0.00000 0.00000
 0.00000 0.00000 0.00000 0.00000 0.00000 0.00000 0.00000 0.00000 0.00000 0.00000
 0.00000 0.00000 0.00000 0.00000 0.00000 0.00000 0.00000 0.00000 0.00000 0.00000
 0.00000 0.00000 0.00000 0.00000 0.00000 0.00000 0.00000 0.00000 0.00000 0.00000
 0.00000 0.00000 0.00000 0.00000 0.00000 0.00000 0.00000 0.00000 0.00000 0.00000
 0.00000 0.00000 0.00000 0.00000 0.00000 0.00000 0.00000 0.00000 0.00000 0.00000
 0.00000 0.00000 0.00000 0.00000 0.00000 0.00000 0.00000 0.00000 0.00000 0.00000
 0.00000 0.00000 0.00000 0.00000 0.00000 0.00000 0.00000 0.00000 0.00000 0.00000
 0.00000 0.00000 0.00000 0.00000 0.00000 0.00000 0.00000 0.00000 0.00000 0.00000
 0.00000 0.00000 0.00000 0.00000 0.00000 0.00000 0.00000 0.00000 0.00000 0.00000
 0.00000 0.00000 0.00000 0.00000 0.00000 0.00000 0.00000 0.00000 0.00000 0.00000
 0.00000 0.00000 0.00000 0.00000 0.00000 0.00000 0.00000 0.00000 0.00000 0.00000
 0.00000 0.00000 0.00000 0.00000 0.00000 0.00000 0.00000 0.00000 0.00000 0.00000
 0.00000 0.00000 0.00000 0.00000 0.00000 0.00000 0.00000 0.00000 0.00000 0.00000
 0.00000 0.00000 0.00000 0.00000 0.00000 0.00000 0.00000 0.00000 0.00000 0.00000
 0.00000 0.00000 0.00000 0.00000 0.00000 0.00000 0.00000 0.00000 0.00000 0.00000
 0.00000 0.00000 0.00000 0.00000 0.00000 0.00000 0.00000 0.00000 0.00000 0.00000
 0.00000 0.00000 0.00000 0.00000 0.00000 0.00000 0.00000 0.00000 0.00000 0.00000
 0.00000 0.00000 0.00000 0.00000 0.00000 0.00000 0.00000 0.00000 0.00000 0.00000
 0.00000 0.00000 0.00000 0.00000 0.00000 0.00000 0.00000 0.00000 0.00000 0.00000
 0.00000 0.00000 0.00000 0.00000 0.00000 0.00000 0.00000 0.00000 0.00000 0.00000
 0.00000 0.00000 0.00000 0.00000 0.00000 0.00000 0.00000 0.00000 0.00000 0.00000
 0.00000 0.00000 0.00000 0.00000 0.00000 0.00000 0.00000 0.00000 0.00000 0.00000
 0.00000 0.00000 0.00000 0.00000 0.00000
 == 9-th k-point orbital energies
 Spin up:
 -0.30232 -0.29976 -0.25970 -0.24827 -0.24102 -0.22506 -0.21490 -0.20752 -0.20690 -0.20650
 -0.20578 -0.19767 -0.19719 -0.19601 -0.19480 -0.19031 -0.18852 -0.18785 -0.18735 -0.18456
 -0.18308 -0.18053 -0.17790 -0.17578 -0.17391 -0.17292 -0.17207 -0.17117 -0.17044 -0.16822
 -0.16648 -0.16450 -0.16291 -0.16154 -0.16002 -0.15923 -0.15733 -0.15694 -0.15606 -0.15350
 -0.15200 -0.14757 -0.14494 -0.14344 -0.14119 -0.13980 -0.13904 -0.13779 -0.13716 -0.13491
 -0.13239 -0.13129 -0.12929 -0.12911 -0.12742 -0.12633 -0.12562 -0.12269 -0.12120 -0.12088
 -0.12016 -0.11849 -0.11791 -0.11602 -0.10477 -0.09011 -0.07065 -0.04080 -0.00888 0.01813
 0.02721 0.06004 0.07170 0.10433 0.12204 0.12969 0.15886 0.18621 0.20263 0.22533
 0.23822 0.26595 0.28299 0.31258 0.33356 0.34320 0.36030 0.37878 0.38425 0.39160
 0.41176 0.42009 0.43095 0.44444 0.44737 0.46969 0.47067 0.48021 0.49715 0.49781
 0.54604 0.55261 0.57437 0.57680 0.58154 0.59407 0.61449 0.61943 0.63854 0.66170
 0.67480 0.68452 0.71184 0.71612 0.73938 0.75931 0.76413 0.77753 0.78801 0.81853
 0.84598 0.86014 0.86849 0.86974 0.90724 0.92542 0.93583 0.95071 0.97012 0.98036
 0.98554 1.00740 1.02036 1.03917 1.04349 1.05676 1.06700 1.08722 1.10677 1.11454
 1.12650 1.13101 1.15237 1.17354 1.17940 1.18624 1.21144 1.21563 1.24489 1.25154
 1.25440 1.27570 1.27729 1.29834 1.30786 1.32437 1.32883 1.34164 1.34478 1.39268
 1.41127 1.41620 1.42963 1.43395 1.44049 1.44160 1.45389 1.45965 1.46386 1.47061
 1.49145 1.50632 1.52160 1.52764 1.53380 1.54740 1.55784 1.56463 1.56779 1.57215
 1.58377 1.59151 1.59546 1.60341 1.62771 1.63701 1.64526 1.65346 1.65406 1.66068
 1.66693 1.67826 1.68634 1.71520 1.73258 1.73764 1.74258 1.74667 1.76088 1.77738
 1.78256 1.79671 1.80224 1.80915 1.81869 1.83390 1.84681 1.85957 1.85975 1.86493
 1.87349 1.88025 1.89913 1.91313 1.93430 1.94474 1.95563 1.97075 1.98344 1.98791
 2.00280 2.01895 2.02540 2.04248 2.04711 2.05795 2.06455 2.07835 2.08642 2.10582
 2.11939 2.14447 2.15106 2.15688 2.17034 2.17915 2.19583 2.22854 2.24127 2.25979
 2.26972 2.28142 2.29355 2.31351 2.32641 2.33394 2.34159 2.35639 2.36521 2.36900
 2.38045 2.38711 2.39475 2.44778 2.46047 2.48999 2.50819 2.54744 2.55455 2.56112
 2.58560 2.59652 2.61004 2.63542 2.65570 2.67563 2.67845 2.72831 2.83600 2.86928
 2.94019 2.95255 2.96533 2.99203 3.02375 3.08105 3.17026 3.18844 3.19852 3.22460
 3.26949 3.28766 3.29885 3.30208 3.31904 3.31943 3.32391 3.35320 3.36761 3.36811
 3.37608 3.37783 3.41548 3.44496 3.51757 3.56052 3.57044 3.62401 3.75247 3.84110
 3.89066 3.91585 4.27356 4.30350 4.30722
 Occupations: 
 1.00000 1.00000 1.00000 1.00000 1.00000 1.00000 1.00000 1.00000 1.00000 1.00000
 1.00000 1.00000 1.00000 1.00000 1.00000 1.00000 1.00000 1.00000 1.00000 1.00000
 1.00000 1.00000 1.00000 1.00000 1.00000 1.00000 1.00000 1.00000 1.00000 1.00000
 1.00000 1.00000 1.00000 1.00000 1.00000 1.00000 1.00000 1.00000 1.00000 1.00000
 1.00000 1.00000 1.00000 1.00000 1.00000 1.00000 1.00000 1.00000 1.00000 1.00000
 1.00000 1.00000 1.00000 1.00000 1.00000 1.00000 1.00000 1.00000 1.00000 1.00000
 1.00000 1.00000 1.00000 1.00000 1.00000 1.00000 0.99999 0.00000 0.00000 0.00000
 0.00000 0.00000 0.00000 0.00000 0.00000 0.00000 0.00000 0.00000 0.00000 0.00000
 0.00000 0.00000 0.00000 0.00000 0.00000 0.00000 0.00000 0.00000 0.00000 0.00000
 0.00000 0.00000 0.00000 0.00000 0.00000 0.00000 0.00000 0.00000 0.00000 0.00000
 0.00000 0.00000 0.00000 0.00000 0.00000 0.00000 0.00000 0.00000 0.00000 0.00000
 0.00000 0.00000 0.00000 0.00000 0.00000 0.00000 0.00000 0.00000 0.00000 0.00000
 0.00000 0.00000 0.00000 0.00000 0.00000 0.00000 0.00000 0.00000 0.00000 0.00000
 0.00000 0.00000 0.00000 0.00000 0.00000 0.00000 0.00000 0.00000 0.00000 0.00000
 0.00000 0.00000 0.00000 0.00000 0.00000 0.00000 0.00000 0.00000 0.00000 0.00000
 0.00000 0.00000 0.00000 0.00000 0.00000 0.00000 0.00000 0.00000 0.00000 0.00000
 0.00000 0.00000 0.00000 0.00000 0.00000 0.00000 0.00000 0.00000 0.00000 0.00000
 0.00000 0.00000 0.00000 0.00000 0.00000 0.00000 0.00000 0.00000 0.00000 0.00000
 0.00000 0.00000 0.00000 0.00000 0.00000 0.00000 0.00000 0.00000 0.00000 0.00000
 0.00000 0.00000 0.00000 0.00000 0.00000 0.00000 0.00000 0.00000 0.00000 0.00000
 0.00000 0.00000 0.00000 0.00000 0.00000 0.00000 0.00000 0.00000 0.00000 0.00000
 0.00000 0.00000 0.00000 0.00000 0.00000 0.00000 0.00000 0.00000 0.00000 0.00000
 0.00000 0.00000 0.00000 0.00000 0.00000 0.00000 0.00000 0.00000 0.00000 0.00000
 0.00000 0.00000 0.00000 0.00000 0.00000 0.00000 0.00000 0.00000 0.00000 0.00000
 0.00000 0.00000 0.00000 0.00000 0.00000 0.00000 0.00000 0.00000 0.00000 0.00000
 0.00000 0.00000 0.00000 0.00000 0.00000 0.00000 0.00000 0.00000 0.00000 0.00000
 0.00000 0.00000 0.00000 0.00000 0.00000 0.00000 0.00000 0.00000 0.00000 0.00000
 0.00000 0.00000 0.00000 0.00000 0.00000 0.00000 0.00000 0.00000 0.00000 0.00000
 0.00000 0.00000 0.00000 0.00000 0.00000 0.00000 0.00000 0.00000 0.00000 0.00000
 0.00000 0.00000 0.00000 0.00000 0.00000 0.00000 0.00000 0.00000 0.00000 0.00000
 0.00000 0.00000 0.00000 0.00000 0.00000
 Spin down:
 -0.30232 -0.29976 -0.25970 -0.24827 -0.24102 -0.22506 -0.21490 -0.20752 -0.20690 -0.20650
 -0.20578 -0.19767 -0.19719 -0.19601 -0.19480 -0.19031 -0.18852 -0.18785 -0.18735 -0.18456
 -0.18308 -0.18053 -0.17790 -0.17578 -0.17391 -0.17292 -0.17207 -0.17117 -0.17044 -0.16822
 -0.16648 -0.16450 -0.16291 -0.16154 -0.16002 -0.15923 -0.15733 -0.15694 -0.15606 -0.15350
 -0.15200 -0.14757 -0.14494 -0.14344 -0.14119 -0.13980 -0.13904 -0.13779 -0.13716 -0.13491
 -0.13239 -0.13129 -0.12929 -0.12911 -0.12742 -0.12633 -0.12562 -0.12269 -0.12120 -0.12088
 -0.12016 -0.11849 -0.11791 -0.11602 -0.10477 -0.09011 -0.07065 -0.04080 -0.00888 0.01813
 0.02721 0.06004 0.07170 0.10433 0.12204 0.12969 0.15886 0.18621 0.20263 0.22533
 0.23822 0.26595 0.28299 0.31258 0.33356 0.34320 0.36030 0.37878 0.38425 0.39160
 0.41176 0.42009 0.43095 0.44444 0.44737 0.46969 0.47067 0.48021 0.49715 0.49781
 0.54604 0.55261 0.57437 0.57680 0.58154 0.59407 0.61449 0.61943 0.63854 0.66170
 0.67480 0.68452 0.71184 0.71612 0.73938 0.75931 0.76413 0.77753 0.78801 0.81853
 0.84598 0.86014 0.86849 0.86974 0.90724 0.92542 0.93583 0.95071 0.97012 0.98036
 0.98554 1.00740 1.02036 1.03917 1.04349 1.05676 1.06700 1.08722 1.10677 1.11454
 1.12650 1.13101 1.15237 1.17354 1.17940 1.18624 1.21144 1.21563 1.24489 1.25154
 1.25440 1.27570 1.27729 1.29834 1.30786 1.32437 1.32883 1.34164 1.34478 1.39268
 1.41127 1.41620 1.42963 1.43395 1.44049 1.44160 1.45389 1.45965 1.46386 1.47061
 1.49145 1.50632 1.52160 1.52764 1.53380 1.54740 1.55784 1.56463 1.56779 1.57215
 1.58377 1.59151 1.59546 1.60341 1.62771 1.63701 1.64526 1.65346 1.65406 1.66068
 1.66693 1.67826 1.68634 1.71520 1.73258 1.73764 1.74258 1.74667 1.76088 1.77738
 1.78256 1.79671 1.80224 1.80915 1.81869 1.83390 1.84681 1.85957 1.85975 1.86493
 1.87349 1.88025 1.89913 1.91313 1.93430 1.94474 1.95563 1.97075 1.98344 1.98791
 2.00280 2.01895 2.02540 2.04248 2.04711 2.05795 2.06455 2.07835 2.08642 2.10582
 2.11939 2.14447 2.15106 2.15688 2.17034 2.17915 2.19583 2.22854 2.24127 2.25979
 2.26972 2.28142 2.29355 2.31351 2.32641 2.33394 2.34159 2.35639 2.36521 2.36900
 2.38045 2.38711 2.39475 2.44778 2.46047 2.48999 2.50819 2.54744 2.55455 2.56112
 2.58560 2.59652 2.61004 2.63542 2.65570 2.67563 2.67845 2.72831 2.83600 2.86928
 2.94019 2.95255 2.96533 2.99203 3.02375 3.08105 3.17026 3.18844 3.19852 3.22460
 3.26949 3.28766 3.29885 3.30208 3.31904 3.31943 3.32391 3.35320 3.36761 3.36811
 3.37608 3.37783 3.41548 3.44496 3.51757 3.56052 3.57044 3.62401 3.75247 3.84110
 3.89066 3.91585 4.27356 4.30350 4.30722
 Occupations:
 1.00000 1.00000 1.00000 1.00000 1.00000 1.00000 1.00000 1.00000 1.00000 1.00000
 1.00000 1.00000 1.00000 1.00000 1.00000 1.00000 1.00000 1.00000 1.00000 1.00000
 1.00000 1.00000 1.00000 1.00000 1.00000 1.00000 1.00000 1.00000 1.00000 1.00000
 1.00000 1.00000 1.00000 1.00000 1.00000 1.00000 1.00000 1.00000 1.00000 1.00000
 1.00000 1.00000 1.00000 1.00000 1.00000 1.00000 1.00000 1.00000 1.00000 1.00000
 1.00000 1.00000 1.00000 1.00000 1.00000 1.00000 1.00000 1.00000 1.00000 1.00000
 1.00000 1.00000 1.00000 1.00000 1.00000 1.00000 0.99999 0.00000 0.00000 0.00000
 0.00000 0.00000 0.00000 0.00000 0.00000 0.00000 0.00000 0.00000 0.00000 0.00000
 0.00000 0.00000 0.00000 0.00000 0.00000 0.00000 0.00000 0.00000 0.00000 0.00000
 0.00000 0.00000 0.00000 0.00000 0.00000 0.00000 0.00000 0.00000 0.00000 0.00000
 0.00000 0.00000 0.00000 0.00000 0.00000 0.00000 0.00000 0.00000 0.00000 0.00000
 0.00000 0.00000 0.00000 0.00000 0.00000 0.00000 0.00000 0.00000 0.00000 0.00000
 0.00000 0.00000 0.00000 0.00000 0.00000 0.00000 0.00000 0.00000 0.00000 0.00000
 0.00000 0.00000 0.00000 0.00000 0.00000 0.00000 0.00000 0.00000 0.00000 0.00000
 0.00000 0.00000 0.00000 0.00000 0.00000 0.00000 0.00000 0.00000 0.00000 0.00000
 0.00000 0.00000 0.00000 0.00000 0.00000 0.00000 0.00000 0.00000 0.00000 0.00000
 0.00000 0.00000 0.00000 0.00000 0.00000 0.00000 0.00000 0.00000 0.00000 0.00000
 0.00000 0.00000 0.00000 0.00000 0.00000 0.00000 0.00000 0.00000 0.00000 0.00000
 0.00000 0.00000 0.00000 0.00000 0.00000 0.00000 0.00000 0.00000 0.00000 0.00000
 0.00000 0.00000 0.00000 0.00000 0.00000 0.00000 0.00000 0.00000 0.00000 0.00000
 0.00000 0.00000 0.00000 0.00000 0.00000 0.00000 0.00000 0.00000 0.00000 0.00000
 0.00000 0.00000 0.00000 0.00000 0.00000 0.00000 0.00000 0.00000 0.00000 0.00000
 0.00000 0.00000 0.00000 0.00000 0.00000 0.00000 0.00000 0.00000 0.00000 0.00000
 0.00000 0.00000 0.00000 0.00000 0.00000 0.00000 0.00000 0.00000 0.00000 0.00000
 0.00000 0.00000 0.00000 0.00000 0.00000 0.00000 0.00000 0.00000 0.00000 0.00000
 0.00000 0.00000 0.00000 0.00000 0.00000 0.00000 0.00000 0.00000 0.00000 0.00000
 0.00000 0.00000 0.00000 0.00000 0.00000 0.00000 0.00000 0.00000 0.00000 0.00000
 0.00000 0.00000 0.00000 0.00000 0.00000 0.00000 0.00000 0.00000 0.00000 0.00000
 0.00000 0.00000 0.00000 0.00000 0.00000 0.00000 0.00000 0.00000 0.00000 0.00000
 0.00000 0.00000 0.00000 0.00000 0.00000 0.00000 0.00000 0.00000 0.00000 0.00000
 0.00000 0.00000 0.00000 0.00000 0.00000
 == 10-th k-point orbital energies
 Spin up:
 -0.33143 -0.28426 -0.26743 -0.23898 -0.22741 -0.22492 -0.22106 -0.21945 -0.21540 -0.21105
 -0.20804 -0.20268 -0.20070 -0.19643 -0.19589 -0.19309 -0.18715 -0.18623 -0.18419 -0.18335
 -0.18099 -0.18056 -0.17747 -0.17263 -0.17160 -0.16828 -0.16810 -0.16701 -0.16525 -0.16325
 -0.16181 -0.16027 -0.15897 -0.15790 -0.15725 -0.15607 -0.15580 -0.15404 -0.15296 -0.15227
 -0.15218 -0.14993 -0.14374 -0.14318 -0.14260 -0.14115 -0.14026 -0.13891 -0.13570 -0.13484
 -0.13388 -0.13328 -0.12917 -0.12850 -0.12829 -0.12786 -0.12676 -0.12324 -0.12068 -0.11851
 -0.11818 -0.11783 -0.11518 -0.11486 -0.08782 -0.06032 -0.05910 -0.04559 -0.01917 -0.01630
 -0.00118 0.04655 0.07395 0.08055 0.12927 0.17028 0.17307 0.19885 0.21202 0.22822
 0.24587 0.25460 0.26985 0.27555 0.29813 0.31419 0.32684 0.33972 0.37789 0.39881
 0.40596 0.40810 0.41449 0.41970 0.48498 0.48856 0.50289 0.51508 0.52844 0.53148
 0.54300 0.54325 0.57382 0.60445 0.60783 0.61833 0.61904 0.63346 0.65032 0.66670
 0.67121 0.68062 0.69458 0.72050 0.74647 0.77103 0.77787 0.78359 0.78525 0.82027
 0.82080 0.82912 0.85152 0.87562 0.88559 0.92153 0.93714 0.93864 0.95271 0.96705
 0.97388 1.01530 1.01755 1.03143 1.06940 1.07875 1.09880 1.10601 1.12386 1.12490
 1.14137 1.14893 1.15820 1.16483 1.17338 1.18686 1.23118 1.23844 1.25386 1.26627
 1.27175 1.27597 1.29537 1.30428 1.31341 1.31520 1.32758 1.33739 1.34755 1.35071
 1.35935 1.37477 1.38012 1.38797 1.39314 1.39878 1.41297 1.42803 1.43370 1.45377
 1.46414 1.47119 1.48174 1.49993 1.50555 1.52172 1.53131 1.53394 1.56392 1.57835
 1.59491 1.60264 1.61748 1.62043 1.63112 1.63969 1.66782 1.67545 1.69361 1.69402
 1.69933 1.71375 1.71632 1.73399 1.73526 1.75895 1.79375 1.79803 1.80397 1.81279
 1.82605 1.83726 1.84358 1.84731 1.85143 1.86721 1.88494 1.88825 1.89827 1.90216
 1.92068 1.95257 1.95692 1.96658 1.97597 1.98441 1.98877 1.99457 2.01270 2.02197
 2.03132 2.04331 2.05075 2.06593 2.07164 2.10703 2.12072 2.12294 2.12908 2.13590
 2.14026 2.14293 2.15635 2.15971 2.17499 2.20202 2.20964 2.21966 2.22460 2.22673
 2.25402 2.26003 2.26651 2.27704 2.29568 2.30502 2.31068 2.33155 2.35182 2.36021
 2.37983 2.41903 2.42808 2.46815 2.47201 2.50441 2.52058 2.54816 2.57686 2.59528
 2.62784 2.63298 2.65561 2.66663 2.70157 2.70583 2.73361 2.73852 2.75153 2.77124
 2.81667 2.83597 2.85869 2.90327 3.06686 3.07347 3.11669 3.11840 3.20673 3.21474
 3.22506 3.24071 3.29977 3.30803 3.33020 3.33383 3.38654 3.38996 3.41401 3.41719
 3.42444 3.42918 3.43428 3.45050 3.50307 3.52676 3.54556 3.60393 3.78603 3.83751
 3.97752 4.05972 4.07629 4.29295 4.30201
 Occupations: 
 1.00000 1.00000 1.00000 1.00000 1.00000 1.00000 1.00000 1.00000 1.00000 1.00000
 1.00000 1.00000 1.00000 1.00000 1.00000 1.00000 1.00000 1.00000 1.00000 1.00000
 1.00000 1.00000 1.00000 1.00000 1.00000 1.00000 1.00000 1.00000 1.00000 1.00000
 1.00000 1.00000 1.00000 1.00000 1.00000 1.00000 1.00000 1.00000 1.00000 1.00000
 1.00000 1.00000 1.00000 1.00000 1.00000 1.00000 1.00000 1.00000 1.00000 1.00000
 1.00000 1.00000 1.00000 1.00000 1.00000 1.00000 1.00000 1.00000 1.00000 1.00000
 1.00000 1.00000 1.00000 1.00000 1.00000 0.70231 0.40976 0.00000 0.00000 0.00000
 0.00000 0.00000 0.00000 0.00000 0.00000 0.00000 0.00000 0.00000 0.00000 0.00000
 0.00000 0.00000 0.00000 0.00000 0.00000 0.00000 0.00000 0.00000 0.00000 0.00000
 0.00000 0.00000 0.00000 0.00000 0.00000 0.00000 0.00000 0.00000 0.00000 0.00000
 0.00000 0.00000 0.00000 0.00000 0.00000 0.00000 0.00000 0.00000 0.00000 0.00000
 0.00000 0.00000 0.00000 0.00000 0.00000 0.00000 0.00000 0.00000 0.00000 0.00000
 0.00000 0.00000 0.00000 0.00000 0.00000 0.00000 0.00000 0.00000 0.00000 0.00000
 0.00000 0.00000 0.00000 0.00000 0.00000 0.00000 0.00000 0.00000 0.00000 0.00000
 0.00000 0.00000 0.00000 0.00000 0.00000 0.00000 0.00000 0.00000 0.00000 0.00000
 0.00000 0.00000 0.00000 0.00000 0.00000 0.00000 0.00000 0.00000 0.00000 0.00000
 0.00000 0.00000 0.00000 0.00000 0.00000 0.00000 0.00000 0.00000 0.00000 0.00000
 0.00000 0.00000 0.00000 0.00000 0.00000 0.00000 0.00000 0.00000 0.00000 0.00000
 0.00000 0.00000 0.00000 0.00000 0.00000 0.00000 0.00000 0.00000 0.00000 0.00000
 0.00000 0.00000 0.00000 0.00000 0.00000 0.00000 0.00000 0.00000 0.00000 0.00000
 0.00000 0.00000 0.00000 0.00000 0.00000 0.00000 0.00000 0.00000 0.00000 0.00000
 0.00000 0.00000 0.00000 0.00000 0.00000 0.00000 0.00000 0.00000 0.00000 0.00000
 0.00000 0.00000 0.00000 0.00000 0.00000 0.00000 0.00000 0.00000 0.00000 0.00000
 0.00000 0.00000 0.00000 0.00000 0.00000 0.00000 0.00000 0.00000 0.00000 0.00000
 0.00000 0.00000 0.00000 0.00000 0.00000 0.00000 0.00000 0.00000 0.00000 0.00000
 0.00000 0.00000 0.00000 0.00000 0.00000 0.00000 0.00000 0.00000 0.00000 0.00000
 0.00000 0.00000 0.00000 0.00000 0.00000 0.00000 0.00000 0.00000 0.00000 0.00000
 0.00000 0.00000 0.00000 0.00000 0.00000 0.00000 0.00000 0.00000 0.00000 0.00000
 0.00000 0.00000 0.00000 0.00000 0.00000 0.00000 0.00000 0.00000 0.00000 0.00000
 0.00000 0.00000 0.00000 0.00000 0.00000 0.00000 0.00000 0.00000 0.00000 0.00000
 0.00000 0.00000 0.00000 0.00000 0.00000
 Spin down:
 -0.33143 -0.28426 -0.26743 -0.23898 -0.22741 -0.22492 -0.22106 -0.21945 -0.21540 -0.21105
 -0.20804 -0.20268 -0.20070 -0.19643 -0.19589 -0.19309 -0.18715 -0.18623 -0.18419 -0.18335
 -0.18099 -0.18056 -0.17747 -0.17263 -0.17160 -0.16828 -0.16810 -0.16701 -0.16525 -0.16325
 -0.16181 -0.16027 -0.15897 -0.15790 -0.15725 -0.15607 -0.15580 -0.15404 -0.15296 -0.15227
 -0.15218 -0.14993 -0.14374 -0.14318 -0.14260 -0.14115 -0.14026 -0.13891 -0.13570 -0.13484
 -0.13388 -0.13328 -0.12917 -0.12850 -0.12829 -0.12786 -0.12676 -0.12324 -0.12068 -0.11851
 -0.11818 -0.11783 -0.11518 -0.11486 -0.08782 -0.06032 -0.05910 -0.04559 -0.01917 -0.01630
 -0.00118 0.04655 0.07395 0.08055 0.12927 0.17028 0.17307 0.19885 0.21202 0.22822
 0.24587 0.25460 0.26985 0.27555 0.29813 0.31419 0.32684 0.33972 0.37789 0.39881
 0.40596 0.40810 0.41449 0.41970 0.48498 0.48856 0.50289 0.51508 0.52844 0.53148
 0.54300 0.54325 0.57382 0.60445 0.60783 0.61833 0.61904 0.63346 0.65032 0.66670
 0.67121 0.68062 0.69458 0.72050 0.74647 0.77103 0.77787 0.78359 0.78525 0.82027
 0.82080 0.82912 0.85152 0.87562 0.88559 0.92153 0.93714 0.93864 0.95271 0.96705
 0.97388 1.01530 1.01755 1.03143 1.06940 1.07875 1.09880 1.10601 1.12386 1.12490
 1.14137 1.14893 1.15820 1.16483 1.17338 1.18686 1.23118 1.23844 1.25386 1.26627
 1.27175 1.27597 1.29537 1.30428 1.31341 1.31520 1.32758 1.33739 1.34755 1.35071
 1.35935 1.37477 1.38012 1.38797 1.39314 1.39878 1.41297 1.42803 1.43370 1.45377
 1.46414 1.47119 1.48174 1.49993 1.50555 1.52172 1.53131 1.53394 1.56392 1.57835
 1.59491 1.60264 1.61748 1.62043 1.63112 1.63969 1.66782 1.67545 1.69361 1.69402
 1.69933 1.71375 1.71632 1.73399 1.73526 1.75895 1.79375 1.79803 1.80397 1.81279
 1.82605 1.83726 1.84358 1.84731 1.85143 1.86721 1.88494 1.88825 1.89827 1.90216
 1.92068 1.95257 1.95692 1.96658 1.97597 1.98441 1.98877 1.99457 2.01270 2.02197
 2.03132 2.04331 2.05075 2.06593 2.07164 2.10703 2.12072 2.12294 2.12908 2.13590
 2.14026 2.14293 2.15635 2.15971 2.17499 2.20202 2.20964 2.21966 2.22460 2.22673
 2.25402 2.26003 2.26651 2.27704 2.29568 2.30502 2.31068 2.33155 2.35182 2.36021
 2.37983 2.41903 2.42808 2.46815 2.47201 2.50441 2.52058 2.54816 2.57686 2.59528
 2.62784 2.63298 2.65561 2.66663 2.70157 2.70583 2.73361 2.73852 2.75153 2.77124
 2.81667 2.83597 2.85869 2.90327 3.06686 3.07347 3.11669 3.11840 3.20673 3.21474
 3.22506 3.24071 3.29977 3.30803 3.33020 3.33383 3.38654 3.38996 3.41401 3.41719
 3.42444 3.42918 3.43428 3.45050 3.50307 3.52676 3.54556 3.60393 3.78603 3.83751
 3.97752 4.05972 4.07629 4.29295 4.30201
 Occupations:
 1.00000 1.00000 1.00000 1.00000 1.00000 1.00000 1.00000 1.00000 1.00000 1.00000
 1.00000 1.00000 1.00000 1.00000 1.00000 1.00000 1.00000 1.00000 1.00000 1.00000
 1.00000 1.00000 1.00000 1.00000 1.00000 1.00000 1.00000 1.00000 1.00000 1.00000
 1.00000 1.00000 1.00000 1.00000 1.00000 1.00000 1.00000 1.00000 1.00000 1.00000
 1.00000 1.00000 1.00000 1.00000 1.00000 1.00000 1.00000 1.00000 1.00000 1.00000
 1.00000 1.00000 1.00000 1.00000 1.00000 1.00000 1.00000 1.00000 1.00000 1.00000
 1.00000 1.00000 1.00000 1.00000 1.00000 0.70233 0.40981 0.00000 0.00000 0.00000
 0.00000 0.00000 0.00000 0.00000 0.00000 0.00000 0.00000 0.00000 0.00000 0.00000
 0.00000 0.00000 0.00000 0.00000 0.00000 0.00000 0.00000 0.00000 0.00000 0.00000
 0.00000 0.00000 0.00000 0.00000 0.00000 0.00000 0.00000 0.00000 0.00000 0.00000
 0.00000 0.00000 0.00000 0.00000 0.00000 0.00000 0.00000 0.00000 0.00000 0.00000
 0.00000 0.00000 0.00000 0.00000 0.00000 0.00000 0.00000 0.00000 0.00000 0.00000
 0.00000 0.00000 0.00000 0.00000 0.00000 0.00000 0.00000 0.00000 0.00000 0.00000
 0.00000 0.00000 0.00000 0.00000 0.00000 0.00000 0.00000 0.00000 0.00000 0.00000
 0.00000 0.00000 0.00000 0.00000 0.00000 0.00000 0.00000 0.00000 0.00000 0.00000
 0.00000 0.00000 0.00000 0.00000 0.00000 0.00000 0.00000 0.00000 0.00000 0.00000
 0.00000 0.00000 0.00000 0.00000 0.00000 0.00000 0.00000 0.00000 0.00000 0.00000
 0.00000 0.00000 0.00000 0.00000 0.00000 0.00000 0.00000 0.00000 0.00000 0.00000
 0.00000 0.00000 0.00000 0.00000 0.00000 0.00000 0.00000 0.00000 0.00000 0.00000
 0.00000 0.00000 0.00000 0.00000 0.00000 0.00000 0.00000 0.00000 0.00000 0.00000
 0.00000 0.00000 0.00000 0.00000 0.00000 0.00000 0.00000 0.00000 0.00000 0.00000
 0.00000 0.00000 0.00000 0.00000 0.00000 0.00000 0.00000 0.00000 0.00000 0.00000
 0.00000 0.00000 0.00000 0.00000 0.00000 0.00000 0.00000 0.00000 0.00000 0.00000
 0.00000 0.00000 0.00000 0.00000 0.00000 0.00000 0.00000 0.00000 0.00000 0.00000
 0.00000 0.00000 0.00000 0.00000 0.00000 0.00000 0.00000 0.00000 0.00000 0.00000
 0.00000 0.00000 0.00000 0.00000 0.00000 0.00000 0.00000 0.00000 0.00000 0.00000
 0.00000 0.00000 0.00000 0.00000 0.00000 0.00000 0.00000 0.00000 0.00000 0.00000
 0.00000 0.00000 0.00000 0.00000 0.00000 0.00000 0.00000 0.00000 0.00000 0.00000
 0.00000 0.00000 0.00000 0.00000 0.00000 0.00000 0.00000 0.00000 0.00000 0.00000
 0.00000 0.00000 0.00000 0.00000 0.00000 0.00000 0.00000 0.00000 0.00000 0.00000
 0.00000 0.00000 0.00000 0.00000 0.00000
 == 11-th k-point orbital energies
 Spin up:
 -0.36451 -0.29617 -0.24605 -0.24204 -0.23473 -0.23118 -0.22807 -0.22554 -0.22341 -0.21573
 -0.21127 -0.21030 -0.20844 -0.20584 -0.20544 -0.20237 -0.19047 -0.18949 -0.18395 -0.17469
 -0.17304 -0.17275 -0.17172 -0.17078 -0.16961 -0.16710 -0.16600 -0.16562 -0.16188 -0.16104
 -0.16011 -0.15926 -0.15725 -0.15592 -0.15460 -0.15441 -0.14745 -0.14599 -0.14230 -0.14112
 -0.14039 -0.13868 -0.13787 -0.13576 -0.13466 -0.13071 -0.13007 -0.12828 -0.12755 -0.12528
 -0.12526 -0.12486 -0.12307 -0.12262 -0.12192 -0.12094 -0.11914 -0.11783 -0.11630 -0.11609
 -0.11488 -0.11356 -0.11118 -0.10709 -0.07511 -0.06070 -0.05912 -0.05696 -0.02056 -0.01890
 0.00960 0.03530 0.03803 0.05934 0.13536 0.13838 0.14863 0.16664 0.17407 0.17680
 0.20312 0.22411 0.22654 0.25246 0.30608 0.30799 0.33054 0.35642 0.37508 0.38602
 0.40679 0.41180 0.44710 0.46361 0.47738 0.47905 0.50421 0.51109 0.51732 0.55245
 0.57139 0.60626 0.61777 0.62834 0.63412 0.65717 0.66274 0.69018 0.69386 0.69921
 0.70230 0.72414 0.72899 0.75691 0.76243 0.77260 0.78036 0.78311 0.80615 0.81431
 0.82625 0.82728 0.84523 0.86576 0.88806 0.90351 0.92206 0.92487 0.92688 0.93758
 0.96030 0.96175 1.02642 1.04190 1.05101 1.05186 1.06682 1.07593 1.08903 1.09909
 1.11326 1.11392 1.12929 1.15469 1.16426 1.17510 1.17787 1.20317 1.21048 1.21199
 1.22490 1.23862 1.24783 1.26004 1.26607 1.30160 1.30472 1.31965 1.32738 1.34221
 1.34994 1.35897 1.36357 1.36651 1.40719 1.41809 1.43602 1.44594 1.47832 1.48847
 1.49571 1.49924 1.50985 1.52485 1.54175 1.56321 1.57478 1.57584 1.59196 1.62309
 1.62747 1.65494 1.66868 1.67314 1.67771 1.69410 1.71206 1.72642 1.74871 1.75453
 1.75938 1.77151 1.82469 1.82599 1.83260 1.83577 1.84425 1.85778 1.86781 1.87114
 1.87656 1.88100 1.89463 1.89751 1.91037 1.92183 1.92190 1.92806 1.93734 1.96237
 1.96918 1.98145 1.98254 2.00640 2.01732 2.03515 2.04863 2.05860 2.06686 2.07220
 2.07616 2.09149 2.09746 2.09836 2.10623 2.11228 2.11738 2.11833 2.12311 2.14193
 2.14461 2.15442 2.16167 2.18523 2.18680 2.19253 2.20645 2.21807 2.22728 2.23784
 2.24508 2.27028 2.28562 2.31550 2.31696 2.34506 2.35164 2.37455 2.38023 2.41556
 2.41876 2.43933 2.45015 2.47770 2.48761 2.53783 2.56046 2.59468 2.60315 2.61250
 2.61608 2.67216 2.67358 2.71946 2.74387 2.76934 2.77769 2.82971 2.83103 2.83259
 2.87762 2.88300 2.91367 2.93445 2.99886 3.01164 3.13137 3.14569 3.19627 3.20749
 3.23807 3.31328 3.31371 3.34448 3.35095 3.35450 3.35776 3.38837 3.38856 3.40525
 3.40986 3.42190 3.42784 3.43557 3.44372 3.48160 3.50710 3.56379 3.62192 3.74857
 3.95842 3.96553 4.04731 4.18552 4.27577
 Occupations: 
 1.00000 1.00000 1.00000 1.00000 1.00000 1.00000 1.00000 1.00000 1.00000 1.00000
 1.00000 1.00000 1.00000 1.00000 1.00000 1.00000 1.00000 1.00000 1.00000 1.00000
 1.00000 1.00000 1.00000 1.00000 1.00000 1.00000 1.00000 1.00000 1.00000 1.00000
 1.00000 1.00000 1.00000 1.00000 1.00000 1.00000 1.00000 1.00000 1.00000 1.00000
 1.00000 1.00000 1.00000 1.00000 1.00000 1.00000 1.00000 1.00000 1.00000 1.00000
 1.00000 1.00000 1.00000 1.00000 1.00000 1.00000 1.00000 1.00000 1.00000 1.00000
 1.00000 1.00000 1.00000 1.00000 1.00000 0.77581 0.41440 0.07555 0.00000 0.00000
 0.00000 0.00000 0.00000 0.00000 0.00000 0.00000 0.00000 0.00000 0.00000 0.00000
 0.00000 0.00000 0.00000 0.00000 0.00000 0.00000 0.00000 0.00000 0.00000 0.00000
 0.00000 0.00000 0.00000 0.00000 0.00000 0.00000 0.00000 0.00000 0.00000 0.00000
 0.00000 0.00000 0.00000 0.00000 0.00000 0.00000 0.00000 0.00000 0.00000 0.00000
 0.00000 0.00000 0.00000 0.00000 0.00000 0.00000 0.00000 0.00000 0.00000 0.00000
 0.00000 0.00000 0.00000 0.00000 0.00000 0.00000 0.00000 0.00000 0.00000 0.00000
 0.00000 0.00000 0.00000 0.00000 0.00000 0.00000 0.00000 0.00000 0.00000 0.00000
 0.00000 0.00000 0.00000 0.00000 0.00000 0.00000 0.00000 0.00000 0.00000 0.00000
 0.00000 0.00000 0.00000 0.00000 0.00000 0.00000 0.00000 0.00000 0.00000 0.00000
 0.00000 0.00000 0.00000 0.00000 0.00000 0.00000 0.00000 0.00000 0.00000 0.00000
 0.00000 0.00000 0.00000 0.00000 0.00000 0.00000 0.00000 0.00000 0.00000 0.00000
 0.00000 0.00000 0.00000 0.00000 0.00000 0.00000 0.00000 0.00000 0.00000 0.00000
 0.00000 0.00000 0.00000 0.00000 0.00000 0.00000 0.00000 0.00000 0.00000 0.00000
 0.00000 0.00000 0.00000 0.00000 0.00000 0.00000 0.00000 0.00000 0.00000 0.00000
 0.00000 0.00000 0.00000 0.00000 0.00000 0.00000 0.00000 0.00000 0.00000 0.00000
 0.00000 0.00000 0.00000 0.00000 0.00000 0.00000 0.00000 0.00000 0.00000 0.00000
 0.00000 0.00000 0.00000 0.00000 0.00000 0.00000 0.00000 0.00000 0.00000 0.00000
 0.00000 0.00000 0.00000 0.00000 0.00000 0.00000 0.00000 0.00000 0.00000 0.00000
 0.00000 0.00000 0.00000 0.00000 0.00000 0.00000 0.00000 0.00000 0.00000 0.00000
 0.00000 0.00000 0.00000 0.00000 0.00000 0.00000 0.00000 0.00000 0.00000 0.00000
 0.00000 0.00000 0.00000 0.00000 0.00000 0.00000 0.00000 0.00000 0.00000 0.00000
 0.00000 0.00000 0.00000 0.00000 0.00000 0.00000 0.00000 0.00000 0.00000 0.00000
 0.00000 0.00000 0.00000 0.00000 0.00000 0.00000 0.00000 0.00000 0.00000 0.00000
 0.00000 0.00000 0.00000 0.00000 0.00000
 Spin down:
 -0.36451 -0.29617 -0.24605 -0.24204 -0.23473 -0.23118 -0.22807 -0.22554 -0.22341 -0.21573
 -0.21127 -0.21030 -0.20844 -0.20584 -0.20544 -0.20237 -0.19047 -0.18949 -0.18395 -0.17469
 -0.17304 -0.17275 -0.17172 -0.17078 -0.16961 -0.16710 -0.16600 -0.16562 -0.16188 -0.16104
 -0.16011 -0.15926 -0.15725 -0.15592 -0.15460 -0.15441 -0.14745 -0.14599 -0.14230 -0.14112
 -0.14039 -0.13868 -0.13787 -0.13576 -0.13466 -0.13071 -0.13007 -0.12828 -0.12755 -0.12528
 -0.12526 -0.12486 -0.12307 -0.12262 -0.12192 -0.12094 -0.11914 -0.11783 -0.11630 -0.11609
 -0.11488 -0.11356 -0.11118 -0.10709 -0.07511 -0.06070 -0.05912 -0.05696 -0.02056 -0.01890
 0.00960 0.03530 0.03803 0.05934 0.13536 0.13838 0.14863 0.16664 0.17407 0.17680
 0.20312 0.22411 0.22654 0.25246 0.30608 0.30799 0.33054 0.35642 0.37508 0.38602
 0.40679 0.41180 0.44710 0.46361 0.47738 0.47905 0.50421 0.51109 0.51732 0.55245
 0.57139 0.60626 0.61777 0.62834 0.63412 0.65717 0.66274 0.69018 0.69386 0.69921
 0.70230 0.72414 0.72899 0.75691 0.76243 0.77260 0.78036 0.78311 0.80615 0.81431
 0.82625 0.82728 0.84523 0.86576 0.88806 0.90351 0.92206 0.92487 0.92688 0.93758
 0.96030 0.96175 1.02642 1.04190 1.05101 1.05186 1.06682 1.07593 1.08903 1.09909
 1.11326 1.11392 1.12929 1.15469 1.16426 1.17510 1.17787 1.20317 1.21048 1.21199
 1.22490 1.23862 1.24783 1.26004 1.26607 1.30160 1.30472 1.31965 1.32738 1.34221
 1.34994 1.35897 1.36357 1.36651 1.40719 1.41809 1.43602 1.44594 1.47832 1.48847
 1.49571 1.49924 1.50985 1.52485 1.54175 1.56321 1.57478 1.57584 1.59196 1.62309
 1.62747 1.65494 1.66868 1.67314 1.67771 1.69410 1.71206 1.72642 1.74871 1.75453
 1.75938 1.77151 1.82469 1.82599 1.83260 1.83577 1.84425 1.85778 1.86781 1.87114
 1.87656 1.88100 1.89463 1.89751 1.91037 1.92183 1.92190 1.92806 1.93734 1.96237
 1.96918 1.98145 1.98254 2.00640 2.01732 2.03515 2.04863 2.05860 2.06686 2.07220
 2.07616 2.09149 2.09746 2.09836 2.10623 2.11228 2.11738 2.11833 2.12311 2.14193
 2.14461 2.15442 2.16167 2.18523 2.18680 2.19253 2.20645 2.21807 2.22728 2.23784
 2.24508 2.27028 2.28562 2.31550 2.31696 2.34506 2.35164 2.37455 2.38023 2.41556
 2.41876 2.43933 2.45015 2.47770 2.48761 2.53783 2.56046 2.59468 2.60315 2.61250
 2.61608 2.67216 2.67358 2.71946 2.74387 2.76934 2.77769 2.82971 2.83103 2.83259
 2.87762 2.88300 2.91367 2.93445 2.99886 3.01164 3.13137 3.14569 3.19627 3.20749
 3.23807 3.31328 3.31371 3.34448 3.35095 3.35450 3.35776 3.38837 3.38856 3.40525
 3.40986 3.42190 3.42784 3.43557 3.44372 3.48160 3.50710 3.56379 3.62192 3.74857
 3.95842 3.96553 4.04731 4.18552 4.27577
 Occupations:
 1.00000 1.00000 1.00000 1.00000 1.00000 1.00000 1.00000 1.00000 1.00000 1.00000
 1.00000 1.00000 1.00000 1.00000 1.00000 1.00000 1.00000 1.00000 1.00000 1.00000
 1.00000 1.00000 1.00000 1.00000 1.00000 1.00000 1.00000 1.00000 1.00000 1.00000
 1.00000 1.00000 1.00000 1.00000 1.00000 1.00000 1.00000 1.00000 1.00000 1.00000
 1.00000 1.00000 1.00000 1.00000 1.00000 1.00000 1.00000 1.00000 1.00000 1.00000
 1.00000 1.00000 1.00000 1.00000 1.00000 1.00000 1.00000 1.00000 1.00000 1.00000
 1.00000 1.00000 1.00000 1.00000 1.00000 0.77582 0.41444 0.07556 0.00000 0.00000
 0.00000 0.00000 0.00000 0.00000 0.00000 0.00000 0.00000 0.00000 0.00000 0.00000
 0.00000 0.00000 0.00000 0.00000 0.00000 0.00000 0.00000 0.00000 0.00000 0.00000
 0.00000 0.00000 0.00000 0.00000 0.00000 0.00000 0.00000 0.00000 0.00000 0.00000
 0.00000 0.00000 0.00000 0.00000 0.00000 0.00000 0.00000 0.00000 0.00000 0.00000
 0.00000 0.00000 0.00000 0.00000 0.00000 0.00000 0.00000 0.00000 0.00000 0.00000
 0.00000 0.00000 0.00000 0.00000 0.00000 0.00000 0.00000 0.00000 0.00000 0.00000
 0.00000 0.00000 0.00000 0.00000 0.00000 0.00000 0.00000 0.00000 0.00000 0.00000
 0.00000 0.00000 0.00000 0.00000 0.00000 0.00000 0.00000 0.00000 0.00000 0.00000
 0.00000 0.00000 0.00000 0.00000 0.00000 0.00000 0.00000 0.00000 0.00000 0.00000
 0.00000 0.00000 0.00000 0.00000 0.00000 0.00000 0.00000 0.00000 0.00000 0.00000
 0.00000 0.00000 0.00000 0.00000 0.00000 0.00000 0.00000 0.00000 0.00000 0.00000
 0.00000 0.00000 0.00000 0.00000 0.00000 0.00000 0.00000 0.00000 0.00000 0.00000
 0.00000 0.00000 0.00000 0.00000 0.00000 0.00000 0.00000 0.00000 0.00000 0.00000
 0.00000 0.00000 0.00000 0.00000 0.00000 0.00000 0.00000 0.00000 0.00000 0.00000
 0.00000 0.00000 0.00000 0.00000 0.00000 0.00000 0.00000 0.00000 0.00000 0.00000
 0.00000 0.00000 0.00000 0.00000 0.00000 0.00000 0.00000 0.00000 0.00000 0.00000
 0.00000 0.00000 0.00000 0.00000 0.00000 0.00000 0.00000 0.00000 0.00000 0.00000
 0.00000 0.00000 0.00000 0.00000 0.00000 0.00000 0.00000 0.00000 0.00000 0.00000
 0.00000 0.00000 0.00000 0.00000 0.00000 0.00000 0.00000 0.00000 0.00000 0.00000
 0.00000 0.00000 0.00000 0.00000 0.00000 0.00000 0.00000 0.00000 0.00000 0.00000
 0.00000 0.00000 0.00000 0.00000 0.00000 0.00000 0.00000 0.00000 0.00000 0.00000
 0.00000 0.00000 0.00000 0.00000 0.00000 0.00000 0.00000 0.00000 0.00000 0.00000
 0.00000 0.00000 0.00000 0.00000 0.00000 0.00000 0.00000 0.00000 0.00000 0.00000
 0.00000 0.00000 0.00000 0.00000 0.00000
 == 12-th k-point orbital energies
 Spin up:
 -0.37600 -0.30679 -0.25097 -0.23827 -0.23393 -0.23393 -0.22924 -0.22729 -0.22729 -0.21719
 -0.21313 -0.21313 -0.21150 -0.21150 -0.21098 -0.20585 -0.19093 -0.19092 -0.18412 -0.17491
 -0.17491 -0.17291 -0.17028 -0.16965 -0.16964 -0.16391 -0.16391 -0.16255 -0.16255 -0.16159
 -0.16086 -0.15850 -0.15850 -0.15112 -0.15112 -0.14425 -0.14425 -0.14417 -0.13907 -0.13907
 -0.13643 -0.13643 -0.13638 -0.13461 -0.12796 -0.12796 -0.12366 -0.12366 -0.12190 -0.11998
 -0.11996 -0.11996 -0.11865 -0.11865 -0.11804 -0.11804 -0.11792 -0.11314 -0.11314 -0.11068
 -0.11068 -0.11016 -0.10794 -0.08218 -0.05701 -0.05701 -0.05698 -0.01570 -0.01570 -0.01469
 -0.00046 0.00013 0.00013 0.01926 0.12434 0.12434 0.12936 0.15882 0.17079 0.17079
 0.18879 0.20567 0.20567 0.23345 0.29195 0.30193 0.30193 0.36149 0.37005 0.37006
 0.42590 0.46026 0.46026 0.46181 0.48454 0.51484 0.51484 0.55297 0.55297 0.55654
 0.56121 0.58441 0.58441 0.61268 0.67703 0.67703 0.68022 0.71250 0.71250 0.73232
 0.74506 0.75320 0.75320 0.76064 0.77386 0.77386 0.78728 0.81965 0.81965 0.82772
 0.82772 0.82853 0.85228 0.86144 0.86144 0.87290 0.87290 0.88896 0.88980 0.91395
 0.95792 0.95792 1.01500 1.01500 1.06006 1.06006 1.06835 1.10362 1.11317 1.11317
 1.11608 1.11608 1.13516 1.13516 1.13590 1.17858 1.17858 1.18054 1.18054 1.19963
 1.21635 1.24092 1.24092 1.25640 1.25766 1.25766 1.26879 1.26879 1.27160 1.32369
 1.40045 1.41408 1.41408 1.41657 1.41657 1.44550 1.45388 1.45388 1.46195 1.46195
 1.47506 1.54276 1.54276 1.56764 1.56764 1.57761 1.58699 1.62176 1.62176 1.63472
 1.66968 1.66968 1.67080 1.67214 1.71689 1.71689 1.78337 1.78337 1.78487 1.79021
 1.82784 1.82784 1.86666 1.86666 1.87227 1.90378 1.90551 1.90551 1.91897 1.91897
 1.92926 1.94598 1.94598 1.94726 1.95141 1.95618 1.95619 1.99524 1.99524 1.99551
 2.01803 2.02472 2.02472 2.02656 2.05359 2.05359 2.05417 2.06068 2.06068 2.06257
 2.06513 2.06514 2.09473 2.09473 2.09679 2.11149 2.11149 2.12368 2.14585 2.15140
 2.15140 2.15740 2.16326 2.16326 2.17175 2.17408 2.17408 2.19780 2.19780 2.24052
 2.24052 2.24664 2.29496 2.31139 2.31139 2.31974 2.32565 2.32565 2.39677 2.41561
 2.44883 2.44883 2.46796 2.46797 2.53015 2.54193 2.54193 2.60735 2.60735 2.72988
 2.72988 2.73366 2.74712 2.75038 2.75038 2.76259 2.83266 2.88062 2.88904 2.88904
 2.90400 2.92244 2.95481 2.95481 2.96536 2.96536 3.06812 3.24450 3.25371 3.25371
 3.29911 3.41430 3.41595 3.41595 3.41919 3.41919 3.41986 3.43493 3.43493 3.43600
 3.43600 3.44179 3.44179 3.44667 3.44789 3.44789 3.50622 3.54399 3.54399 3.72335
 3.72335 3.73509 3.75225 4.05592 4.23063
 Occupations: 
 1.00000 1.00000 1.00000 1.00000 1.00000 1.00000 1.00000 1.00000 1.00000 1.00000
 1.00000 1.00000 1.00000 1.00000 1.00000 1.00000 1.00000 1.00000 1.00000 1.00000
 1.00000 1.00000 1.00000 1.00000 1.00000 1.00000 1.00000 1.00000 1.00000 1.00000
 1.00000 1.00000 1.00000 1.00000 1.00000 1.00000 1.00000 1.00000 1.00000 1.00000
 1.00000 1.00000 1.00000 1.00000 1.00000 1.00000 1.00000 1.00000 1.00000 1.00000
 1.00000 1.00000 1.00000 1.00000 1.00000 1.00000 1.00000 1.00000 1.00000 1.00000
 1.00000 1.00000 1.00000 1.00000 0.07958 0.07958 0.07718 0.00000 0.00000 0.00000
 0.00000 0.00000 0.00000 0.00000 0.00000 0.00000 0.00000 0.00000 0.00000 0.00000
 0.00000 0.00000 0.00000 0.00000 0.00000 0.00000 0.00000 0.00000 0.00000 0.00000
 0.00000 0.00000 0.00000 0.00000 0.00000 0.00000 0.00000 0.00000 0.00000 0.00000
 0.00000 0.00000 0.00000 0.00000 0.00000 0.00000 0.00000 0.00000 0.00000 0.00000
 0.00000 0.00000 0.00000 0.00000 0.00000 0.00000 0.00000 0.00000 0.00000 0.00000
 0.00000 0.00000 0.00000 0.00000 0.00000 0.00000 0.00000 0.00000 0.00000 0.00000
 0.00000 0.00000 0.00000 0.00000 0.00000 0.00000 0.00000 0.00000 0.00000 0.00000
 0.00000 0.00000 0.00000 0.00000 0.00000 0.00000 0.00000 0.00000 0.00000 0.00000
 0.00000 0.00000 0.00000 0.00000 0.00000 0.00000 0.00000 0.00000 0.00000 0.00000
 0.00000 0.00000 0.00000 0.00000 0.00000 0.00000 0.00000 0.00000 0.00000 0.00000
 0.00000 0.00000 0.00000 0.00000 0.00000 0.00000 0.00000 0.00000 0.00000 0.00000
 0.00000 0.00000 0.00000 0.00000 0.00000 0.00000 0.00000 0.00000 0.00000 0.00000
 0.00000 0.00000 0.00000 0.00000 0.00000 0.00000 0.00000 0.00000 0.00000 0.00000
 0.00000 0.00000 0.00000 0.00000 0.00000 0.00000 0.00000 0.00000 0.00000 0.00000
 0.00000 0.00000 0.00000 0.00000 0.00000 0.00000 0.00000 0.00000 0.00000 0.00000
 0.00000 0.00000 0.00000 0.00000 0.00000 0.00000 0.00000 0.00000 0.00000 0.00000
 0.00000 0.00000 0.00000 0.00000 0.00000 0.00000 0.00000 0.00000 0.00000 0.00000
 0.00000 0.00000 0.00000 0.00000 0.00000 0.00000 0.00000 0.00000 0.00000 0.00000
 0.00000 0.00000 0.00000 0.00000 0.00000 0.00000 0.00000 0.00000 0.00000 0.00000
 0.00000 0.00000 0.00000 0.00000 0.00000 0.00000 0.00000 0.00000 0.00000 0.00000
 0.00000 0.00000 0.00000 0.00000 0.00000 0.00000 0.00000 0.00000 0.00000 0.00000
 0.00000 0.00000 0.00000 0.00000 0.00000 0.00000 0.00000 0.00000 0.00000 0.00000
 0.00000 0.00000 0.00000 0.00000 0.00000 0.00000 0.00000 0.00000 0.00000 0.00000
 0.00000 0.00000 0.00000 0.00000 0.00000
 Spin down:
 -0.37600 -0.30679 -0.25097 -0.23827 -0.23393 -0.23393 -0.22924 -0.22729 -0.22729 -0.21719
 -0.21313 -0.21313 -0.21150 -0.21150 -0.21098 -0.20585 -0.19093 -0.19092 -0.18412 -0.17491
 -0.17491 -0.17291 -0.17028 -0.16965 -0.16964 -0.16391 -0.16391 -0.16255 -0.16255 -0.16159
 -0.16086 -0.15850 -0.15850 -0.15112 -0.15112 -0.14425 -0.14425 -0.14417 -0.13907 -0.13907
 -0.13643 -0.13643 -0.13638 -0.13461 -0.12796 -0.12796 -0.12366 -0.12366 -0.12190 -0.11998
 -0.11996 -0.11996 -0.11865 -0.11865 -0.11804 -0.11804 -0.11792 -0.11314 -0.11314 -0.11068
 -0.11068 -0.11016 -0.10794 -0.08218 -0.05701 -0.05701 -0.05698 -0.01570 -0.01570 -0.01469
 -0.00046 0.00013 0.00013 0.01926 0.12434 0.12434 0.12936 0.15882 0.17079 0.17079
 0.18879 0.20567 0.20567 0.23345 0.29195 0.30193 0.30193 0.36149 0.37005 0.37006
 0.42590 0.46026 0.46026 0.46181 0.48454 0.51484 0.51484 0.55297 0.55297 0.55654
 0.56121 0.58441 0.58441 0.61268 0.67703 0.67703 0.68022 0.71250 0.71250 0.73232
 0.74506 0.75320 0.75320 0.76064 0.77386 0.77386 0.78728 0.81965 0.81965 0.82772
 0.82772 0.82853 0.85228 0.86144 0.86144 0.87290 0.87290 0.88896 0.88980 0.91395
 0.95792 0.95792 1.01500 1.01500 1.06006 1.06006 1.06835 1.10362 1.11317 1.11317
 1.11608 1.11608 1.13516 1.13516 1.13590 1.17858 1.17858 1.18054 1.18054 1.19963
 1.21635 1.24092 1.24092 1.25640 1.25766 1.25766 1.26879 1.26879 1.27160 1.32369
 1.40045 1.41408 1.41408 1.41657 1.41657 1.44550 1.45388 1.45388 1.46195 1.46195
 1.47506 1.54276 1.54276 1.56764 1.56764 1.57761 1.58699 1.62176 1.62176 1.63472
 1.66968 1.66968 1.67080 1.67214 1.71689 1.71689 1.78337 1.78337 1.78487 1.79021
 1.82784 1.82784 1.86666 1.86666 1.87227 1.90378 1.90551 1.90551 1.91897 1.91897
 1.92926 1.94598 1.94598 1.94726 1.95141 1.95618 1.95619 1.99524 1.99524 1.99551
 2.01803 2.02472 2.02472 2.02656 2.05359 2.05359 2.05417 2.06068 2.06068 2.06257
 2.06513 2.06514 2.09473 2.09473 2.09679 2.11149 2.11149 2.12368 2.14585 2.15140
 2.15140 2.15740 2.16326 2.16326 2.17175 2.17408 2.17408 2.19780 2.19780 2.24052
 2.24052 2.24664 2.29496 2.31139 2.31139 2.31974 2.32565 2.32565 2.39677 2.41561
 2.44883 2.44883 2.46796 2.46797 2.53015 2.54193 2.54193 2.60735 2.60735 2.72988
 2.72988 2.73366 2.74712 2.75038 2.75038 2.76259 2.83266 2.88062 2.88904 2.88904
 2.90400 2.92244 2.95481 2.95481 2.96536 2.96536 3.06812 3.24450 3.25371 3.25371
 3.29911 3.41430 3.41595 3.41595 3.41919 3.41919 3.41986 3.43493 3.43493 3.43600
 3.43600 3.44179 3.44179 3.44667 3.44789 3.44789 3.50622 3.54399 3.54399 3.72335
 3.72335 3.73509 3.75225 4.05592 4.23063
 Occupations:
 1.00000 1.00000 1.00000 1.00000 1.00000 1.00000 1.00000 1.00000 1.00000 1.00000
 1.00000 1.00000 1.00000 1.00000 1.00000 1.00000 1.00000 1.00000 1.00000 1.00000
 1.00000 1.00000 1.00000 1.00000 1.00000 1.00000 1.00000 1.00000 1.00000 1.00000
 1.00000 1.00000 1.00000 1.00000 1.00000 1.00000 1.00000 1.00000 1.00000 1.00000
 1.00000 1.00000 1.00000 1.00000 1.00000 1.00000 1.00000 1.00000 1.00000 1.00000
 1.00000 1.00000 1.00000 1.00000 1.00000 1.00000 1.00000 1.00000 1.00000 1.00000
 1.00000 1.00000 1.00000 1.00000 0.07959 0.07959 0.07719 0.00000 0.00000 0.00000
 0.00000 0.00000 0.00000 0.00000 0.00000 0.00000 0.00000 0.00000 0.00000 0.00000
 0.00000 0.00000 0.00000 0.00000 0.00000 0.00000 0.00000 0.00000 0.00000 0.00000
 0.00000 0.00000 0.00000 0.00000 0.00000 0.00000 0.00000 0.00000 0.00000 0.00000
 0.00000 0.00000 0.00000 0.00000 0.00000 0.00000 0.00000 0.00000 0.00000 0.00000
 0.00000 0.00000 0.00000 0.00000 0.00000 0.00000 0.00000 0.00000 0.00000 0.00000
 0.00000 0.00000 0.00000 0.00000 0.00000 0.00000 0.00000 0.00000 0.00000 0.00000
 0.00000 0.00000 0.00000 0.00000 0.00000 0.00000 0.00000 0.00000 0.00000 0.00000
 0.00000 0.00000 0.00000 0.00000 0.00000 0.00000 0.00000 0.00000 0.00000 0.00000
 0.00000 0.00000 0.00000 0.00000 0.00000 0.00000 0.00000 0.00000 0.00000 0.00000
 0.00000 0.00000 0.00000 0.00000 0.00000 0.00000 0.00000 0.00000 0.00000 0.00000
 0.00000 0.00000 0.00000 0.00000 0.00000 0.00000 0.00000 0.00000 0.00000 0.00000
 0.00000 0.00000 0.00000 0.00000 0.00000 0.00000 0.00000 0.00000 0.00000 0.00000
 0.00000 0.00000 0.00000 0.00000 0.00000 0.00000 0.00000 0.00000 0.00000 0.00000
 0.00000 0.00000 0.00000 0.00000 0.00000 0.00000 0.00000 0.00000 0.00000 0.00000
 0.00000 0.00000 0.00000 0.00000 0.00000 0.00000 0.00000 0.00000 0.00000 0.00000
 0.00000 0.00000 0.00000 0.00000 0.00000 0.00000 0.00000 0.00000 0.00000 0.00000
 0.00000 0.00000 0.00000 0.00000 0.00000 0.00000 0.00000 0.00000 0.00000 0.00000
 0.00000 0.00000 0.00000 0.00000 0.00000 0.00000 0.00000 0.00000 0.00000 0.00000
 0.00000 0.00000 0.00000 0.00000 0.00000 0.00000 0.00000 0.00000 0.00000 0.00000
 0.00000 0.00000 0.00000 0.00000 0.00000 0.00000 0.00000 0.00000 0.00000 0.00000
 0.00000 0.00000 0.00000 0.00000 0.00000 0.00000 0.00000 0.00000 0.00000 0.00000
 0.00000 0.00000 0.00000 0.00000 0.00000 0.00000 0.00000 0.00000 0.00000 0.00000
 0.00000 0.00000 0.00000 0.00000 0.00000 0.00000 0.00000 0.00000 0.00000 0.00000
 0.00000 0.00000 0.00000 0.00000 0.00000
 == 13-th k-point orbital energies
 Spin up:
 -0.36451 -0.29617 -0.24605 -0.24204 -0.23473 -0.23118 -0.22807 -0.22554 -0.22341 -0.21573
 -0.21127 -0.21030 -0.20844 -0.20584 -0.20544 -0.20237 -0.19047 -0.18949 -0.18395 -0.17469
 -0.17304 -0.17275 -0.17172 -0.17078 -0.16961 -0.16710 -0.16600 -0.16562 -0.16188 -0.16104
 -0.16011 -0.15926 -0.15725 -0.15592 -0.15460 -0.15441 -0.14745 -0.14599 -0.14230 -0.14112
 -0.14039 -0.13868 -0.13787 -0.13576 -0.13466 -0.13071 -0.13007 -0.12828 -0.12755 -0.12528
 -0.12526 -0.12486 -0.12307 -0.12262 -0.12192 -0.12094 -0.11914 -0.11783 -0.11630 -0.11609
 -0.11488 -0.11356 -0.11118 -0.10709 -0.07511 -0.06070 -0.05912 -0.05696 -0.02056 -0.01890
 0.00960 0.03530 0.03803 0.05934 0.13536 0.13838 0.14863 0.16664 0.17407 0.17680
 0.20312 0.22411 0.22654 0.25246 0.30608 0.30799 0.33054 0.35642 0.37508 0.38602
 0.40679 0.41180 0.44710 0.46361 0.47738 0.47905 0.50421 0.51109 0.51732 0.55245
 0.57139 0.60626 0.61777 0.62834 0.63412 0.65717 0.66274 0.69018 0.69386 0.69921
 0.70230 0.72414 0.72899 0.75691 0.76243 0.77260 0.78036 0.78311 0.80615 0.81431
 0.82625 0.82728 0.84523 0.86576 0.88806 0.90351 0.92206 0.92487 0.92688 0.93758
 0.96030 0.96175 1.02642 1.04190 1.05101 1.05186 1.06682 1.07593 1.08903 1.09909
 1.11326 1.11392 1.12929 1.15469 1.16426 1.17510 1.17787 1.20317 1.21048 1.21199
 1.22490 1.23862 1.24783 1.26004 1.26607 1.30160 1.30472 1.31965 1.32738 1.34221
 1.34994 1.35897 1.36357 1.36651 1.40719 1.41809 1.43602 1.44594 1.47832 1.48847
 1.49571 1.49924 1.50985 1.52485 1.54175 1.56321 1.57478 1.57584 1.59196 1.62309
 1.62747 1.65494 1.66868 1.67314 1.67771 1.69410 1.71206 1.72642 1.74871 1.75453
 1.75938 1.77151 1.82469 1.82599 1.83260 1.83577 1.84425 1.85778 1.86781 1.87114
 1.87656 1.88100 1.89463 1.89751 1.91037 1.92183 1.92190 1.92806 1.93734 1.96237
 1.96918 1.98145 1.98254 2.00640 2.01732 2.03515 2.04863 2.05860 2.06686 2.07220
 2.07616 2.09149 2.09746 2.09836 2.10623 2.11228 2.11738 2.11833 2.12311 2.14193
 2.14461 2.15442 2.16167 2.18523 2.18680 2.19253 2.20645 2.21807 2.22728 2.23784
 2.24508 2.27028 2.28562 2.31550 2.31696 2.34506 2.35164 2.37455 2.38023 2.41556
 2.41876 2.43933 2.45015 2.47770 2.48761 2.53783 2.56046 2.59468 2.60315 2.61250
 2.61608 2.67216 2.67358 2.71946 2.74387 2.76934 2.77769 2.82971 2.83103 2.83259
 2.87762 2.88300 2.91367 2.93445 2.99886 3.01164 3.13137 3.14569 3.19627 3.20749
 3.23807 3.31328 3.31371 3.34448 3.35095 3.35450 3.35776 3.38837 3.38856 3.40525
 3.40986 3.42190 3.42784 3.43557 3.44372 3.48160 3.50710 3.56379 3.62192 3.74857
 3.95842 3.96553 4.04731 4.18552 4.27577
 Occupations: 
 1.00000 1.00000 1.00000 1.00000 1.00000 1.00000 1.00000 1.00000 1.00000 1.00000
 1.00000 1.00000 1.00000 1.00000 1.00000 1.00000 1.00000 1.00000 1.00000 1.00000
 1.00000 1.00000 1.00000 1.00000 1.00000 1.00000 1.00000 1.00000 1.00000 1.00000
 1.00000 1.00000 1.00000 1.00000 1.00000 1.00000 1.00000 1.00000 1.00000 1.00000
 1.00000 1.00000 1.00000 1.00000 1.00000 1.00000 1.00000 1.00000 1.00000 1.00000
 1.00000 1.00000 1.00000 1.00000 1.00000 1.00000 1.00000 1.00000 1.00000 1.00000
 1.00000 1.00000 1.00000 1.00000 1.00000 0.77581 0.41440 0.07555 0.00000 0.00000
 0.00000 0.00000 0.00000 0.00000 0.00000 0.00000 0.00000 0.00000 0.00000 0.00000
 0.00000 0.00000 0.00000 0.00000 0.00000 0.00000 0.00000 0.00000 0.00000 0.00000
 0.00000 0.00000 0.00000 0.00000 0.00000 0.00000 0.00000 0.00000 0.00000 0.00000
 0.00000 0.00000 0.00000 0.00000 0.00000 0.00000 0.00000 0.00000 0.00000 0.00000
 0.00000 0.00000 0.00000 0.00000 0.00000 0.00000 0.00000 0.00000 0.00000 0.00000
 0.00000 0.00000 0.00000 0.00000 0.00000 0.00000 0.00000 0.00000 0.00000 0.00000
 0.00000 0.00000 0.00000 0.00000 0.00000 0.00000 0.00000 0.00000 0.00000 0.00000
 0.00000 0.00000 0.00000 0.00000 0.00000 0.00000 0.00000 0.00000 0.00000 0.00000
 0.00000 0.00000 0.00000 0.00000 0.00000 0.00000 0.00000 0.00000 0.00000 0.00000
 0.00000 0.00000 0.00000 0.00000 0.00000 0.00000 0.00000 0.00000 0.00000 0.00000
 0.00000 0.00000 0.00000 0.00000 0.00000 0.00000 0.00000 0.00000 0.00000 0.00000
 0.00000 0.00000 0.00000 0.00000 0.00000 0.00000 0.00000 0.00000 0.00000 0.00000
 0.00000 0.00000 0.00000 0.00000 0.00000 0.00000 0.00000 0.00000 0.00000 0.00000
 0.00000 0.00000 0.00000 0.00000 0.00000 0.00000 0.00000 0.00000 0.00000 0.00000
 0.00000 0.00000 0.00000 0.00000 0.00000 0.00000 0.00000 0.00000 0.00000 0.00000
 0.00000 0.00000 0.00000 0.00000 0.00000 0.00000 0.00000 0.00000 0.00000 0.00000
 0.00000 0.00000 0.00000 0.00000 0.00000 0.00000 0.00000 0.00000 0.00000 0.00000
 0.00000 0.00000 0.00000 0.00000 0.00000 0.00000 0.00000 0.00000 0.00000 0.00000
 0.00000 0.00000 0.00000 0.00000 0.00000 0.00000 0.00000 0.00000 0.00000 0.00000
 0.00000 0.00000 0.00000 0.00000 0.00000 0.00000 0.00000 0.00000 0.00000 0.00000
 0.00000 0.00000 0.00000 0.00000 0.00000 0.00000 0.00000 0.00000 0.00000 0.00000
 0.00000 0.00000 0.00000 0.00000 0.00000 0.00000 0.00000 0.00000 0.00000 0.00000
 0.00000 0.00000 0.00000 0.00000 0.00000 0.00000 0.00000 0.00000 0.00000 0.00000
 0.00000 0.00000 0.00000 0.00000 0.00000
 Spin down:
 -0.36451 -0.29617 -0.24605 -0.24204 -0.23473 -0.23118 -0.22807 -0.22554 -0.22341 -0.21573
 -0.21127 -0.21030 -0.20844 -0.20584 -0.20544 -0.20237 -0.19047 -0.18949 -0.18395 -0.17469
 -0.17304 -0.17275 -0.17172 -0.17078 -0.16961 -0.16710 -0.16600 -0.16562 -0.16188 -0.16104
 -0.16011 -0.15926 -0.15725 -0.15592 -0.15460 -0.15441 -0.14745 -0.14599 -0.14230 -0.14112
 -0.14039 -0.13868 -0.13787 -0.13576 -0.13466 -0.13071 -0.13007 -0.12828 -0.12755 -0.12528
 -0.12526 -0.12486 -0.12307 -0.12262 -0.12192 -0.12094 -0.11914 -0.11783 -0.11630 -0.11609
 -0.11488 -0.11356 -0.11118 -0.10709 -0.07511 -0.06070 -0.05912 -0.05696 -0.02056 -0.01890
 0.00960 0.03530 0.03803 0.05934 0.13536 0.13838 0.14863 0.16664 0.17407 0.17680
 0.20312 0.22411 0.22654 0.25246 0.30608 0.30799 0.33054 0.35642 0.37508 0.38602
 0.40679 0.41180 0.44710 0.46361 0.47738 0.47905 0.50421 0.51109 0.51732 0.55245
 0.57139 0.60626 0.61777 0.62834 0.63412 0.65717 0.66274 0.69018 0.69386 0.69921
 0.70230 0.72414 0.72899 0.75691 0.76243 0.77260 0.78036 0.78311 0.80615 0.81431
 0.82625 0.82728 0.84523 0.86576 0.88806 0.90351 0.92206 0.92487 0.92688 0.93758
 0.96030 0.96175 1.02642 1.04190 1.05101 1.05186 1.06682 1.07593 1.08903 1.09909
 1.11326 1.11392 1.12929 1.15469 1.16426 1.17510 1.17787 1.20317 1.21048 1.21199
 1.22490 1.23862 1.24783 1.26004 1.26607 1.30160 1.30472 1.31965 1.32738 1.34221
 1.34994 1.35897 1.36357 1.36651 1.40719 1.41809 1.43602 1.44594 1.47832 1.48847
 1.49571 1.49924 1.50985 1.52485 1.54175 1.56321 1.57478 1.57584 1.59196 1.62309
 1.62747 1.65494 1.66868 1.67314 1.67771 1.69410 1.71206 1.72642 1.74871 1.75453
 1.75938 1.77151 1.82469 1.82599 1.83260 1.83577 1.84425 1.85778 1.86781 1.87114
 1.87656 1.88100 1.89463 1.89751 1.91037 1.92183 1.92190 1.92806 1.93734 1.96237
 1.96918 1.98145 1.98254 2.00640 2.01732 2.03515 2.04863 2.05860 2.06686 2.07220
 2.07616 2.09149 2.09746 2.09836 2.10623 2.11228 2.11738 2.11833 2.12311 2.14193
 2.14461 2.15442 2.16167 2.18523 2.18680 2.19253 2.20645 2.21807 2.22728 2.23784
 2.24508 2.27028 2.28562 2.31550 2.31696 2.34506 2.35164 2.37455 2.38023 2.41556
 2.41876 2.43933 2.45015 2.47770 2.48761 2.53783 2.56046 2.59468 2.60315 2.61250
 2.61608 2.67216 2.67358 2.71946 2.74387 2.76934 2.77769 2.82971 2.83103 2.83259
 2.87762 2.88300 2.91367 2.93445 2.99886 3.01164 3.13137 3.14569 3.19627 3.20749
 3.23807 3.31328 3.31371 3.34448 3.35095 3.35450 3.35776 3.38837 3.38856 3.40525
 3.40986 3.42190 3.42784 3.43557 3.44372 3.48160 3.50710 3.56379 3.62192 3.74857
 3.95842 3.96553 4.04731 4.18552 4.27577
 Occupations:
 1.00000 1.00000 1.00000 1.00000 1.00000 1.00000 1.00000 1.00000 1.00000 1.00000
 1.00000 1.00000 1.00000 1.00000 1.00000 1.00000 1.00000 1.00000 1.00000 1.00000
 1.00000 1.00000 1.00000 1.00000 1.00000 1.00000 1.00000 1.00000 1.00000 1.00000
 1.00000 1.00000 1.00000 1.00000 1.00000 1.00000 1.00000 1.00000 1.00000 1.00000
 1.00000 1.00000 1.00000 1.00000 1.00000 1.00000 1.00000 1.00000 1.00000 1.00000
 1.00000 1.00000 1.00000 1.00000 1.00000 1.00000 1.00000 1.00000 1.00000 1.00000
 1.00000 1.00000 1.00000 1.00000 1.00000 0.77582 0.41444 0.07556 0.00000 0.00000
 0.00000 0.00000 0.00000 0.00000 0.00000 0.00000 0.00000 0.00000 0.00000 0.00000
 0.00000 0.00000 0.00000 0.00000 0.00000 0.00000 0.00000 0.00000 0.00000 0.00000
 0.00000 0.00000 0.00000 0.00000 0.00000 0.00000 0.00000 0.00000 0.00000 0.00000
 0.00000 0.00000 0.00000 0.00000 0.00000 0.00000 0.00000 0.00000 0.00000 0.00000
 0.00000 0.00000 0.00000 0.00000 0.00000 0.00000 0.00000 0.00000 0.00000 0.00000
 0.00000 0.00000 0.00000 0.00000 0.00000 0.00000 0.00000 0.00000 0.00000 0.00000
 0.00000 0.00000 0.00000 0.00000 0.00000 0.00000 0.00000 0.00000 0.00000 0.00000
 0.00000 0.00000 0.00000 0.00000 0.00000 0.00000 0.00000 0.00000 0.00000 0.00000
 0.00000 0.00000 0.00000 0.00000 0.00000 0.00000 0.00000 0.00000 0.00000 0.00000
 0.00000 0.00000 0.00000 0.00000 0.00000 0.00000 0.00000 0.00000 0.00000 0.00000
 0.00000 0.00000 0.00000 0.00000 0.00000 0.00000 0.00000 0.00000 0.00000 0.00000
 0.00000 0.00000 0.00000 0.00000 0.00000 0.00000 0.00000 0.00000 0.00000 0.00000
 0.00000 0.00000 0.00000 0.00000 0.00000 0.00000 0.00000 0.00000 0.00000 0.00000
 0.00000 0.00000 0.00000 0.00000 0.00000 0.00000 0.00000 0.00000 0.00000 0.00000
 0.00000 0.00000 0.00000 0.00000 0.00000 0.00000 0.00000 0.00000 0.00000 0.00000
 0.00000 0.00000 0.00000 0.00000 0.00000 0.00000 0.00000 0.00000 0.00000 0.00000
 0.00000 0.00000 0.00000 0.00000 0.00000 0.00000 0.00000 0.00000 0.00000 0.00000
 0.00000 0.00000 0.00000 0.00000 0.00000 0.00000 0.00000 0.00000 0.00000 0.00000
 0.00000 0.00000 0.00000 0.00000 0.00000 0.00000 0.00000 0.00000 0.00000 0.00000
 0.00000 0.00000 0.00000 0.00000 0.00000 0.00000 0.00000 0.00000 0.00000 0.00000
 0.00000 0.00000 0.00000 0.00000 0.00000 0.00000 0.00000 0.00000 0.00000 0.00000
 0.00000 0.00000 0.00000 0.00000 0.00000 0.00000 0.00000 0.00000 0.00000 0.00000
 0.00000 0.00000 0.00000 0.00000 0.00000 0.00000 0.00000 0.00000 0.00000 0.00000
 0.00000 0.00000 0.00000 0.00000 0.00000
 == 14-th k-point orbital energies
 Spin up:
 -0.33143 -0.28426 -0.26743 -0.23898 -0.22741 -0.22492 -0.22106 -0.21945 -0.21540 -0.21105
 -0.20804 -0.20268 -0.20070 -0.19643 -0.19589 -0.19309 -0.18715 -0.18623 -0.18419 -0.18335
 -0.18099 -0.18056 -0.17747 -0.17263 -0.17160 -0.16828 -0.16810 -0.16701 -0.16525 -0.16325
 -0.16181 -0.16027 -0.15897 -0.15790 -0.15725 -0.15607 -0.15580 -0.15404 -0.15296 -0.15227
 -0.15218 -0.14993 -0.14374 -0.14318 -0.14260 -0.14115 -0.14026 -0.13891 -0.13570 -0.13484
 -0.13388 -0.13328 -0.12917 -0.12850 -0.12829 -0.12786 -0.12676 -0.12324 -0.12068 -0.11851
 -0.11818 -0.11783 -0.11518 -0.11486 -0.08782 -0.06032 -0.05910 -0.04559 -0.01917 -0.01630
 -0.00118 0.04655 0.07395 0.08055 0.12927 0.17028 0.17307 0.19885 0.21202 0.22822
 0.24587 0.25460 0.26985 0.27555 0.29813 0.31419 0.32684 0.33972 0.37789 0.39881
 0.40596 0.40810 0.41449 0.41970 0.48498 0.48856 0.50289 0.51508 0.52844 0.53148
 0.54300 0.54325 0.57382 0.60445 0.60783 0.61833 0.61904 0.63346 0.65032 0.66670
 0.67121 0.68062 0.69458 0.72050 0.74647 0.77103 0.77787 0.78359 0.78525 0.82027
 0.82080 0.82912 0.85152 0.87562 0.88559 0.92153 0.93714 0.93864 0.95271 0.96705
 0.97388 1.01530 1.01755 1.03143 1.06940 1.07875 1.09880 1.10601 1.12386 1.12490
 1.14137 1.14893 1.15820 1.16483 1.17338 1.18686 1.23118 1.23844 1.25386 1.26627
 1.27175 1.27597 1.29537 1.30428 1.31341 1.31520 1.32758 1.33739 1.34755 1.35071
 1.35935 1.37477 1.38012 1.38797 1.39314 1.39878 1.41297 1.42803 1.43370 1.45377
 1.46414 1.47119 1.48174 1.49993 1.50555 1.52172 1.53131 1.53394 1.56392 1.57835
 1.59491 1.60264 1.61748 1.62043 1.63112 1.63969 1.66782 1.67545 1.69361 1.69402
 1.69933 1.71375 1.71632 1.73399 1.73526 1.75895 1.79375 1.79803 1.80397 1.81279
 1.82605 1.83726 1.84358 1.84731 1.85143 1.86721 1.88494 1.88825 1.89827 1.90216
 1.92068 1.95257 1.95692 1.96658 1.97597 1.98441 1.98877 1.99457 2.01270 2.02197
 2.03132 2.04331 2.05075 2.06593 2.07164 2.10703 2.12072 2.12294 2.12908 2.13590
 2.14026 2.14293 2.15635 2.15971 2.17499 2.20202 2.20964 2.21966 2.22460 2.22673
 2.25402 2.26003 2.26651 2.27704 2.29568 2.30502 2.31068 2.33155 2.35182 2.36021
 2.37983 2.41903 2.42808 2.46815 2.47201 2.50441 2.52058 2.54816 2.57686 2.59528
 2.62784 2.63298 2.65561 2.66663 2.70157 2.70583 2.73361 2.73852 2.75153 2.77124
 2.81667 2.83597 2.85869 2.90327 3.06686 3.07347 3.11669 3.11840 3.20673 3.21474
 3.22506 3.24071 3.29977 3.30803 3.33020 3.33383 3.38654 3.38996 3.41401 3.41719
 3.42444 3.42918 3.43428 3.45050 3.50307 3.52676 3.54556 3.60393 3.78603 3.83751
 3.97752 4.05972 4.07629 4.29295 4.30201
 Occupations: 
 1.00000 1.00000 1.00000 1.00000 1.00000 1.00000 1.00000 1.00000 1.00000 1.00000
 1.00000 1.00000 1.00000 1.00000 1.00000 1.00000 1.00000 1.00000 1.00000 1.00000
 1.00000 1.00000 1.00000 1.00000 1.00000 1.00000 1.00000 1.00000 1.00000 1.00000
 1.00000 1.00000 1.00000 1.00000 1.00000 1.00000 1.00000 1.00000 1.00000 1.00000
 1.00000 1.00000 1.00000 1.00000 1.00000 1.00000 1.00000 1.00000 1.00000 1.00000
 1.00000 1.00000 1.00000 1.00000 1.00000 1.00000 1.00000 1.00000 1.00000 1.00000
 1.00000 1.00000 1.00000 1.00000 1.00000 0.70231 0.40976 0.00000 0.00000 0.00000
 0.00000 0.00000 0.00000 0.00000 0.00000 0.00000 0.00000 0.00000 0.00000 0.00000
 0.00000 0.00000 0.00000 0.00000 0.00000 0.00000 0.00000 0.00000 0.00000 0.00000
 0.00000 0.00000 0.00000 0.00000 0.00000 0.00000 0.00000 0.00000 0.00000 0.00000
 0.00000 0.00000 0.00000 0.00000 0.00000 0.00000 0.00000 0.00000 0.00000 0.00000
 0.00000 0.00000 0.00000 0.00000 0.00000 0.00000 0.00000 0.00000 0.00000 0.00000
 0.00000 0.00000 0.00000 0.00000 0.00000 0.00000 0.00000 0.00000 0.00000 0.00000
 0.00000 0.00000 0.00000 0.00000 0.00000 0.00000 0.00000 0.00000 0.00000 0.00000
 0.00000 0.00000 0.00000 0.00000 0.00000 0.00000 0.00000 0.00000 0.00000 0.00000
 0.00000 0.00000 0.00000 0.00000 0.00000 0.00000 0.00000 0.00000 0.00000 0.00000
 0.00000 0.00000 0.00000 0.00000 0.00000 0.00000 0.00000 0.00000 0.00000 0.00000
 0.00000 0.00000 0.00000 0.00000 0.00000 0.00000 0.00000 0.00000 0.00000 0.00000
 0.00000 0.00000 0.00000 0.00000 0.00000 0.00000 0.00000 0.00000 0.00000 0.00000
 0.00000 0.00000 0.00000 0.00000 0.00000 0.00000 0.00000 0.00000 0.00000 0.00000
 0.00000 0.00000 0.00000 0.00000 0.00000 0.00000 0.00000 0.00000 0.00000 0.00000
 0.00000 0.00000 0.00000 0.00000 0.00000 0.00000 0.00000 0.00000 0.00000 0.00000
 0.00000 0.00000 0.00000 0.00000 0.00000 0.00000 0.00000 0.00000 0.00000 0.00000
 0.00000 0.00000 0.00000 0.00000 0.00000 0.00000 0.00000 0.00000 0.00000 0.00000
 0.00000 0.00000 0.00000 0.00000 0.00000 0.00000 0.00000 0.00000 0.00000 0.00000
 0.00000 0.00000 0.00000 0.00000 0.00000 0.00000 0.00000 0.00000 0.00000 0.00000
 0.00000 0.00000 0.00000 0.00000 0.00000 0.00000 0.00000 0.00000 0.00000 0.00000
 0.00000 0.00000 0.00000 0.00000 0.00000 0.00000 0.00000 0.00000 0.00000 0.00000
 0.00000 0.00000 0.00000 0.00000 0.00000 0.00000 0.00000 0.00000 0.00000 0.00000
 0.00000 0.00000 0.00000 0.00000 0.00000 0.00000 0.00000 0.00000 0.00000 0.00000
 0.00000 0.00000 0.00000 0.00000 0.00000
 Spin down:
 -0.33143 -0.28426 -0.26743 -0.23898 -0.22741 -0.22492 -0.22106 -0.21945 -0.21540 -0.21105
 -0.20804 -0.20268 -0.20070 -0.19643 -0.19589 -0.19309 -0.18715 -0.18623 -0.18419 -0.18335
 -0.18099 -0.18056 -0.17747 -0.17263 -0.17160 -0.16828 -0.16810 -0.16701 -0.16525 -0.16325
 -0.16181 -0.16027 -0.15897 -0.15790 -0.15725 -0.15607 -0.15580 -0.15404 -0.15296 -0.15227
 -0.15218 -0.14993 -0.14374 -0.14318 -0.14260 -0.14115 -0.14026 -0.13891 -0.13570 -0.13484
 -0.13388 -0.13328 -0.12917 -0.12850 -0.12829 -0.12786 -0.12676 -0.12324 -0.12068 -0.11851
 -0.11818 -0.11783 -0.11518 -0.11486 -0.08782 -0.06032 -0.05910 -0.04559 -0.01917 -0.01630
 -0.00118 0.04655 0.07395 0.08055 0.12927 0.17028 0.17307 0.19885 0.21202 0.22822
 0.24587 0.25460 0.26985 0.27555 0.29813 0.31419 0.32684 0.33972 0.37789 0.39881
 0.40596 0.40810 0.41449 0.41970 0.48498 0.48856 0.50289 0.51508 0.52844 0.53148
 0.54300 0.54325 0.57382 0.60445 0.60783 0.61833 0.61904 0.63346 0.65032 0.66670
 0.67121 0.68062 0.69458 0.72050 0.74647 0.77103 0.77787 0.78359 0.78525 0.82027
 0.82080 0.82912 0.85152 0.87562 0.88559 0.92153 0.93714 0.93864 0.95271 0.96705
 0.97388 1.01530 1.01755 1.03143 1.06940 1.07875 1.09880 1.10601 1.12386 1.12490
 1.14137 1.14893 1.15820 1.16483 1.17338 1.18686 1.23118 1.23844 1.25386 1.26627
 1.27175 1.27597 1.29537 1.30428 1.31341 1.31520 1.32758 1.33739 1.34755 1.35071
 1.35935 1.37477 1.38012 1.38797 1.39314 1.39878 1.41297 1.42803 1.43370 1.45377
 1.46414 1.47119 1.48174 1.49993 1.50555 1.52172 1.53131 1.53394 1.56392 1.57835
 1.59491 1.60264 1.61748 1.62043 1.63112 1.63969 1.66782 1.67545 1.69361 1.69402
 1.69933 1.71375 1.71632 1.73399 1.73526 1.75895 1.79375 1.79803 1.80397 1.81279
 1.82605 1.83726 1.84358 1.84731 1.85143 1.86721 1.88494 1.88825 1.89827 1.90216
 1.92068 1.95257 1.95692 1.96658 1.97597 1.98441 1.98877 1.99457 2.01270 2.02197
 2.03132 2.04331 2.05075 2.06593 2.07164 2.10703 2.12072 2.12294 2.12908 2.13590
 2.14026 2.14293 2.15635 2.15971 2.17499 2.20202 2.20964 2.21966 2.22460 2.22673
 2.25402 2.26003 2.26651 2.27704 2.29568 2.30502 2.31068 2.33155 2.35182 2.36021
 2.37983 2.41903 2.42808 2.46815 2.47201 2.50441 2.52058 2.54816 2.57686 2.59528
 2.62784 2.63298 2.65561 2.66663 2.70157 2.70583 2.73361 2.73852 2.75153 2.77124
 2.81667 2.83597 2.85869 2.90327 3.06686 3.07347 3.11669 3.11840 3.20673 3.21474
 3.22506 3.24071 3.29977 3.30803 3.33020 3.33383 3.38654 3.38996 3.41401 3.41719
 3.42444 3.42918 3.43428 3.45050 3.50307 3.52676 3.54556 3.60393 3.78603 3.83751
 3.97752 4.05972 4.07629 4.29295 4.30201
 Occupations:
 1.00000 1.00000 1.00000 1.00000 1.00000 1.00000 1.00000 1.00000 1.00000 1.00000
 1.00000 1.00000 1.00000 1.00000 1.00000 1.00000 1.00000 1.00000 1.00000 1.00000
 1.00000 1.00000 1.00000 1.00000 1.00000 1.00000 1.00000 1.00000 1.00000 1.00000
 1.00000 1.00000 1.00000 1.00000 1.00000 1.00000 1.00000 1.00000 1.00000 1.00000
 1.00000 1.00000 1.00000 1.00000 1.00000 1.00000 1.00000 1.00000 1.00000 1.00000
 1.00000 1.00000 1.00000 1.00000 1.00000 1.00000 1.00000 1.00000 1.00000 1.00000
 1.00000 1.00000 1.00000 1.00000 1.00000 0.70233 0.40981 0.00000 0.00000 0.00000
 0.00000 0.00000 0.00000 0.00000 0.00000 0.00000 0.00000 0.00000 0.00000 0.00000
 0.00000 0.00000 0.00000 0.00000 0.00000 0.00000 0.00000 0.00000 0.00000 0.00000
 0.00000 0.00000 0.00000 0.00000 0.00000 0.00000 0.00000 0.00000 0.00000 0.00000
 0.00000 0.00000 0.00000 0.00000 0.00000 0.00000 0.00000 0.00000 0.00000 0.00000
 0.00000 0.00000 0.00000 0.00000 0.00000 0.00000 0.00000 0.00000 0.00000 0.00000
 0.00000 0.00000 0.00000 0.00000 0.00000 0.00000 0.00000 0.00000 0.00000 0.00000
 0.00000 0.00000 0.00000 0.00000 0.00000 0.00000 0.00000 0.00000 0.00000 0.00000
 0.00000 0.00000 0.00000 0.00000 0.00000 0.00000 0.00000 0.00000 0.00000 0.00000
 0.00000 0.00000 0.00000 0.00000 0.00000 0.00000 0.00000 0.00000 0.00000 0.00000
 0.00000 0.00000 0.00000 0.00000 0.00000 0.00000 0.00000 0.00000 0.00000 0.00000
 0.00000 0.00000 0.00000 0.00000 0.00000 0.00000 0.00000 0.00000 0.00000 0.00000
 0.00000 0.00000 0.00000 0.00000 0.00000 0.00000 0.00000 0.00000 0.00000 0.00000
 0.00000 0.00000 0.00000 0.00000 0.00000 0.00000 0.00000 0.00000 0.00000 0.00000
 0.00000 0.00000 0.00000 0.00000 0.00000 0.00000 0.00000 0.00000 0.00000 0.00000
 0.00000 0.00000 0.00000 0.00000 0.00000 0.00000 0.00000 0.00000 0.00000 0.00000
 0.00000 0.00000 0.00000 0.00000 0.00000 0.00000 0.00000 0.00000 0.00000 0.00000
 0.00000 0.00000 0.00000 0.00000 0.00000 0.00000 0.00000 0.00000 0.00000 0.00000
 0.00000 0.00000 0.00000 0.00000 0.00000 0.00000 0.00000 0.00000 0.00000 0.00000
 0.00000 0.00000 0.00000 0.00000 0.00000 0.00000 0.00000 0.00000 0.00000 0.00000
 0.00000 0.00000 0.00000 0.00000 0.00000 0.00000 0.00000 0.00000 0.00000 0.00000
 0.00000 0.00000 0.00000 0.00000 0.00000 0.00000 0.00000 0.00000 0.00000 0.00000
 0.00000 0.00000 0.00000 0.00000 0.00000 0.00000 0.00000 0.00000 0.00000 0.00000
 0.00000 0.00000 0.00000 0.00000 0.00000 0.00000 0.00000 0.00000 0.00000 0.00000
 0.00000 0.00000 0.00000 0.00000 0.00000
 == 15-th k-point orbital energies
 Spin up:
 -0.30232 -0.29976 -0.25970 -0.24827 -0.24102 -0.22506 -0.21490 -0.20752 -0.20690 -0.20650
 -0.20578 -0.19767 -0.19719 -0.19601 -0.19480 -0.19031 -0.18852 -0.18785 -0.18735 -0.18456
 -0.18308 -0.18053 -0.17790 -0.17578 -0.17391 -0.17292 -0.17207 -0.17117 -0.17044 -0.16822
 -0.16648 -0.16450 -0.16291 -0.16154 -0.16002 -0.15923 -0.15733 -0.15694 -0.15606 -0.15350
 -0.15200 -0.14757 -0.14494 -0.14344 -0.14119 -0.13980 -0.13904 -0.13779 -0.13716 -0.13491
 -0.13239 -0.13129 -0.12929 -0.12911 -0.12742 -0.12633 -0.12562 -0.12269 -0.12120 -0.12088
 -0.12016 -0.11849 -0.11791 -0.11602 -0.10477 -0.09011 -0.07065 -0.04080 -0.00888 0.01813
 0.02721 0.06004 0.07170 0.10433 0.12204 0.12969 0.15886 0.18621 0.20263 0.22533
 0.23822 0.26595 0.28299 0.31258 0.33356 0.34320 0.36030 0.37878 0.38425 0.39160
 0.41176 0.42009 0.43095 0.44444 0.44737 0.46969 0.47067 0.48021 0.49715 0.49781
 0.54604 0.55261 0.57437 0.57680 0.58154 0.59407 0.61449 0.61943 0.63854 0.66170
 0.67480 0.68452 0.71184 0.71612 0.73938 0.75931 0.76413 0.77753 0.78801 0.81853
 0.84598 0.86014 0.86849 0.86974 0.90724 0.92542 0.93583 0.95071 0.97012 0.98036
 0.98554 1.00740 1.02036 1.03917 1.04349 1.05676 1.06700 1.08722 1.10677 1.11454
 1.12650 1.13101 1.15237 1.17354 1.17940 1.18624 1.21144 1.21563 1.24489 1.25154
 1.25440 1.27570 1.27729 1.29834 1.30786 1.32437 1.32883 1.34164 1.34478 1.39268
 1.41127 1.41620 1.42963 1.43395 1.44049 1.44160 1.45389 1.45965 1.46386 1.47061
 1.49145 1.50632 1.52160 1.52764 1.53380 1.54740 1.55784 1.56463 1.56779 1.57215
 1.58377 1.59151 1.59546 1.60341 1.62771 1.63701 1.64526 1.65346 1.65406 1.66068
 1.66693 1.67826 1.68634 1.71520 1.73258 1.73764 1.74258 1.74667 1.76088 1.77738
 1.78256 1.79671 1.80224 1.80915 1.81869 1.83390 1.84681 1.85957 1.85975 1.86493
 1.87349 1.88025 1.89913 1.91313 1.93430 1.94474 1.95563 1.97075 1.98344 1.98791
 2.00280 2.01895 2.02540 2.04248 2.04711 2.05795 2.06455 2.07835 2.08642 2.10582
 2.11939 2.14447 2.15106 2.15688 2.17034 2.17915 2.19583 2.22854 2.24127 2.25979
 2.26972 2.28142 2.29355 2.31351 2.32641 2.33394 2.34159 2.35639 2.36521 2.36900
 2.38045 2.38711 2.39475 2.44778 2.46047 2.48999 2.50819 2.54744 2.55455 2.56112
 2.58560 2.59652 2.61004 2.63542 2.65570 2.67563 2.67845 2.72831 2.83600 2.86928
 2.94019 2.95255 2.96533 2.99203 3.02375 3.08105 3.17026 3.18844 3.19852 3.22460
 3.26949 3.28766 3.29885 3.30208 3.31904 3.31943 3.32391 3.35320 3.36761 3.36811
 3.37608 3.37783 3.41548 3.44496 3.51757 3.56052 3.57044 3.62401 3.75247 3.84110
 3.89066 3.91585 4.27356 4.30350 4.30722
 Occupations: 
 1.00000 1.00000 1.00000 1.00000 1.00000 1.00000 1.00000 1.00000 1.00000 1.00000
 1.00000 1.00000 1.00000 1.00000 1.00000 1.00000 1.00000 1.00000 1.00000 1.00000
 1.00000 1.00000 1.00000 1.00000 1.00000 1.00000 1.00000 1.00000 1.00000 1.00000
 1.00000 1.00000 1.00000 1.00000 1.00000 1.00000 1.00000 1.00000 1.00000 1.00000
 1.00000 1.00000 1.00000 1.00000 1.00000 1.00000 1.00000 1.00000 1.00000 1.00000
 1.00000 1.00000 1.00000 1.00000 1.00000 1.00000 1.00000 1.00000 1.00000 1.00000
 1.00000 1.00000 1.00000 1.00000 1.00000 1.00000 0.99999 0.00000 0.00000 0.00000
 0.00000 0.00000 0.00000 0.00000 0.00000 0.00000 0.00000 0.00000 0.00000 0.00000
 0.00000 0.00000 0.00000 0.00000 0.00000 0.00000 0.00000 0.00000 0.00000 0.00000
 0.00000 0.00000 0.00000 0.00000 0.00000 0.00000 0.00000 0.00000 0.00000 0.00000
 0.00000 0.00000 0.00000 0.00000 0.00000 0.00000 0.00000 0.00000 0.00000 0.00000
 0.00000 0.00000 0.00000 0.00000 0.00000 0.00000 0.00000 0.00000 0.00000 0.00000
 0.00000 0.00000 0.00000 0.00000 0.00000 0.00000 0.00000 0.00000 0.00000 0.00000
 0.00000 0.00000 0.00000 0.00000 0.00000 0.00000 0.00000 0.00000 0.00000 0.00000
 0.00000 0.00000 0.00000 0.00000 0.00000 0.00000 0.00000 0.00000 0.00000 0.00000
 0.00000 0.00000 0.00000 0.00000 0.00000 0.00000 0.00000 0.00000 0.00000 0.00000
 0.00000 0.00000 0.00000 0.00000 0.00000 0.00000 0.00000 0.00000 0.00000 0.00000
 0.00000 0.00000 0.00000 0.00000 0.00000 0.00000 0.00000 0.00000 0.00000 0.00000
 0.00000 0.00000 0.00000 0.00000 0.00000 0.00000 0.00000 0.00000 0.00000 0.00000
 0.00000 0.00000 0.00000 0.00000 0.00000 0.00000 0.00000 0.00000 0.00000 0.00000
 0.00000 0.00000 0.00000 0.00000 0.00000 0.00000 0.00000 0.00000 0.00000 0.00000
 0.00000 0.00000 0.00000 0.00000 0.00000 0.00000 0.00000 0.00000 0.00000 0.00000
 0.00000 0.00000 0.00000 0.00000 0.00000 0.00000 0.00000 0.00000 0.00000 0.00000
 0.00000 0.00000 0.00000 0.00000 0.00000 0.00000 0.00000 0.00000 0.00000 0.00000
 0.00000 0.00000 0.00000 0.00000 0.00000 0.00000 0.00000 0.00000 0.00000 0.00000
 0.00000 0.00000 0.00000 0.00000 0.00000 0.00000 0.00000 0.00000 0.00000 0.00000
 0.00000 0.00000 0.00000 0.00000 0.00000 0.00000 0.00000 0.00000 0.00000 0.00000
 0.00000 0.00000 0.00000 0.00000 0.00000 0.00000 0.00000 0.00000 0.00000 0.00000
 0.00000 0.00000 0.00000 0.00000 0.00000 0.00000 0.00000 0.00000 0.00000 0.00000
 0.00000 0.00000 0.00000 0.00000 0.00000 0.00000 0.00000 0.00000 0.00000 0.00000
 0.00000 0.00000 0.00000 0.00000 0.00000
 Spin down:
 -0.30232 -0.29976 -0.25970 -0.24827 -0.24102 -0.22506 -0.21490 -0.20752 -0.20690 -0.20650
 -0.20578 -0.19767 -0.19719 -0.19601 -0.19480 -0.19031 -0.18852 -0.18785 -0.18735 -0.18456
 -0.18308 -0.18053 -0.17790 -0.17578 -0.17391 -0.17292 -0.17207 -0.17117 -0.17044 -0.16822
 -0.16648 -0.16450 -0.16291 -0.16154 -0.16002 -0.15923 -0.15733 -0.15694 -0.15606 -0.15350
 -0.15200 -0.14757 -0.14494 -0.14344 -0.14119 -0.13980 -0.13904 -0.13779 -0.13716 -0.13491
 -0.13239 -0.13129 -0.12929 -0.12911 -0.12742 -0.12633 -0.12562 -0.12269 -0.12120 -0.12088
 -0.12016 -0.11849 -0.11791 -0.11602 -0.10477 -0.09011 -0.07065 -0.04080 -0.00888 0.01813
 0.02721 0.06004 0.07170 0.10433 0.12204 0.12969 0.15886 0.18621 0.20263 0.22533
 0.23822 0.26595 0.28299 0.31258 0.33356 0.34320 0.36030 0.37878 0.38425 0.39160
 0.41176 0.42009 0.43095 0.44444 0.44737 0.46969 0.47067 0.48021 0.49715 0.49781
 0.54604 0.55261 0.57437 0.57680 0.58154 0.59407 0.61449 0.61943 0.63854 0.66170
 0.67480 0.68452 0.71184 0.71612 0.73938 0.75931 0.76413 0.77753 0.78801 0.81853
 0.84598 0.86014 0.86849 0.86974 0.90724 0.92542 0.93583 0.95071 0.97012 0.98036
 0.98554 1.00740 1.02036 1.03917 1.04349 1.05676 1.06700 1.08722 1.10677 1.11454
 1.12650 1.13101 1.15237 1.17354 1.17940 1.18624 1.21144 1.21563 1.24489 1.25154
 1.25440 1.27570 1.27729 1.29834 1.30786 1.32437 1.32883 1.34164 1.34478 1.39268
 1.41127 1.41620 1.42963 1.43395 1.44049 1.44160 1.45389 1.45965 1.46386 1.47061
 1.49145 1.50632 1.52160 1.52764 1.53380 1.54740 1.55784 1.56463 1.56779 1.57215
 1.58377 1.59151 1.59546 1.60341 1.62771 1.63701 1.64526 1.65346 1.65406 1.66068
 1.66693 1.67826 1.68634 1.71520 1.73258 1.73764 1.74258 1.74667 1.76088 1.77738
 1.78256 1.79671 1.80224 1.80915 1.81869 1.83390 1.84681 1.85957 1.85975 1.86493
 1.87349 1.88025 1.89913 1.91313 1.93430 1.94474 1.95563 1.97075 1.98344 1.98791
 2.00280 2.01895 2.02540 2.04248 2.04711 2.05795 2.06455 2.07835 2.08642 2.10582
 2.11939 2.14447 2.15106 2.15688 2.17034 2.17915 2.19583 2.22854 2.24127 2.25979
 2.26972 2.28142 2.29355 2.31351 2.32641 2.33394 2.34159 2.35639 2.36521 2.36900
 2.38045 2.38711 2.39475 2.44778 2.46047 2.48999 2.50819 2.54744 2.55455 2.56112
 2.58560 2.59652 2.61004 2.63542 2.65570 2.67563 2.67845 2.72831 2.83600 2.86928
 2.94019 2.95255 2.96533 2.99203 3.02375 3.08105 3.17026 3.18844 3.19852 3.22460
 3.26949 3.28766 3.29885 3.30208 3.31904 3.31943 3.32391 3.35320 3.36761 3.36811
 3.37608 3.37783 3.41548 3.44496 3.51757 3.56052 3.57044 3.62401 3.75247 3.84110
 3.89066 3.91585 4.27356 4.30350 4.30722
 Occupations:
 1.00000 1.00000 1.00000 1.00000 1.00000 1.00000 1.00000 1.00000 1.00000 1.00000
 1.00000 1.00000 1.00000 1.00000 1.00000 1.00000 1.00000 1.00000 1.00000 1.00000
 1.00000 1.00000 1.00000 1.00000 1.00000 1.00000 1.00000 1.00000 1.00000 1.00000
 1.00000 1.00000 1.00000 1.00000 1.00000 1.00000 1.00000 1.00000 1.00000 1.00000
 1.00000 1.00000 1.00000 1.00000 1.00000 1.00000 1.00000 1.00000 1.00000 1.00000
 1.00000 1.00000 1.00000 1.00000 1.00000 1.00000 1.00000 1.00000 1.00000 1.00000
 1.00000 1.00000 1.00000 1.00000 1.00000 1.00000 0.99999 0.00000 0.00000 0.00000
 0.00000 0.00000 0.00000 0.00000 0.00000 0.00000 0.00000 0.00000 0.00000 0.00000
 0.00000 0.00000 0.00000 0.00000 0.00000 0.00000 0.00000 0.00000 0.00000 0.00000
 0.00000 0.00000 0.00000 0.00000 0.00000 0.00000 0.00000 0.00000 0.00000 0.00000
 0.00000 0.00000 0.00000 0.00000 0.00000 0.00000 0.00000 0.00000 0.00000 0.00000
 0.00000 0.00000 0.00000 0.00000 0.00000 0.00000 0.00000 0.00000 0.00000 0.00000
 0.00000 0.00000 0.00000 0.00000 0.00000 0.00000 0.00000 0.00000 0.00000 0.00000
 0.00000 0.00000 0.00000 0.00000 0.00000 0.00000 0.00000 0.00000 0.00000 0.00000
 0.00000 0.00000 0.00000 0.00000 0.00000 0.00000 0.00000 0.00000 0.00000 0.00000
 0.00000 0.00000 0.00000 0.00000 0.00000 0.00000 0.00000 0.00000 0.00000 0.00000
 0.00000 0.00000 0.00000 0.00000 0.00000 0.00000 0.00000 0.00000 0.00000 0.00000
 0.00000 0.00000 0.00000 0.00000 0.00000 0.00000 0.00000 0.00000 0.00000 0.00000
 0.00000 0.00000 0.00000 0.00000 0.00000 0.00000 0.00000 0.00000 0.00000 0.00000
 0.00000 0.00000 0.00000 0.00000 0.00000 0.00000 0.00000 0.00000 0.00000 0.00000
 0.00000 0.00000 0.00000 0.00000 0.00000 0.00000 0.00000 0.00000 0.00000 0.00000
 0.00000 0.00000 0.00000 0.00000 0.00000 0.00000 0.00000 0.00000 0.00000 0.00000
 0.00000 0.00000 0.00000 0.00000 0.00000 0.00000 0.00000 0.00000 0.00000 0.00000
 0.00000 0.00000 0.00000 0.00000 0.00000 0.00000 0.00000 0.00000 0.00000 0.00000
 0.00000 0.00000 0.00000 0.00000 0.00000 0.00000 0.00000 0.00000 0.00000 0.00000
 0.00000 0.00000 0.00000 0.00000 0.00000 0.00000 0.00000 0.00000 0.00000 0.00000
 0.00000 0.00000 0.00000 0.00000 0.00000 0.00000 0.00000 0.00000 0.00000 0.00000
 0.00000 0.00000 0.00000 0.00000 0.00000 0.00000 0.00000 0.00000 0.00000 0.00000
 0.00000 0.00000 0.00000 0.00000 0.00000 0.00000 0.00000 0.00000 0.00000 0.00000
 0.00000 0.00000 0.00000 0.00000 0.00000 0.00000 0.00000 0.00000 0.00000 0.00000
 0.00000 0.00000 0.00000 0.00000 0.00000
 == 16-th k-point orbital energies
 Spin up:
 -0.34214 -0.27678 -0.25597 -0.25369 -0.23151 -0.22617 -0.22510 -0.21837 -0.21705 -0.21016
 -0.20666 -0.20516 -0.20297 -0.19835 -0.19788 -0.19620 -0.18851 -0.18794 -0.18459 -0.18095
 -0.17818 -0.17626 -0.17455 -0.17436 -0.17126 -0.16929 -0.16746 -0.16551 -0.16422 -0.16379
 -0.16295 -0.16210 -0.16024 -0.15779 -0.15653 -0.15471 -0.15268 -0.15105 -0.14946 -0.14845
 -0.14616 -0.14578 -0.14505 -0.14302 -0.14185 -0.14085 -0.13803 -0.13604 -0.13555 -0.13439
 -0.13181 -0.13064 -0.12807 -0.12674 -0.12404 -0.12335 -0.12163 -0.12103 -0.12012 -0.11935
 -0.11896 -0.11753 -0.10748 -0.10712 -0.10078 -0.08321 -0.07983 -0.03738 0.00594 0.00775
 0.01207 0.03206 0.05795 0.07222 0.13595 0.13854 0.16098 0.18937 0.20889 0.21863
 0.21968 0.25063 0.28080 0.28122 0.29297 0.31926 0.34556 0.35128 0.37195 0.37737
 0.40217 0.40927 0.42418 0.43795 0.48208 0.49390 0.50845 0.51171 0.51953 0.54330
 0.54409 0.56246 0.57990 0.58305 0.59621 0.62598 0.63302 0.63745 0.64922 0.67286
 0.68305 0.68465 0.70687 0.73371 0.74150 0.79537 0.79902 0.80967 0.81343 0.82128
 0.83155 0.83869 0.86495 0.87567 0.88367 0.91008 0.91925 0.92100 0.93818 0.94242
 0.96939 0.99869 1.00381 1.03177 1.04901 1.05950 1.07018 1.08711 1.11209 1.11345
 1.12678 1.14635 1.16555 1.17444 1.17967 1.19188 1.21931 1.22709 1.23261 1.23837
 1.24385 1.25976 1.26328 1.29045 1.29705 1.30638 1.31054 1.32517 1.33636 1.34867
 1.36903 1.38235 1.38869 1.39442 1.41197 1.42596 1.43572 1.43977 1.45010 1.46207
 1.46961 1.47348 1.49062 1.49653 1.49902 1.52595 1.56292 1.58276 1.59004 1.59591
 1.61775 1.63488 1.64207 1.65364 1.66414 1.67313 1.67354 1.68988 1.69826 1.70367
 1.71091 1.72341 1.72984 1.73378 1.75077 1.75689 1.76435 1.79007 1.80617 1.81128
 1.81933 1.82913 1.83738 1.83932 1.84825 1.87321 1.88468 1.89755 1.90498 1.92338
 1.92497 1.94588 1.95720 1.96405 1.97507 1.98329 1.98801 2.00845 2.01846 2.01951
 2.02600 2.03664 2.05153 2.06599 2.08115 2.09767 2.10360 2.12176 2.14141 2.14767
 2.15176 2.16716 2.17265 2.17410 2.18155 2.20224 2.20920 2.21810 2.22900 2.23104
 2.24072 2.25023 2.26258 2.28949 2.30256 2.31079 2.33807 2.36069 2.37335 2.38166
 2.38646 2.39759 2.42850 2.44167 2.46365 2.48709 2.50350 2.53419 2.55582 2.59421
 2.60561 2.63742 2.65989 2.70187 2.71094 2.73007 2.73861 2.75247 2.80384 2.83758
 2.86651 2.90267 2.91938 2.96083 2.99173 3.02212 3.11067 3.18639 3.25514 3.25709
 3.26269 3.30482 3.30910 3.32086 3.32401 3.36055 3.36110 3.36245 3.36577 3.37606
 3.38379 3.39209 3.40135 3.44734 3.47147 3.49717 3.62162 3.65064 3.69619 3.71553
 3.81973 4.00658 4.25424 4.25796 4.29830
 Occupations: 
 1.00000 1.00000 1.00000 1.00000 1.00000 1.00000 1.00000 1.00000 1.00000 1.00000
 1.00000 1.00000 1.00000 1.00000 1.00000 1.00000 1.00000 1.00000 1.00000 1.00000
 1.00000 1.00000 1.00000 1.00000 1.00000 1.00000 1.00000 1.00000 1.00000 1.00000
 1.00000 1.00000 1.00000 1.00000 1.00000 1.00000 1.00000 1.00000 1.00000 1.00000
 1.00000 1.00000 1.00000 1.00000 1.00000 1.00000 1.00000 1.00000 1.00000 1.00000
 1.00000 1.00000 1.00000 1.00000 1.00000 1.00000 1.00000 1.00000 1.00000 1.00000
 1.00000 1.00000 1.00000 1.00000 1.00000 1.00000 1.00000 0.00000 0.00000 0.00000
 0.00000 0.00000 0.00000 0.00000 0.00000 0.00000 0.00000 0.00000 0.00000 0.00000
 0.00000 0.00000 0.00000 0.00000 0.00000 0.00000 0.00000 0.00000 0.00000 0.00000
 0.00000 0.00000 0.00000 0.00000 0.00000 0.00000 0.00000 0.00000 0.00000 0.00000
 0.00000 0.00000 0.00000 0.00000 0.00000 0.00000 0.00000 0.00000 0.00000 0.00000
 0.00000 0.00000 0.00000 0.00000 0.00000 0.00000 0.00000 0.00000 0.00000 0.00000
 0.00000 0.00000 0.00000 0.00000 0.00000 0.00000 0.00000 0.00000 0.00000 0.00000
 0.00000 0.00000 0.00000 0.00000 0.00000 0.00000 0.00000 0.00000 0.00000 0.00000
 0.00000 0.00000 0.00000 0.00000 0.00000 0.00000 0.00000 0.00000 0.00000 0.00000
 0.00000 0.00000 0.00000 0.00000 0.00000 0.00000 0.00000 0.00000 0.00000 0.00000
 0.00000 0.00000 0.00000 0.00000 0.00000 0.00000 0.00000 0.00000 0.00000 0.00000
 0.00000 0.00000 0.00000 0.00000 0.00000 0.00000 0.00000 0.00000 0.00000 0.00000
 0.00000 0.00000 0.00000 0.00000 0.00000 0.00000 0.00000 0.00000 0.00000 0.00000
 0.00000 0.00000 0.00000 0.00000 0.00000 0.00000 0.00000 0.00000 0.00000 0.00000
 0.00000 0.00000 0.00000 0.00000 0.00000 0.00000 0.00000 0.00000 0.00000 0.00000
 0.00000 0.00000 0.00000 0.00000 0.00000 0.00000 0.00000 0.00000 0.00000 0.00000
 0.00000 0.00000 0.00000 0.00000 0.00000 0.00000 0.00000 0.00000 0.00000 0.00000
 0.00000 0.00000 0.00000 0.00000 0.00000 0.00000 0.00000 0.00000 0.00000 0.00000
 0.00000 0.00000 0.00000 0.00000 0.00000 0.00000 0.00000 0.00000 0.00000 0.00000
 0.00000 0.00000 0.00000 0.00000 0.00000 0.00000 0.00000 0.00000 0.00000 0.00000
 0.00000 0.00000 0.00000 0.00000 0.00000 0.00000 0.00000 0.00000 0.00000 0.00000
 0.00000 0.00000 0.00000 0.00000 0.00000 0.00000 0.00000 0.00000 0.00000 0.00000
 0.00000 0.00000 0.00000 0.00000 0.00000 0.00000 0.00000 0.00000 0.00000 0.00000
 0.00000 0.00000 0.00000 0.00000 0.00000 0.00000 0.00000 0.00000 0.00000 0.00000
 0.00000 0.00000 0.00000 0.00000 0.00000
 Spin down:
 -0.34214 -0.27678 -0.25597 -0.25369 -0.23151 -0.22617 -0.22510 -0.21837 -0.21705 -0.21016
 -0.20666 -0.20516 -0.20297 -0.19835 -0.19788 -0.19620 -0.18851 -0.18794 -0.18459 -0.18095
 -0.17818 -0.17626 -0.17455 -0.17436 -0.17126 -0.16929 -0.16746 -0.16551 -0.16422 -0.16379
 -0.16295 -0.16210 -0.16024 -0.15779 -0.15653 -0.15471 -0.15268 -0.15105 -0.14946 -0.14845
 -0.14616 -0.14578 -0.14505 -0.14302 -0.14185 -0.14085 -0.13803 -0.13604 -0.13555 -0.13439
 -0.13181 -0.13064 -0.12807 -0.12674 -0.12404 -0.12335 -0.12163 -0.12103 -0.12012 -0.11935
 -0.11896 -0.11753 -0.10748 -0.10712 -0.10078 -0.08321 -0.07983 -0.03738 0.00594 0.00775
 0.01207 0.03206 0.05795 0.07222 0.13595 0.13854 0.16098 0.18937 0.20889 0.21863
 0.21968 0.25063 0.28080 0.28122 0.29297 0.31926 0.34556 0.35128 0.37195 0.37737
 0.40217 0.40927 0.42418 0.43795 0.48208 0.49390 0.50845 0.51171 0.51953 0.54330
 0.54409 0.56246 0.57990 0.58305 0.59621 0.62598 0.63302 0.63745 0.64922 0.67286
 0.68305 0.68465 0.70687 0.73371 0.74150 0.79537 0.79902 0.80967 0.81343 0.82128
 0.83155 0.83869 0.86495 0.87567 0.88367 0.91008 0.91925 0.92100 0.93818 0.94242
 0.96939 0.99869 1.00381 1.03177 1.04901 1.05950 1.07018 1.08711 1.11209 1.11345
 1.12678 1.14635 1.16555 1.17444 1.17967 1.19188 1.21931 1.22709 1.23261 1.23837
 1.24385 1.25976 1.26328 1.29045 1.29705 1.30638 1.31054 1.32517 1.33636 1.34867
 1.36903 1.38235 1.38869 1.39442 1.41197 1.42596 1.43572 1.43977 1.45010 1.46207
 1.46961 1.47348 1.49062 1.49653 1.49902 1.52595 1.56292 1.58276 1.59004 1.59591
 1.61775 1.63488 1.64207 1.65364 1.66414 1.67313 1.67354 1.68988 1.69826 1.70367
 1.71091 1.72341 1.72984 1.73378 1.75077 1.75689 1.76435 1.79007 1.80617 1.81128
 1.81933 1.82913 1.83738 1.83932 1.84825 1.87321 1.88468 1.89755 1.90498 1.92338
 1.92497 1.94588 1.95720 1.96405 1.97507 1.98329 1.98801 2.00845 2.01846 2.01951
 2.02600 2.03664 2.05153 2.06599 2.08115 2.09767 2.10360 2.12176 2.14141 2.14767
 2.15176 2.16716 2.17265 2.17410 2.18155 2.20224 2.20920 2.21810 2.22900 2.23104
 2.24072 2.25023 2.26258 2.28949 2.30256 2.31079 2.33807 2.36069 2.37335 2.38166
 2.38646 2.39759 2.42850 2.44167 2.46365 2.48709 2.50350 2.53419 2.55582 2.59421
 2.60561 2.63742 2.65989 2.70187 2.71094 2.73007 2.73861 2.75247 2.80384 2.83758
 2.86651 2.90267 2.91938 2.96083 2.99173 3.02212 3.11067 3.18639 3.25514 3.25709
 3.26269 3.30482 3.30910 3.32086 3.32401 3.36055 3.36110 3.36245 3.36577 3.37606
 3.38379 3.39209 3.40135 3.44734 3.47147 3.49717 3.62162 3.65064 3.69619 3.71553
 3.81973 4.00658 4.25424 4.25796 4.29830
 Occupations:
 1.00000 1.00000 1.00000 1.00000 1.00000 1.00000 1.00000 1.00000 1.00000 1.00000
 1.00000 1.00000 1.00000 1.00000 1.00000 1.00000 1.00000 1.00000 1.00000 1.00000
 1.00000 1.00000 1.00000 1.00000 1.00000 1.00000 1.00000 1.00000 1.00000 1.00000
 1.00000 1.00000 1.00000 1.00000 1.00000 1.00000 1.00000 1.00000 1.00000 1.00000
 1.00000 1.00000 1.00000 1.00000 1.00000 1.00000 1.00000 1.00000 1.00000 1.00000
 1.00000 1.00000 1.00000 1.00000 1.00000 1.00000 1.00000 1.00000 1.00000 1.00000
 1.00000 1.00000 1.00000 1.00000 1.00000 1.00000 1.00000 0.00000 0.00000 0.00000
 0.00000 0.00000 0.00000 0.00000 0.00000 0.00000 0.00000 0.00000 0.00000 0.00000
 0.00000 0.00000 0.00000 0.00000 0.00000 0.00000 0.00000 0.00000 0.00000 0.00000
 0.00000 0.00000 0.00000 0.00000 0.00000 0.00000 0.00000 0.00000 0.00000 0.00000
 0.00000 0.00000 0.00000 0.00000 0.00000 0.00000 0.00000 0.00000 0.00000 0.00000
 0.00000 0.00000 0.00000 0.00000 0.00000 0.00000 0.00000 0.00000 0.00000 0.00000
 0.00000 0.00000 0.00000 0.00000 0.00000 0.00000 0.00000 0.00000 0.00000 0.00000
 0.00000 0.00000 0.00000 0.00000 0.00000 0.00000 0.00000 0.00000 0.00000 0.00000
 0.00000 0.00000 0.00000 0.00000 0.00000 0.00000 0.00000 0.00000 0.00000 0.00000
 0.00000 0.00000 0.00000 0.00000 0.00000 0.00000 0.00000 0.00000 0.00000 0.00000
 0.00000 0.00000 0.00000 0.00000 0.00000 0.00000 0.00000 0.00000 0.00000 0.00000
 0.00000 0.00000 0.00000 0.00000 0.00000 0.00000 0.00000 0.00000 0.00000 0.00000
 0.00000 0.00000 0.00000 0.00000 0.00000 0.00000 0.00000 0.00000 0.00000 0.00000
 0.00000 0.00000 0.00000 0.00000 0.00000 0.00000 0.00000 0.00000 0.00000 0.00000
 0.00000 0.00000 0.00000 0.00000 0.00000 0.00000 0.00000 0.00000 0.00000 0.00000
 0.00000 0.00000 0.00000 0.00000 0.00000 0.00000 0.00000 0.00000 0.00000 0.00000
 0.00000 0.00000 0.00000 0.00000 0.00000 0.00000 0.00000 0.00000 0.00000 0.00000
 0.00000 0.00000 0.00000 0.00000 0.00000 0.00000 0.00000 0.00000 0.00000 0.00000
 0.00000 0.00000 0.00000 0.00000 0.00000 0.00000 0.00000 0.00000 0.00000 0.00000
 0.00000 0.00000 0.00000 0.00000 0.00000 0.00000 0.00000 0.00000 0.00000 0.00000
 0.00000 0.00000 0.00000 0.00000 0.00000 0.00000 0.00000 0.00000 0.00000 0.00000
 0.00000 0.00000 0.00000 0.00000 0.00000 0.00000 0.00000 0.00000 0.00000 0.00000
 0.00000 0.00000 0.00000 0.00000 0.00000 0.00000 0.00000 0.00000 0.00000 0.00000
 0.00000 0.00000 0.00000 0.00000 0.00000 0.00000 0.00000 0.00000 0.00000 0.00000
 0.00000 0.00000 0.00000 0.00000 0.00000
 == 17-th k-point orbital energies
 Spin up:
 -0.36451 -0.29617 -0.24605 -0.24204 -0.23473 -0.23118 -0.22807 -0.22554 -0.22341 -0.21573
 -0.21127 -0.21030 -0.20844 -0.20584 -0.20544 -0.20237 -0.19047 -0.18949 -0.18395 -0.17469
 -0.17304 -0.17275 -0.17172 -0.17078 -0.16961 -0.16710 -0.16600 -0.16562 -0.16188 -0.16104
 -0.16011 -0.15926 -0.15725 -0.15592 -0.15460 -0.15441 -0.14745 -0.14599 -0.14230 -0.14112
 -0.14039 -0.13868 -0.13787 -0.13576 -0.13466 -0.13071 -0.13007 -0.12828 -0.12755 -0.12528
 -0.12526 -0.12486 -0.12307 -0.12262 -0.12192 -0.12094 -0.11914 -0.11783 -0.11630 -0.11609
 -0.11488 -0.11356 -0.11118 -0.10709 -0.07511 -0.06070 -0.05912 -0.05696 -0.02056 -0.01890
 0.00960 0.03530 0.03803 0.05934 0.13536 0.13838 0.14863 0.16664 0.17407 0.17680
 0.20312 0.22411 0.22654 0.25246 0.30608 0.30799 0.33054 0.35642 0.37508 0.38602
 0.40679 0.41180 0.44710 0.46361 0.47738 0.47905 0.50421 0.51109 0.51732 0.55245
 0.57139 0.60626 0.61777 0.62834 0.63412 0.65717 0.66274 0.69018 0.69386 0.69921
 0.70230 0.72414 0.72899 0.75691 0.76243 0.77260 0.78036 0.78311 0.80615 0.81431
 0.82625 0.82728 0.84523 0.86576 0.88806 0.90351 0.92206 0.92487 0.92688 0.93758
 0.96030 0.96175 1.02642 1.04190 1.05101 1.05186 1.06682 1.07593 1.08903 1.09909
 1.11326 1.11392 1.12929 1.15469 1.16426 1.17510 1.17787 1.20317 1.21048 1.21199
 1.22490 1.23862 1.24783 1.26004 1.26607 1.30160 1.30472 1.31965 1.32738 1.34221
 1.34994 1.35897 1.36357 1.36651 1.40719 1.41809 1.43602 1.44594 1.47832 1.48847
 1.49571 1.49924 1.50985 1.52485 1.54175 1.56321 1.57478 1.57584 1.59196 1.62309
 1.62747 1.65494 1.66868 1.67314 1.67771 1.69410 1.71206 1.72642 1.74871 1.75453
 1.75938 1.77151 1.82469 1.82599 1.83260 1.83577 1.84425 1.85778 1.86781 1.87114
 1.87656 1.88100 1.89463 1.89751 1.91037 1.92183 1.92190 1.92806 1.93734 1.96237
 1.96918 1.98145 1.98254 2.00640 2.01732 2.03515 2.04863 2.05860 2.06686 2.07220
 2.07616 2.09149 2.09746 2.09836 2.10623 2.11228 2.11738 2.11833 2.12311 2.14193
 2.14461 2.15442 2.16167 2.18523 2.18680 2.19253 2.20645 2.21807 2.22728 2.23784
 2.24508 2.27028 2.28562 2.31550 2.31696 2.34506 2.35164 2.37455 2.38023 2.41556
 2.41876 2.43933 2.45015 2.47770 2.48761 2.53783 2.56046 2.59468 2.60315 2.61250
 2.61608 2.67216 2.67358 2.71946 2.74387 2.76934 2.77769 2.82971 2.83103 2.83259
 2.87762 2.88300 2.91367 2.93445 2.99886 3.01164 3.13137 3.14569 3.19627 3.20749
 3.23807 3.31328 3.31371 3.34448 3.35095 3.35450 3.35776 3.38837 3.38856 3.40525
 3.40986 3.42190 3.42784 3.43557 3.44372 3.48160 3.50710 3.56379 3.62192 3.74857
 3.95842 3.96553 4.04731 4.18552 4.27577
 Occupations: 
 1.00000 1.00000 1.00000 1.00000 1.00000 1.00000 1.00000 1.00000 1.00000 1.00000
 1.00000 1.00000 1.00000 1.00000 1.00000 1.00000 1.00000 1.00000 1.00000 1.00000
 1.00000 1.00000 1.00000 1.00000 1.00000 1.00000 1.00000 1.00000 1.00000 1.00000
 1.00000 1.00000 1.00000 1.00000 1.00000 1.00000 1.00000 1.00000 1.00000 1.00000
 1.00000 1.00000 1.00000 1.00000 1.00000 1.00000 1.00000 1.00000 1.00000 1.00000
 1.00000 1.00000 1.00000 1.00000 1.00000 1.00000 1.00000 1.00000 1.00000 1.00000
 1.00000 1.00000 1.00000 1.00000 1.00000 0.77581 0.41440 0.07555 0.00000 0.00000
 0.00000 0.00000 0.00000 0.00000 0.00000 0.00000 0.00000 0.00000 0.00000 0.00000
 0.00000 0.00000 0.00000 0.00000 0.00000 0.00000 0.00000 0.00000 0.00000 0.00000
 0.00000 0.00000 0.00000 0.00000 0.00000 0.00000 0.00000 0.00000 0.00000 0.00000
 0.00000 0.00000 0.00000 0.00000 0.00000 0.00000 0.00000 0.00000 0.00000 0.00000
 0.00000 0.00000 0.00000 0.00000 0.00000 0.00000 0.00000 0.00000 0.00000 0.00000
 0.00000 0.00000 0.00000 0.00000 0.00000 0.00000 0.00000 0.00000 0.00000 0.00000
 0.00000 0.00000 0.00000 0.00000 0.00000 0.00000 0.00000 0.00000 0.00000 0.00000
 0.00000 0.00000 0.00000 0.00000 0.00000 0.00000 0.00000 0.00000 0.00000 0.00000
 0.00000 0.00000 0.00000 0.00000 0.00000 0.00000 0.00000 0.00000 0.00000 0.00000
 0.00000 0.00000 0.00000 0.00000 0.00000 0.00000 0.00000 0.00000 0.00000 0.00000
 0.00000 0.00000 0.00000 0.00000 0.00000 0.00000 0.00000 0.00000 0.00000 0.00000
 0.00000 0.00000 0.00000 0.00000 0.00000 0.00000 0.00000 0.00000 0.00000 0.00000
 0.00000 0.00000 0.00000 0.00000 0.00000 0.00000 0.00000 0.00000 0.00000 0.00000
 0.00000 0.00000 0.00000 0.00000 0.00000 0.00000 0.00000 0.00000 0.00000 0.00000
 0.00000 0.00000 0.00000 0.00000 0.00000 0.00000 0.00000 0.00000 0.00000 0.00000
 0.00000 0.00000 0.00000 0.00000 0.00000 0.00000 0.00000 0.00000 0.00000 0.00000
 0.00000 0.00000 0.00000 0.00000 0.00000 0.00000 0.00000 0.00000 0.00000 0.00000
 0.00000 0.00000 0.00000 0.00000 0.00000 0.00000 0.00000 0.00000 0.00000 0.00000
 0.00000 0.00000 0.00000 0.00000 0.00000 0.00000 0.00000 0.00000 0.00000 0.00000
 0.00000 0.00000 0.00000 0.00000 0.00000 0.00000 0.00000 0.00000 0.00000 0.00000
 0.00000 0.00000 0.00000 0.00000 0.00000 0.00000 0.00000 0.00000 0.00000 0.00000
 0.00000 0.00000 0.00000 0.00000 0.00000 0.00000 0.00000 0.00000 0.00000 0.00000
 0.00000 0.00000 0.00000 0.00000 0.00000 0.00000 0.00000 0.00000 0.00000 0.00000
 0.00000 0.00000 0.00000 0.00000 0.00000
 Spin down:
 -0.36451 -0.29617 -0.24605 -0.24204 -0.23473 -0.23118 -0.22807 -0.22554 -0.22341 -0.21573
 -0.21127 -0.21030 -0.20844 -0.20584 -0.20544 -0.20237 -0.19047 -0.18949 -0.18395 -0.17469
 -0.17304 -0.17275 -0.17172 -0.17078 -0.16961 -0.16710 -0.16600 -0.16562 -0.16188 -0.16104
 -0.16011 -0.15926 -0.15725 -0.15592 -0.15460 -0.15441 -0.14745 -0.14599 -0.14230 -0.14112
 -0.14039 -0.13868 -0.13787 -0.13576 -0.13466 -0.13071 -0.13007 -0.12828 -0.12755 -0.12528
 -0.12526 -0.12486 -0.12307 -0.12262 -0.12192 -0.12094 -0.11914 -0.11783 -0.11630 -0.11609
 -0.11488 -0.11356 -0.11118 -0.10709 -0.07511 -0.06070 -0.05912 -0.05696 -0.02056 -0.01890
 0.00960 0.03530 0.03803 0.05934 0.13536 0.13838 0.14863 0.16664 0.17407 0.17680
 0.20312 0.22411 0.22654 0.25246 0.30608 0.30799 0.33054 0.35642 0.37508 0.38602
 0.40679 0.41180 0.44710 0.46361 0.47738 0.47905 0.50421 0.51109 0.51732 0.55245
 0.57139 0.60626 0.61777 0.62834 0.63412 0.65717 0.66274 0.69018 0.69386 0.69921
 0.70230 0.72414 0.72899 0.75691 0.76243 0.77260 0.78036 0.78311 0.80615 0.81431
 0.82625 0.82728 0.84523 0.86576 0.88806 0.90351 0.92206 0.92487 0.92688 0.93758
 0.96030 0.96175 1.02642 1.04190 1.05101 1.05186 1.06682 1.07593 1.08903 1.09909
 1.11326 1.11392 1.12929 1.15469 1.16426 1.17510 1.17787 1.20317 1.21048 1.21199
 1.22490 1.23862 1.24783 1.26004 1.26607 1.30160 1.30472 1.31965 1.32738 1.34221
 1.34994 1.35897 1.36357 1.36651 1.40719 1.41809 1.43602 1.44594 1.47832 1.48847
 1.49571 1.49924 1.50985 1.52485 1.54175 1.56321 1.57478 1.57584 1.59196 1.62309
 1.62747 1.65494 1.66868 1.67314 1.67771 1.69410 1.71206 1.72642 1.74871 1.75453
 1.75938 1.77151 1.82469 1.82599 1.83260 1.83577 1.84425 1.85778 1.86781 1.87114
 1.87656 1.88100 1.89463 1.89751 1.91037 1.92183 1.92190 1.92806 1.93734 1.96237
 1.96918 1.98145 1.98254 2.00640 2.01732 2.03515 2.04863 2.05860 2.06686 2.07220
 2.07616 2.09149 2.09746 2.09836 2.10623 2.11228 2.11738 2.11833 2.12311 2.14193
 2.14461 2.15442 2.16167 2.18523 2.18680 2.19253 2.20645 2.21807 2.22728 2.23784
 2.24508 2.27028 2.28562 2.31550 2.31696 2.34506 2.35164 2.37455 2.38023 2.41556
 2.41876 2.43933 2.45015 2.47770 2.48761 2.53783 2.56046 2.59468 2.60315 2.61250
 2.61608 2.67216 2.67358 2.71946 2.74387 2.76934 2.77769 2.82971 2.83103 2.83259
 2.87762 2.88300 2.91367 2.93445 2.99886 3.01164 3.13137 3.14569 3.19627 3.20749
 3.23807 3.31328 3.31371 3.34448 3.35095 3.35450 3.35776 3.38837 3.38856 3.40525
 3.40986 3.42190 3.42784 3.43557 3.44372 3.48160 3.50710 3.56379 3.62192 3.74857
 3.95842 3.96553 4.04731 4.18552 4.27577
 Occupations:
 1.00000 1.00000 1.00000 1.00000 1.00000 1.00000 1.00000 1.00000 1.00000 1.00000
 1.00000 1.00000 1.00000 1.00000 1.00000 1.00000 1.00000 1.00000 1.00000 1.00000
 1.00000 1.00000 1.00000 1.00000 1.00000 1.00000 1.00000 1.00000 1.00000 1.00000
 1.00000 1.00000 1.00000 1.00000 1.00000 1.00000 1.00000 1.00000 1.00000 1.00000
 1.00000 1.00000 1.00000 1.00000 1.00000 1.00000 1.00000 1.00000 1.00000 1.00000
 1.00000 1.00000 1.00000 1.00000 1.00000 1.00000 1.00000 1.00000 1.00000 1.00000
 1.00000 1.00000 1.00000 1.00000 1.00000 0.77582 0.41444 0.07556 0.00000 0.00000
 0.00000 0.00000 0.00000 0.00000 0.00000 0.00000 0.00000 0.00000 0.00000 0.00000
 0.00000 0.00000 0.00000 0.00000 0.00000 0.00000 0.00000 0.00000 0.00000 0.00000
 0.00000 0.00000 0.00000 0.00000 0.00000 0.00000 0.00000 0.00000 0.00000 0.00000
 0.00000 0.00000 0.00000 0.00000 0.00000 0.00000 0.00000 0.00000 0.00000 0.00000
 0.00000 0.00000 0.00000 0.00000 0.00000 0.00000 0.00000 0.00000 0.00000 0.00000
 0.00000 0.00000 0.00000 0.00000 0.00000 0.00000 0.00000 0.00000 0.00000 0.00000
 0.00000 0.00000 0.00000 0.00000 0.00000 0.00000 0.00000 0.00000 0.00000 0.00000
 0.00000 0.00000 0.00000 0.00000 0.00000 0.00000 0.00000 0.00000 0.00000 0.00000
 0.00000 0.00000 0.00000 0.00000 0.00000 0.00000 0.00000 0.00000 0.00000 0.00000
 0.00000 0.00000 0.00000 0.00000 0.00000 0.00000 0.00000 0.00000 0.00000 0.00000
 0.00000 0.00000 0.00000 0.00000 0.00000 0.00000 0.00000 0.00000 0.00000 0.00000
 0.00000 0.00000 0.00000 0.00000 0.00000 0.00000 0.00000 0.00000 0.00000 0.00000
 0.00000 0.00000 0.00000 0.00000 0.00000 0.00000 0.00000 0.00000 0.00000 0.00000
 0.00000 0.00000 0.00000 0.00000 0.00000 0.00000 0.00000 0.00000 0.00000 0.00000
 0.00000 0.00000 0.00000 0.00000 0.00000 0.00000 0.00000 0.00000 0.00000 0.00000
 0.00000 0.00000 0.00000 0.00000 0.00000 0.00000 0.00000 0.00000 0.00000 0.00000
 0.00000 0.00000 0.00000 0.00000 0.00000 0.00000 0.00000 0.00000 0.00000 0.00000
 0.00000 0.00000 0.00000 0.00000 0.00000 0.00000 0.00000 0.00000 0.00000 0.00000
 0.00000 0.00000 0.00000 0.00000 0.00000 0.00000 0.00000 0.00000 0.00000 0.00000
 0.00000 0.00000 0.00000 0.00000 0.00000 0.00000 0.00000 0.00000 0.00000 0.00000
 0.00000 0.00000 0.00000 0.00000 0.00000 0.00000 0.00000 0.00000 0.00000 0.00000
 0.00000 0.00000 0.00000 0.00000 0.00000 0.00000 0.00000 0.00000 0.00000 0.00000
 0.00000 0.00000 0.00000 0.00000 0.00000 0.00000 0.00000 0.00000 0.00000 0.00000
 0.00000 0.00000 0.00000 0.00000 0.00000
 == 18-th k-point orbital energies
 Spin up:
 -0.36451 -0.29617 -0.24605 -0.24204 -0.23473 -0.23118 -0.22806 -0.22554 -0.22341 -0.21573
 -0.21126 -0.21030 -0.20844 -0.20584 -0.20544 -0.20237 -0.19047 -0.18949 -0.18395 -0.17469
 -0.17304 -0.17275 -0.17172 -0.17078 -0.16961 -0.16710 -0.16600 -0.16563 -0.16189 -0.16104
 -0.16011 -0.15926 -0.15725 -0.15592 -0.15460 -0.15441 -0.14745 -0.14599 -0.14230 -0.14112
 -0.14039 -0.13868 -0.13787 -0.13576 -0.13466 -0.13071 -0.13007 -0.12828 -0.12755 -0.12528
 -0.12526 -0.12486 -0.12307 -0.12262 -0.12192 -0.12094 -0.11914 -0.11783 -0.11630 -0.11609
 -0.11489 -0.11356 -0.11118 -0.10709 -0.07511 -0.06070 -0.05911 -0.05696 -0.02056 -0.01890
 0.00960 0.03530 0.03803 0.05934 0.13536 0.13838 0.14863 0.16664 0.17407 0.17680
 0.20312 0.22411 0.22654 0.25246 0.30608 0.30799 0.33054 0.35642 0.37508 0.38602
 0.40679 0.41180 0.44710 0.46361 0.47738 0.47905 0.50421 0.51109 0.51732 0.55245
 0.57139 0.60626 0.61777 0.62834 0.63412 0.65717 0.66274 0.69018 0.69386 0.69921
 0.70230 0.72414 0.72899 0.75691 0.76243 0.77260 0.78035 0.78311 0.80615 0.81431
 0.82625 0.82728 0.84523 0.86576 0.88806 0.90351 0.92206 0.92487 0.92688 0.93758
 0.96030 0.96175 1.02642 1.04190 1.05101 1.05186 1.06682 1.07593 1.08903 1.09909
 1.11326 1.11392 1.12929 1.15469 1.16426 1.17510 1.17787 1.20317 1.21048 1.21199
 1.22490 1.23862 1.24783 1.26004 1.26607 1.30160 1.30472 1.31965 1.32738 1.34221
 1.34994 1.35897 1.36357 1.36651 1.40719 1.41809 1.43602 1.44594 1.47832 1.48847
 1.49571 1.49924 1.50985 1.52485 1.54175 1.56321 1.57478 1.57584 1.59196 1.62309
 1.62747 1.65494 1.66868 1.67314 1.67771 1.69410 1.71206 1.72642 1.74871 1.75453
 1.75938 1.77151 1.82469 1.82599 1.83260 1.83577 1.84425 1.85778 1.86781 1.87114
 1.87656 1.88100 1.89463 1.89751 1.91037 1.92183 1.92190 1.92806 1.93734 1.96237
 1.96918 1.98145 1.98254 2.00640 2.01732 2.03515 2.04863 2.05860 2.06686 2.07220
 2.07616 2.09149 2.09746 2.09836 2.10623 2.11228 2.11738 2.11833 2.12311 2.14193
 2.14461 2.15442 2.16167 2.18523 2.18680 2.19253 2.20645 2.21807 2.22729 2.23784
 2.24508 2.27028 2.28562 2.31550 2.31696 2.34506 2.35164 2.37455 2.38023 2.41556
 2.41876 2.43933 2.45015 2.47770 2.48761 2.53783 2.56046 2.59468 2.60315 2.61250
 2.61608 2.67216 2.67358 2.71946 2.74387 2.76935 2.77769 2.82971 2.83103 2.83259
 2.87762 2.88300 2.91367 2.93445 2.99887 3.01164 3.13137 3.14569 3.19626 3.20749
 3.23807 3.31328 3.31371 3.34448 3.35095 3.35450 3.35776 3.38837 3.38856 3.40525
 3.40986 3.42190 3.42784 3.43557 3.44372 3.48160 3.50710 3.56379 3.62192 3.74857
 3.95842 3.96553 4.04731 4.18552 4.27577
 Occupations: 
 1.00000 1.00000 1.00000 1.00000 1.00000 1.00000 1.00000 1.00000 1.00000 1.00000
 1.00000 1.00000 1.00000 1.00000 1.00000 1.00000 1.00000 1.00000 1.00000 1.00000
 1.00000 1.00000 1.00000 1.00000 1.00000 1.00000 1.00000 1.00000 1.00000 1.00000
 1.00000 1.00000 1.00000 1.00000 1.00000 1.00000 1.00000 1.00000 1.00000 1.00000
 1.00000 1.00000 1.00000 1.00000 1.00000 1.00000 1.00000 1.00000 1.00000 1.00000
 1.00000 1.00000 1.00000 1.00000 1.00000 1.00000 1.00000 1.00000 1.00000 1.00000
 1.00000 1.00000 1.00000 1.00000 1.00000 0.77555 0.41398 0.07550 0.00000 0.00000
 0.00000 0.00000 0.00000 0.00000 0.00000 0.00000 0.00000 0.00000 0.00000 0.00000
 0.00000 0.00000 0.00000 0.00000 0.00000 0.00000 0.00000 0.00000 0.00000 0.00000
 0.00000 0.00000 0.00000 0.00000 0.00000 0.00000 0.00000 0.00000 0.00000 0.00000
 0.00000 0.00000 0.00000 0.00000 0.00000 0.00000 0.00000 0.00000 0.00000 0.00000
 0.00000 0.00000 0.00000 0.00000 0.00000 0.00000 0.00000 0.00000 0.00000 0.00000
 0.00000 0.00000 0.00000 0.00000 0.00000 0.00000 0.00000 0.00000 0.00000 0.00000
 0.00000 0.00000 0.00000 0.00000 0.00000 0.00000 0.00000 0.00000 0.00000 0.00000
 0.00000 0.00000 0.00000 0.00000 0.00000 0.00000 0.00000 0.00000 0.00000 0.00000
 0.00000 0.00000 0.00000 0.00000 0.00000 0.00000 0.00000 0.00000 0.00000 0.00000
 0.00000 0.00000 0.00000 0.00000 0.00000 0.00000 0.00000 0.00000 0.00000 0.00000
 0.00000 0.00000 0.00000 0.00000 0.00000 0.00000 0.00000 0.00000 0.00000 0.00000
 0.00000 0.00000 0.00000 0.00000 0.00000 0.00000 0.00000 0.00000 0.00000 0.00000
 0.00000 0.00000 0.00000 0.00000 0.00000 0.00000 0.00000 0.00000 0.00000 0.00000
 0.00000 0.00000 0.00000 0.00000 0.00000 0.00000 0.00000 0.00000 0.00000 0.00000
 0.00000 0.00000 0.00000 0.00000 0.00000 0.00000 0.00000 0.00000 0.00000 0.00000
 0.00000 0.00000 0.00000 0.00000 0.00000 0.00000 0.00000 0.00000 0.00000 0.00000
 0.00000 0.00000 0.00000 0.00000 0.00000 0.00000 0.00000 0.00000 0.00000 0.00000
 0.00000 0.00000 0.00000 0.00000 0.00000 0.00000 0.00000 0.00000 0.00000 0.00000
 0.00000 0.00000 0.00000 0.00000 0.00000 0.00000 0.00000 0.00000 0.00000 0.00000
 0.00000 0.00000 0.00000 0.00000 0.00000 0.00000 0.00000 0.00000 0.00000 0.00000
 0.00000 0.00000 0.00000 0.00000 0.00000 0.00000 0.00000 0.00000 0.00000 0.00000
 0.00000 0.00000 0.00000 0.00000 0.00000 0.00000 0.00000 0.00000 0.00000 0.00000
 0.00000 0.00000 0.00000 0.00000 0.00000 0.00000 0.00000 0.00000 0.00000 0.00000
 0.00000 0.00000 0.00000 0.00000 0.00000
 Spin down:
 -0.36451 -0.29617 -0.24605 -0.24204 -0.23473 -0.23118 -0.22806 -0.22554 -0.22341 -0.21573
 -0.21126 -0.21030 -0.20844 -0.20584 -0.20544 -0.20237 -0.19047 -0.18949 -0.18395 -0.17469
 -0.17304 -0.17275 -0.17172 -0.17078 -0.16961 -0.16710 -0.16600 -0.16563 -0.16189 -0.16104
 -0.16011 -0.15926 -0.15725 -0.15592 -0.15460 -0.15441 -0.14745 -0.14599 -0.14230 -0.14112
 -0.14039 -0.13868 -0.13787 -0.13576 -0.13466 -0.13071 -0.13007 -0.12828 -0.12755 -0.12528
 -0.12526 -0.12486 -0.12307 -0.12262 -0.12192 -0.12094 -0.11914 -0.11783 -0.11630 -0.11609
 -0.11489 -0.11356 -0.11118 -0.10709 -0.07511 -0.06070 -0.05911 -0.05696 -0.02056 -0.01890
 0.00960 0.03530 0.03803 0.05934 0.13536 0.13838 0.14863 0.16664 0.17407 0.17680
 0.20312 0.22411 0.22654 0.25246 0.30608 0.30799 0.33054 0.35642 0.37508 0.38602
 0.40679 0.41180 0.44710 0.46361 0.47738 0.47905 0.50421 0.51109 0.51732 0.55245
 0.57139 0.60626 0.61777 0.62834 0.63412 0.65717 0.66274 0.69018 0.69386 0.69921
 0.70230 0.72414 0.72899 0.75691 0.76243 0.77260 0.78035 0.78311 0.80615 0.81431
 0.82625 0.82728 0.84523 0.86576 0.88806 0.90351 0.92206 0.92487 0.92688 0.93758
 0.96030 0.96175 1.02642 1.04190 1.05101 1.05186 1.06682 1.07593 1.08903 1.09909
 1.11326 1.11392 1.12929 1.15469 1.16426 1.17510 1.17787 1.20317 1.21048 1.21199
 1.22490 1.23862 1.24783 1.26004 1.26607 1.30160 1.30472 1.31965 1.32738 1.34221
 1.34994 1.35897 1.36357 1.36651 1.40719 1.41809 1.43602 1.44594 1.47832 1.48847
 1.49571 1.49924 1.50985 1.52485 1.54175 1.56321 1.57478 1.57584 1.59196 1.62309
 1.62747 1.65494 1.66868 1.67314 1.67771 1.69410 1.71206 1.72642 1.74871 1.75453
 1.75938 1.77151 1.82469 1.82599 1.83260 1.83577 1.84425 1.85778 1.86781 1.87114
 1.87656 1.88100 1.89463 1.89751 1.91037 1.92183 1.92190 1.92806 1.93734 1.96237
 1.96918 1.98145 1.98254 2.00640 2.01732 2.03515 2.04863 2.05860 2.06686 2.07220
 2.07616 2.09149 2.09746 2.09836 2.10623 2.11228 2.11738 2.11833 2.12311 2.14193
 2.14461 2.15442 2.16167 2.18523 2.18680 2.19253 2.20645 2.21807 2.22729 2.23784
 2.24508 2.27028 2.28562 2.31550 2.31696 2.34506 2.35164 2.37455 2.38023 2.41556
 2.41876 2.43933 2.45015 2.47770 2.48761 2.53783 2.56046 2.59468 2.60315 2.61250
 2.61608 2.67216 2.67358 2.71946 2.74387 2.76935 2.77769 2.82971 2.83103 2.83259
 2.87762 2.88300 2.91367 2.93445 2.99887 3.01164 3.13137 3.14569 3.19626 3.20749
 3.23807 3.31328 3.31371 3.34448 3.35095 3.35450 3.35776 3.38837 3.38856 3.40525
 3.40986 3.42190 3.42784 3.43557 3.44372 3.48160 3.50710 3.56379 3.62192 3.74857
 3.95842 3.96553 4.04731 4.18552 4.27577
 Occupations:
 1.00000 1.00000 1.00000 1.00000 1.00000 1.00000 1.00000 1.00000 1.00000 1.00000
 1.00000 1.00000 1.00000 1.00000 1.00000 1.00000 1.00000 1.00000 1.00000 1.00000
 1.00000 1.00000 1.00000 1.00000 1.00000 1.00000 1.00000 1.00000 1.00000 1.00000
 1.00000 1.00000 1.00000 1.00000 1.00000 1.00000 1.00000 1.00000 1.00000 1.00000
 1.00000 1.00000 1.00000 1.00000 1.00000 1.00000 1.00000 1.00000 1.00000 1.00000
 1.00000 1.00000 1.00000 1.00000 1.00000 1.00000 1.00000 1.00000 1.00000 1.00000
 1.00000 1.00000 1.00000 1.00000 1.00000 0.77557 0.41402 0.07550 0.00000 0.00000
 0.00000 0.00000 0.00000 0.00000 0.00000 0.00000 0.00000 0.00000 0.00000 0.00000
 0.00000 0.00000 0.00000 0.00000 0.00000 0.00000 0.00000 0.00000 0.00000 0.00000
 0.00000 0.00000 0.00000 0.00000 0.00000 0.00000 0.00000 0.00000 0.00000 0.00000
 0.00000 0.00000 0.00000 0.00000 0.00000 0.00000 0.00000 0.00000 0.00000 0.00000
 0.00000 0.00000 0.00000 0.00000 0.00000 0.00000 0.00000 0.00000 0.00000 0.00000
 0.00000 0.00000 0.00000 0.00000 0.00000 0.00000 0.00000 0.00000 0.00000 0.00000
 0.00000 0.00000 0.00000 0.00000 0.00000 0.00000 0.00000 0.00000 0.00000 0.00000
 0.00000 0.00000 0.00000 0.00000 0.00000 0.00000 0.00000 0.00000 0.00000 0.00000
 0.00000 0.00000 0.00000 0.00000 0.00000 0.00000 0.00000 0.00000 0.00000 0.00000
 0.00000 0.00000 0.00000 0.00000 0.00000 0.00000 0.00000 0.00000 0.00000 0.00000
 0.00000 0.00000 0.00000 0.00000 0.00000 0.00000 0.00000 0.00000 0.00000 0.00000
 0.00000 0.00000 0.00000 0.00000 0.00000 0.00000 0.00000 0.00000 0.00000 0.00000
 0.00000 0.00000 0.00000 0.00000 0.00000 0.00000 0.00000 0.00000 0.00000 0.00000
 0.00000 0.00000 0.00000 0.00000 0.00000 0.00000 0.00000 0.00000 0.00000 0.00000
 0.00000 0.00000 0.00000 0.00000 0.00000 0.00000 0.00000 0.00000 0.00000 0.00000
 0.00000 0.00000 0.00000 0.00000 0.00000 0.00000 0.00000 0.00000 0.00000 0.00000
 0.00000 0.00000 0.00000 0.00000 0.00000 0.00000 0.00000 0.00000 0.00000 0.00000
 0.00000 0.00000 0.00000 0.00000 0.00000 0.00000 0.00000 0.00000 0.00000 0.00000
 0.00000 0.00000 0.00000 0.00000 0.00000 0.00000 0.00000 0.00000 0.00000 0.00000
 0.00000 0.00000 0.00000 0.00000 0.00000 0.00000 0.00000 0.00000 0.00000 0.00000
 0.00000 0.00000 0.00000 0.00000 0.00000 0.00000 0.00000 0.00000 0.00000 0.00000
 0.00000 0.00000 0.00000 0.00000 0.00000 0.00000 0.00000 0.00000 0.00000 0.00000
 0.00000 0.00000 0.00000 0.00000 0.00000 0.00000 0.00000 0.00000 0.00000 0.00000
 0.00000 0.00000 0.00000 0.00000 0.00000
 == 19-th k-point orbital energies
 Spin up:
 -0.34214 -0.27678 -0.25597 -0.25369 -0.23151 -0.22617 -0.22510 -0.21837 -0.21705 -0.21016
 -0.20665 -0.20516 -0.20297 -0.19834 -0.19788 -0.19620 -0.18851 -0.18794 -0.18459 -0.18095
 -0.17818 -0.17626 -0.17455 -0.17436 -0.17126 -0.16929 -0.16746 -0.16551 -0.16422 -0.16379
 -0.16295 -0.16210 -0.16024 -0.15780 -0.15653 -0.15471 -0.15268 -0.15105 -0.14946 -0.14845
 -0.14616 -0.14578 -0.14505 -0.14302 -0.14185 -0.14085 -0.13803 -0.13604 -0.13555 -0.13439
 -0.13181 -0.13064 -0.12807 -0.12674 -0.12404 -0.12335 -0.12163 -0.12102 -0.12012 -0.11935
 -0.11896 -0.11753 -0.10748 -0.10712 -0.10078 -0.08321 -0.07983 -0.03738 0.00594 0.00775
 0.01207 0.03206 0.05795 0.07222 0.13595 0.13854 0.16098 0.18937 0.20889 0.21863
 0.21968 0.25063 0.28080 0.28122 0.29297 0.31926 0.34556 0.35128 0.37195 0.37737
 0.40217 0.40927 0.42418 0.43795 0.48208 0.49390 0.50845 0.51171 0.51953 0.54330
 0.54409 0.56246 0.57990 0.58305 0.59621 0.62598 0.63302 0.63745 0.64922 0.67286
 0.68305 0.68465 0.70687 0.73371 0.74150 0.79537 0.79902 0.80967 0.81343 0.82128
 0.83156 0.83869 0.86495 0.87567 0.88367 0.91008 0.91925 0.92100 0.93818 0.94242
 0.96939 0.99869 1.00381 1.03177 1.04901 1.05950 1.07018 1.08711 1.11209 1.11345
 1.12678 1.14635 1.16555 1.17444 1.17967 1.19188 1.21931 1.22709 1.23261 1.23837
 1.24385 1.25976 1.26328 1.29045 1.29705 1.30638 1.31054 1.32517 1.33636 1.34867
 1.36903 1.38235 1.38869 1.39442 1.41197 1.42596 1.43572 1.43977 1.45010 1.46207
 1.46961 1.47348 1.49062 1.49653 1.49902 1.52595 1.56292 1.58275 1.59004 1.59591
 1.61775 1.63488 1.64207 1.65364 1.66414 1.67313 1.67354 1.68988 1.69826 1.70367
 1.71091 1.72341 1.72984 1.73378 1.75077 1.75689 1.76435 1.79007 1.80617 1.81128
 1.81933 1.82913 1.83738 1.83932 1.84825 1.87321 1.88468 1.89755 1.90498 1.92338
 1.92497 1.94588 1.95720 1.96405 1.97507 1.98329 1.98801 2.00845 2.01846 2.01951
 2.02600 2.03664 2.05153 2.06599 2.08115 2.09767 2.10360 2.12176 2.14141 2.14767
 2.15176 2.16716 2.17265 2.17410 2.18155 2.20224 2.20920 2.21810 2.22900 2.23104
 2.24072 2.25023 2.26258 2.28949 2.30256 2.31079 2.33807 2.36069 2.37335 2.38166
 2.38646 2.39759 2.42850 2.44167 2.46365 2.48709 2.50350 2.53419 2.55582 2.59421
 2.60561 2.63742 2.65989 2.70187 2.71094 2.73007 2.73861 2.75247 2.80384 2.83758
 2.86651 2.90267 2.91938 2.96084 2.99173 3.02212 3.11068 3.18639 3.25514 3.25709
 3.26269 3.30482 3.30910 3.32086 3.32401 3.36055 3.36110 3.36245 3.36577 3.37606
 3.38379 3.39209 3.40134 3.44734 3.47147 3.49717 3.62162 3.65064 3.69619 3.71553
 3.81973 4.00658 4.25424 4.25796 4.29830
 Occupations: 
 1.00000 1.00000 1.00000 1.00000 1.00000 1.00000 1.00000 1.00000 1.00000 1.00000
 1.00000 1.00000 1.00000 1.00000 1.00000 1.00000 1.00000 1.00000 1.00000 1.00000
 1.00000 1.00000 1.00000 1.00000 1.00000 1.00000 1.00000 1.00000 1.00000 1.00000
 1.00000 1.00000 1.00000 1.00000 1.00000 1.00000 1.00000 1.00000 1.00000 1.00000
 1.00000 1.00000 1.00000 1.00000 1.00000 1.00000 1.00000 1.00000 1.00000 1.00000
 1.00000 1.00000 1.00000 1.00000 1.00000 1.00000 1.00000 1.00000 1.00000 1.00000
 1.00000 1.00000 1.00000 1.00000 1.00000 1.00000 1.00000 0.00000 0.00000 0.00000
 0.00000 0.00000 0.00000 0.00000 0.00000 0.00000 0.00000 0.00000 0.00000 0.00000
 0.00000 0.00000 0.00000 0.00000 0.00000 0.00000 0.00000 0.00000 0.00000 0.00000
 0.00000 0.00000 0.00000 0.00000 0.00000 0.00000 0.00000 0.00000 0.00000 0.00000
 0.00000 0.00000 0.00000 0.00000 0.00000 0.00000 0.00000 0.00000 0.00000 0.00000
 0.00000 0.00000 0.00000 0.00000 0.00000 0.00000 0.00000 0.00000 0.00000 0.00000
 0.00000 0.00000 0.00000 0.00000 0.00000 0.00000 0.00000 0.00000 0.00000 0.00000
 0.00000 0.00000 0.00000 0.00000 0.00000 0.00000 0.00000 0.00000 0.00000 0.00000
 0.00000 0.00000 0.00000 0.00000 0.00000 0.00000 0.00000 0.00000 0.00000 0.00000
 0.00000 0.00000 0.00000 0.00000 0.00000 0.00000 0.00000 0.00000 0.00000 0.00000
 0.00000 0.00000 0.00000 0.00000 0.00000 0.00000 0.00000 0.00000 0.00000 0.00000
 0.00000 0.00000 0.00000 0.00000 0.00000 0.00000 0.00000 0.00000 0.00000 0.00000
 0.00000 0.00000 0.00000 0.00000 0.00000 0.00000 0.00000 0.00000 0.00000 0.00000
 0.00000 0.00000 0.00000 0.00000 0.00000 0.00000 0.00000 0.00000 0.00000 0.00000
 0.00000 0.00000 0.00000 0.00000 0.00000 0.00000 0.00000 0.00000 0.00000 0.00000
 0.00000 0.00000 0.00000 0.00000 0.00000 0.00000 0.00000 0.00000 0.00000 0.00000
 0.00000 0.00000 0.00000 0.00000 0.00000 0.00000 0.00000 0.00000 0.00000 0.00000
 0.00000 0.00000 0.00000 0.00000 0.00000 0.00000 0.00000 0.00000 0.00000 0.00000
 0.00000 0.00000 0.00000 0.00000 0.00000 0.00000 0.00000 0.00000 0.00000 0.00000
 0.00000 0.00000 0.00000 0.00000 0.00000 0.00000 0.00000 0.00000 0.00000 0.00000
 0.00000 0.00000 0.00000 0.00000 0.00000 0.00000 0.00000 0.00000 0.00000 0.00000
 0.00000 0.00000 0.00000 0.00000 0.00000 0.00000 0.00000 0.00000 0.00000 0.00000
 0.00000 0.00000 0.00000 0.00000 0.00000 0.00000 0.00000 0.00000 0.00000 0.00000
 0.00000 0.00000 0.00000 0.00000 0.00000 0.00000 0.00000 0.00000 0.00000 0.00000
 0.00000 0.00000 0.00000 0.00000 0.00000
 Spin down:
 -0.34214 -0.27678 -0.25597 -0.25369 -0.23151 -0.22617 -0.22510 -0.21837 -0.21705 -0.21016
 -0.20665 -0.20516 -0.20297 -0.19834 -0.19788 -0.19620 -0.18851 -0.18794 -0.18459 -0.18095
 -0.17818 -0.17626 -0.17455 -0.17436 -0.17126 -0.16929 -0.16746 -0.16551 -0.16422 -0.16379
 -0.16295 -0.16210 -0.16024 -0.15780 -0.15653 -0.15471 -0.15268 -0.15105 -0.14946 -0.14845
 -0.14616 -0.14578 -0.14505 -0.14302 -0.14185 -0.14085 -0.13803 -0.13604 -0.13555 -0.13439
 -0.13181 -0.13064 -0.12807 -0.12674 -0.12404 -0.12335 -0.12163 -0.12102 -0.12012 -0.11935
 -0.11896 -0.11753 -0.10748 -0.10712 -0.10078 -0.08321 -0.07983 -0.03738 0.00594 0.00775
 0.01207 0.03206 0.05795 0.07222 0.13595 0.13854 0.16098 0.18937 0.20889 0.21863
 0.21968 0.25063 0.28080 0.28122 0.29297 0.31926 0.34556 0.35128 0.37195 0.37737
 0.40217 0.40927 0.42418 0.43795 0.48208 0.49390 0.50845 0.51171 0.51953 0.54330
 0.54409 0.56246 0.57990 0.58305 0.59621 0.62598 0.63302 0.63745 0.64922 0.67286
 0.68305 0.68465 0.70687 0.73371 0.74150 0.79537 0.79902 0.80967 0.81343 0.82128
 0.83156 0.83869 0.86495 0.87567 0.88367 0.91008 0.91925 0.92100 0.93818 0.94242
 0.96939 0.99869 1.00381 1.03177 1.04901 1.05950 1.07018 1.08711 1.11209 1.11345
 1.12678 1.14635 1.16555 1.17444 1.17967 1.19188 1.21931 1.22709 1.23261 1.23837
 1.24385 1.25976 1.26328 1.29045 1.29705 1.30638 1.31054 1.32517 1.33636 1.34867
 1.36903 1.38235 1.38869 1.39442 1.41197 1.42596 1.43572 1.43977 1.45010 1.46207
 1.46961 1.47348 1.49062 1.49653 1.49902 1.52595 1.56292 1.58275 1.59004 1.59591
 1.61775 1.63488 1.64207 1.65364 1.66414 1.67313 1.67354 1.68988 1.69826 1.70367
 1.71091 1.72341 1.72984 1.73378 1.75077 1.75689 1.76435 1.79007 1.80617 1.81128
 1.81933 1.82913 1.83738 1.83932 1.84825 1.87321 1.88468 1.89755 1.90498 1.92338
 1.92497 1.94588 1.95720 1.96405 1.97507 1.98329 1.98801 2.00845 2.01846 2.01951
 2.02600 2.03664 2.05153 2.06599 2.08115 2.09767 2.10360 2.12176 2.14141 2.14767
 2.15176 2.16716 2.17265 2.17410 2.18155 2.20224 2.20920 2.21810 2.22900 2.23104
 2.24072 2.25023 2.26258 2.28949 2.30256 2.31079 2.33807 2.36069 2.37335 2.38166
 2.38646 2.39759 2.42850 2.44167 2.46365 2.48709 2.50350 2.53419 2.55582 2.59421
 2.60561 2.63742 2.65989 2.70187 2.71094 2.73007 2.73861 2.75247 2.80384 2.83758
 2.86651 2.90267 2.91938 2.96084 2.99173 3.02212 3.11068 3.18639 3.25514 3.25709
 3.26269 3.30482 3.30910 3.32086 3.32401 3.36055 3.36110 3.36245 3.36577 3.37606
 3.38379 3.39209 3.40134 3.44734 3.47147 3.49717 3.62162 3.65064 3.69619 3.71553
 3.81973 4.00658 4.25424 4.25796 4.29830
 Occupations:
 1.00000 1.00000 1.00000 1.00000 1.00000 1.00000 1.00000 1.00000 1.00000 1.00000
 1.00000 1.00000 1.00000 1.00000 1.00000 1.00000 1.00000 1.00000 1.00000 1.00000
 1.00000 1.00000 1.00000 1.00000 1.00000 1.00000 1.00000 1.00000 1.00000 1.00000
 1.00000 1.00000 1.00000 1.00000 1.00000 1.00000 1.00000 1.00000 1.00000 1.00000
 1.00000 1.00000 1.00000 1.00000 1.00000 1.00000 1.00000 1.00000 1.00000 1.00000
 1.00000 1.00000 1.00000 1.00000 1.00000 1.00000 1.00000 1.00000 1.00000 1.00000
 1.00000 1.00000 1.00000 1.00000 1.00000 1.00000 1.00000 0.00000 0.00000 0.00000
 0.00000 0.00000 0.00000 0.00000 0.00000 0.00000 0.00000 0.00000 0.00000 0.00000
 0.00000 0.00000 0.00000 0.00000 0.00000 0.00000 0.00000 0.00000 0.00000 0.00000
 0.00000 0.00000 0.00000 0.00000 0.00000 0.00000 0.00000 0.00000 0.00000 0.00000
 0.00000 0.00000 0.00000 0.00000 0.00000 0.00000 0.00000 0.00000 0.00000 0.00000
 0.00000 0.00000 0.00000 0.00000 0.00000 0.00000 0.00000 0.00000 0.00000 0.00000
 0.00000 0.00000 0.00000 0.00000 0.00000 0.00000 0.00000 0.00000 0.00000 0.00000
 0.00000 0.00000 0.00000 0.00000 0.00000 0.00000 0.00000 0.00000 0.00000 0.00000
 0.00000 0.00000 0.00000 0.00000 0.00000 0.00000 0.00000 0.00000 0.00000 0.00000
 0.00000 0.00000 0.00000 0.00000 0.00000 0.00000 0.00000 0.00000 0.00000 0.00000
 0.00000 0.00000 0.00000 0.00000 0.00000 0.00000 0.00000 0.00000 0.00000 0.00000
 0.00000 0.00000 0.00000 0.00000 0.00000 0.00000 0.00000 0.00000 0.00000 0.00000
 0.00000 0.00000 0.00000 0.00000 0.00000 0.00000 0.00000 0.00000 0.00000 0.00000
 0.00000 0.00000 0.00000 0.00000 0.00000 0.00000 0.00000 0.00000 0.00000 0.00000
 0.00000 0.00000 0.00000 0.00000 0.00000 0.00000 0.00000 0.00000 0.00000 0.00000
 0.00000 0.00000 0.00000 0.00000 0.00000 0.00000 0.00000 0.00000 0.00000 0.00000
 0.00000 0.00000 0.00000 0.00000 0.00000 0.00000 0.00000 0.00000 0.00000 0.00000
 0.00000 0.00000 0.00000 0.00000 0.00000 0.00000 0.00000 0.00000 0.00000 0.00000
 0.00000 0.00000 0.00000 0.00000 0.00000 0.00000 0.00000 0.00000 0.00000 0.00000
 0.00000 0.00000 0.00000 0.00000 0.00000 0.00000 0.00000 0.00000 0.00000 0.00000
 0.00000 0.00000 0.00000 0.00000 0.00000 0.00000 0.00000 0.00000 0.00000 0.00000
 0.00000 0.00000 0.00000 0.00000 0.00000 0.00000 0.00000 0.00000 0.00000 0.00000
 0.00000 0.00000 0.00000 0.00000 0.00000 0.00000 0.00000 0.00000 0.00000 0.00000
 0.00000 0.00000 0.00000 0.00000 0.00000 0.00000 0.00000 0.00000 0.00000 0.00000
 0.00000 0.00000 0.00000 0.00000 0.00000
 == 20-th k-point orbital energies
 Spin up:
 -0.30232 -0.29976 -0.25970 -0.24827 -0.24102 -0.22505 -0.21490 -0.20752 -0.20690 -0.20650
 -0.20578 -0.19768 -0.19719 -0.19601 -0.19480 -0.19031 -0.18852 -0.18785 -0.18735 -0.18456
 -0.18308 -0.18053 -0.17790 -0.17578 -0.17391 -0.17292 -0.17207 -0.17117 -0.17044 -0.16821
 -0.16649 -0.16451 -0.16291 -0.16154 -0.16002 -0.15923 -0.15733 -0.15694 -0.15606 -0.15350
 -0.15200 -0.14757 -0.14494 -0.14344 -0.14119 -0.13980 -0.13904 -0.13778 -0.13716 -0.13491
 -0.13239 -0.13129 -0.12930 -0.12912 -0.12742 -0.12634 -0.12562 -0.12269 -0.12120 -0.12088
 -0.12015 -0.11849 -0.11791 -0.11602 -0.10476 -0.09011 -0.07065 -0.04080 -0.00888 0.01814
 0.02721 0.06004 0.07170 0.10433 0.12204 0.12969 0.15886 0.18621 0.20262 0.22533
 0.23822 0.26595 0.28299 0.31258 0.33356 0.34320 0.36030 0.37878 0.38425 0.39160
 0.41176 0.42009 0.43095 0.44444 0.44737 0.46969 0.47067 0.48021 0.49715 0.49781
 0.54604 0.55261 0.57437 0.57680 0.58154 0.59407 0.61449 0.61943 0.63854 0.66170
 0.67480 0.68452 0.71184 0.71612 0.73938 0.75931 0.76413 0.77753 0.78801 0.81853
 0.84598 0.86014 0.86849 0.86974 0.90724 0.92542 0.93583 0.95071 0.97012 0.98036
 0.98554 1.00740 1.02036 1.03917 1.04349 1.05676 1.06700 1.08722 1.10677 1.11454
 1.12650 1.13101 1.15237 1.17354 1.17940 1.18624 1.21144 1.21563 1.24489 1.25154
 1.25440 1.27570 1.27729 1.29834 1.30786 1.32437 1.32883 1.34164 1.34478 1.39268
 1.41127 1.41620 1.42963 1.43395 1.44049 1.44160 1.45389 1.45965 1.46386 1.47061
 1.49145 1.50632 1.52160 1.52764 1.53380 1.54740 1.55784 1.56463 1.56779 1.57215
 1.58377 1.59151 1.59546 1.60341 1.62771 1.63701 1.64526 1.65346 1.65406 1.66068
 1.66693 1.67826 1.68633 1.71520 1.73258 1.73764 1.74258 1.74667 1.76088 1.77738
 1.78256 1.79671 1.80224 1.80915 1.81869 1.83390 1.84681 1.85957 1.85975 1.86493
 1.87349 1.88025 1.89913 1.91313 1.93430 1.94474 1.95563 1.97075 1.98344 1.98791
 2.00280 2.01895 2.02540 2.04248 2.04711 2.05795 2.06455 2.07835 2.08642 2.10582
 2.11939 2.14447 2.15106 2.15688 2.17034 2.17915 2.19583 2.22854 2.24127 2.25979
 2.26972 2.28142 2.29355 2.31351 2.32641 2.33394 2.34159 2.35639 2.36521 2.36900
 2.38045 2.38711 2.39475 2.44778 2.46047 2.48999 2.50819 2.54744 2.55455 2.56112
 2.58560 2.59652 2.61004 2.63542 2.65570 2.67563 2.67845 2.72832 2.83600 2.86928
 2.94019 2.95255 2.96533 2.99203 3.02375 3.08105 3.17026 3.18844 3.19853 3.22460
 3.26949 3.28766 3.29885 3.30208 3.31904 3.31943 3.32391 3.35320 3.36761 3.36810
 3.37608 3.37783 3.41548 3.44496 3.51757 3.56052 3.57044 3.62401 3.75247 3.84110
 3.89066 3.91585 4.27356 4.30350 4.30722
 Occupations: 
 1.00000 1.00000 1.00000 1.00000 1.00000 1.00000 1.00000 1.00000 1.00000 1.00000
 1.00000 1.00000 1.00000 1.00000 1.00000 1.00000 1.00000 1.00000 1.00000 1.00000
 1.00000 1.00000 1.00000 1.00000 1.00000 1.00000 1.00000 1.00000 1.00000 1.00000
 1.00000 1.00000 1.00000 1.00000 1.00000 1.00000 1.00000 1.00000 1.00000 1.00000
 1.00000 1.00000 1.00000 1.00000 1.00000 1.00000 1.00000 1.00000 1.00000 1.00000
 1.00000 1.00000 1.00000 1.00000 1.00000 1.00000 1.00000 1.00000 1.00000 1.00000
 1.00000 1.00000 1.00000 1.00000 1.00000 1.00000 0.99999 0.00000 0.00000 0.00000
 0.00000 0.00000 0.00000 0.00000 0.00000 0.00000 0.00000 0.00000 0.00000 0.00000
 0.00000 0.00000 0.00000 0.00000 0.00000 0.00000 0.00000 0.00000 0.00000 0.00000
 0.00000 0.00000 0.00000 0.00000 0.00000 0.00000 0.00000 0.00000 0.00000 0.00000
 0.00000 0.00000 0.00000 0.00000 0.00000 0.00000 0.00000 0.00000 0.00000 0.00000
 0.00000 0.00000 0.00000 0.00000 0.00000 0.00000 0.00000 0.00000 0.00000 0.00000
 0.00000 0.00000 0.00000 0.00000 0.00000 0.00000 0.00000 0.00000 0.00000 0.00000
 0.00000 0.00000 0.00000 0.00000 0.00000 0.00000 0.00000 0.00000 0.00000 0.00000
 0.00000 0.00000 0.00000 0.00000 0.00000 0.00000 0.00000 0.00000 0.00000 0.00000
 0.00000 0.00000 0.00000 0.00000 0.00000 0.00000 0.00000 0.00000 0.00000 0.00000
 0.00000 0.00000 0.00000 0.00000 0.00000 0.00000 0.00000 0.00000 0.00000 0.00000
 0.00000 0.00000 0.00000 0.00000 0.00000 0.00000 0.00000 0.00000 0.00000 0.00000
 0.00000 0.00000 0.00000 0.00000 0.00000 0.00000 0.00000 0.00000 0.00000 0.00000
 0.00000 0.00000 0.00000 0.00000 0.00000 0.00000 0.00000 0.00000 0.00000 0.00000
 0.00000 0.00000 0.00000 0.00000 0.00000 0.00000 0.00000 0.00000 0.00000 0.00000
 0.00000 0.00000 0.00000 0.00000 0.00000 0.00000 0.00000 0.00000 0.00000 0.00000
 0.00000 0.00000 0.00000 0.00000 0.00000 0.00000 0.00000 0.00000 0.00000 0.00000
 0.00000 0.00000 0.00000 0.00000 0.00000 0.00000 0.00000 0.00000 0.00000 0.00000
 0.00000 0.00000 0.00000 0.00000 0.00000 0.00000 0.00000 0.00000 0.00000 0.00000
 0.00000 0.00000 0.00000 0.00000 0.00000 0.00000 0.00000 0.00000 0.00000 0.00000
 0.00000 0.00000 0.00000 0.00000 0.00000 0.00000 0.00000 0.00000 0.00000 0.00000
 0.00000 0.00000 0.00000 0.00000 0.00000 0.00000 0.00000 0.00000 0.00000 0.00000
 0.00000 0.00000 0.00000 0.00000 0.00000 0.00000 0.00000 0.00000 0.00000 0.00000
 0.00000 0.00000 0.00000 0.00000 0.00000 0.00000 0.00000 0.00000 0.00000 0.00000
 0.00000 0.00000 0.00000 0.00000 0.00000
 Spin down:
 -0.30232 -0.29976 -0.25970 -0.24827 -0.24102 -0.22505 -0.21490 -0.20752 -0.20690 -0.20650
 -0.20578 -0.19768 -0.19719 -0.19601 -0.19480 -0.19031 -0.18852 -0.18785 -0.18735 -0.18456
 -0.18308 -0.18053 -0.17790 -0.17578 -0.17391 -0.17292 -0.17207 -0.17117 -0.17044 -0.16821
 -0.16649 -0.16451 -0.16291 -0.16154 -0.16002 -0.15923 -0.15733 -0.15694 -0.15606 -0.15350
 -0.15200 -0.14757 -0.14494 -0.14344 -0.14119 -0.13980 -0.13904 -0.13778 -0.13716 -0.13491
 -0.13239 -0.13129 -0.12930 -0.12912 -0.12742 -0.12634 -0.12562 -0.12269 -0.12120 -0.12088
 -0.12015 -0.11849 -0.11791 -0.11602 -0.10476 -0.09011 -0.07065 -0.04080 -0.00888 0.01814
 0.02721 0.06004 0.07170 0.10433 0.12204 0.12969 0.15886 0.18621 0.20262 0.22533
 0.23822 0.26595 0.28299 0.31258 0.33356 0.34320 0.36030 0.37878 0.38425 0.39160
 0.41176 0.42009 0.43095 0.44444 0.44737 0.46969 0.47067 0.48021 0.49715 0.49781
 0.54604 0.55261 0.57437 0.57680 0.58154 0.59407 0.61449 0.61943 0.63854 0.66170
 0.67480 0.68452 0.71184 0.71612 0.73938 0.75931 0.76413 0.77753 0.78801 0.81853
 0.84598 0.86014 0.86849 0.86974 0.90724 0.92542 0.93583 0.95071 0.97012 0.98036
 0.98554 1.00740 1.02036 1.03917 1.04349 1.05676 1.06700 1.08722 1.10677 1.11454
 1.12650 1.13101 1.15237 1.17354 1.17940 1.18624 1.21144 1.21563 1.24489 1.25154
 1.25440 1.27570 1.27729 1.29834 1.30786 1.32437 1.32883 1.34164 1.34478 1.39268
 1.41127 1.41620 1.42963 1.43395 1.44049 1.44160 1.45389 1.45965 1.46386 1.47061
 1.49145 1.50632 1.52160 1.52764 1.53380 1.54740 1.55784 1.56463 1.56779 1.57215
 1.58377 1.59151 1.59546 1.60341 1.62771 1.63701 1.64526 1.65346 1.65406 1.66068
 1.66693 1.67826 1.68633 1.71520 1.73258 1.73764 1.74258 1.74667 1.76088 1.77738
 1.78256 1.79671 1.80224 1.80915 1.81869 1.83390 1.84681 1.85957 1.85975 1.86493
 1.87349 1.88025 1.89913 1.91313 1.93430 1.94474 1.95563 1.97075 1.98344 1.98791
 2.00280 2.01895 2.02540 2.04248 2.04711 2.05795 2.06455 2.07835 2.08642 2.10582
 2.11939 2.14447 2.15106 2.15688 2.17034 2.17915 2.19583 2.22854 2.24127 2.25979
 2.26972 2.28142 2.29355 2.31351 2.32641 2.33394 2.34159 2.35639 2.36521 2.36900
 2.38045 2.38711 2.39475 2.44778 2.46047 2.48999 2.50819 2.54744 2.55455 2.56112
 2.58560 2.59652 2.61004 2.63542 2.65570 2.67563 2.67845 2.72832 2.83600 2.86928
 2.94019 2.95255 2.96533 2.99203 3.02375 3.08105 3.17026 3.18844 3.19853 3.22460
 3.26949 3.28766 3.29885 3.30208 3.31904 3.31943 3.32391 3.35320 3.36761 3.36810
 3.37608 3.37783 3.41548 3.44496 3.51757 3.56052 3.57044 3.62401 3.75247 3.84110
 3.89066 3.91585 4.27356 4.30350 4.30722
 Occupations:
 1.00000 1.00000 1.00000 1.00000 1.00000 1.00000 1.00000 1.00000 1.00000 1.00000
 1.00000 1.00000 1.00000 1.00000 1.00000 1.00000 1.00000 1.00000 1.00000 1.00000
 1.00000 1.00000 1.00000 1.00000 1.00000 1.00000 1.00000 1.00000 1.00000 1.00000
 1.00000 1.00000 1.00000 1.00000 1.00000 1.00000 1.00000 1.00000 1.00000 1.00000
 1.00000 1.00000 1.00000 1.00000 1.00000 1.00000 1.00000 1.00000 1.00000 1.00000
 1.00000 1.00000 1.00000 1.00000 1.00000 1.00000 1.00000 1.00000 1.00000 1.00000
 1.00000 1.00000 1.00000 1.00000 1.00000 1.00000 0.99999 0.00000 0.00000 0.00000
 0.00000 0.00000 0.00000 0.00000 0.00000 0.00000 0.00000 0.00000 0.00000 0.00000
 0.00000 0.00000 0.00000 0.00000 0.00000 0.00000 0.00000 0.00000 0.00000 0.00000
 0.00000 0.00000 0.00000 0.00000 0.00000 0.00000 0.00000 0.00000 0.00000 0.00000
 0.00000 0.00000 0.00000 0.00000 0.00000 0.00000 0.00000 0.00000 0.00000 0.00000
 0.00000 0.00000 0.00000 0.00000 0.00000 0.00000 0.00000 0.00000 0.00000 0.00000
 0.00000 0.00000 0.00000 0.00000 0.00000 0.00000 0.00000 0.00000 0.00000 0.00000
 0.00000 0.00000 0.00000 0.00000 0.00000 0.00000 0.00000 0.00000 0.00000 0.00000
 0.00000 0.00000 0.00000 0.00000 0.00000 0.00000 0.00000 0.00000 0.00000 0.00000
 0.00000 0.00000 0.00000 0.00000 0.00000 0.00000 0.00000 0.00000 0.00000 0.00000
 0.00000 0.00000 0.00000 0.00000 0.00000 0.00000 0.00000 0.00000 0.00000 0.00000
 0.00000 0.00000 0.00000 0.00000 0.00000 0.00000 0.00000 0.00000 0.00000 0.00000
 0.00000 0.00000 0.00000 0.00000 0.00000 0.00000 0.00000 0.00000 0.00000 0.00000
 0.00000 0.00000 0.00000 0.00000 0.00000 0.00000 0.00000 0.00000 0.00000 0.00000
 0.00000 0.00000 0.00000 0.00000 0.00000 0.00000 0.00000 0.00000 0.00000 0.00000
 0.00000 0.00000 0.00000 0.00000 0.00000 0.00000 0.00000 0.00000 0.00000 0.00000
 0.00000 0.00000 0.00000 0.00000 0.00000 0.00000 0.00000 0.00000 0.00000 0.00000
 0.00000 0.00000 0.00000 0.00000 0.00000 0.00000 0.00000 0.00000 0.00000 0.00000
 0.00000 0.00000 0.00000 0.00000 0.00000 0.00000 0.00000 0.00000 0.00000 0.00000
 0.00000 0.00000 0.00000 0.00000 0.00000 0.00000 0.00000 0.00000 0.00000 0.00000
 0.00000 0.00000 0.00000 0.00000 0.00000 0.00000 0.00000 0.00000 0.00000 0.00000
 0.00000 0.00000 0.00000 0.00000 0.00000 0.00000 0.00000 0.00000 0.00000 0.00000
 0.00000 0.00000 0.00000 0.00000 0.00000 0.00000 0.00000 0.00000 0.00000 0.00000
 0.00000 0.00000 0.00000 0.00000 0.00000 0.00000 0.00000 0.00000 0.00000 0.00000
 0.00000 0.00000 0.00000 0.00000 0.00000
 == 21-th k-point orbital energies
 Spin up:
 -0.30232 -0.29976 -0.25970 -0.24827 -0.24102 -0.22506 -0.21490 -0.20752 -0.20690 -0.20650
 -0.20578 -0.19767 -0.19719 -0.19601 -0.19480 -0.19031 -0.18852 -0.18785 -0.18735 -0.18456
 -0.18308 -0.18053 -0.17790 -0.17578 -0.17391 -0.17292 -0.17207 -0.17117 -0.17044 -0.16822
 -0.16648 -0.16450 -0.16291 -0.16154 -0.16002 -0.15923 -0.15733 -0.15694 -0.15606 -0.15350
 -0.15200 -0.14757 -0.14494 -0.14344 -0.14119 -0.13980 -0.13904 -0.13779 -0.13716 -0.13491
 -0.13239 -0.13129 -0.12929 -0.12911 -0.12742 -0.12633 -0.12562 -0.12269 -0.12120 -0.12088
 -0.12016 -0.11849 -0.11791 -0.11602 -0.10477 -0.09011 -0.07065 -0.04080 -0.00888 0.01813
 0.02721 0.06004 0.07170 0.10433 0.12204 0.12969 0.15886 0.18621 0.20263 0.22533
 0.23822 0.26595 0.28299 0.31258 0.33356 0.34320 0.36030 0.37878 0.38425 0.39160
 0.41176 0.42009 0.43095 0.44444 0.44737 0.46969 0.47067 0.48021 0.49715 0.49781
 0.54604 0.55261 0.57437 0.57680 0.58154 0.59407 0.61449 0.61943 0.63854 0.66170
 0.67480 0.68452 0.71184 0.71612 0.73938 0.75931 0.76413 0.77753 0.78801 0.81853
 0.84598 0.86014 0.86849 0.86974 0.90724 0.92542 0.93583 0.95071 0.97012 0.98036
 0.98554 1.00740 1.02036 1.03917 1.04349 1.05676 1.06700 1.08722 1.10677 1.11454
 1.12650 1.13101 1.15237 1.17354 1.17940 1.18624 1.21144 1.21563 1.24489 1.25154
 1.25440 1.27570 1.27729 1.29834 1.30786 1.32437 1.32883 1.34164 1.34478 1.39268
 1.41127 1.41620 1.42963 1.43395 1.44049 1.44160 1.45389 1.45965 1.46386 1.47061
 1.49145 1.50632 1.52160 1.52764 1.53380 1.54740 1.55784 1.56463 1.56779 1.57215
 1.58377 1.59151 1.59546 1.60341 1.62771 1.63701 1.64526 1.65346 1.65406 1.66068
 1.66693 1.67826 1.68634 1.71520 1.73258 1.73764 1.74258 1.74667 1.76088 1.77738
 1.78256 1.79671 1.80224 1.80915 1.81869 1.83390 1.84681 1.85957 1.85975 1.86493
 1.87349 1.88025 1.89913 1.91313 1.93430 1.94474 1.95563 1.97075 1.98344 1.98791
 2.00280 2.01895 2.02540 2.04248 2.04711 2.05795 2.06455 2.07835 2.08642 2.10582
 2.11939 2.14447 2.15106 2.15688 2.17034 2.17915 2.19583 2.22854 2.24127 2.25979
 2.26972 2.28142 2.29355 2.31351 2.32641 2.33394 2.34159 2.35639 2.36521 2.36900
 2.38045 2.38711 2.39475 2.44778 2.46047 2.48999 2.50819 2.54744 2.55455 2.56112
 2.58560 2.59652 2.61004 2.63542 2.65570 2.67563 2.67845 2.72831 2.83600 2.86928
 2.94019 2.95255 2.96533 2.99203 3.02375 3.08105 3.17026 3.18844 3.19852 3.22460
 3.26949 3.28766 3.29885 3.30208 3.31904 3.31943 3.32391 3.35320 3.36761 3.36811
 3.37608 3.37783 3.41548 3.44496 3.51757 3.56052 3.57044 3.62401 3.75247 3.84110
 3.89066 3.91585 4.27356 4.30350 4.30722
 Occupations: 
 1.00000 1.00000 1.00000 1.00000 1.00000 1.00000 1.00000 1.00000 1.00000 1.00000
 1.00000 1.00000 1.00000 1.00000 1.00000 1.00000 1.00000 1.00000 1.00000 1.00000
 1.00000 1.00000 1.00000 1.00000 1.00000 1.00000 1.00000 1.00000 1.00000 1.00000
 1.00000 1.00000 1.00000 1.00000 1.00000 1.00000 1.00000 1.00000 1.00000 1.00000
 1.00000 1.00000 1.00000 1.00000 1.00000 1.00000 1.00000 1.00000 1.00000 1.00000
 1.00000 1.00000 1.00000 1.00000 1.00000 1.00000 1.00000 1.00000 1.00000 1.00000
 1.00000 1.00000 1.00000 1.00000 1.00000 1.00000 0.99999 0.00000 0.00000 0.00000
 0.00000 0.00000 0.00000 0.00000 0.00000 0.00000 0.00000 0.00000 0.00000 0.00000
 0.00000 0.00000 0.00000 0.00000 0.00000 0.00000 0.00000 0.00000 0.00000 0.00000
 0.00000 0.00000 0.00000 0.00000 0.00000 0.00000 0.00000 0.00000 0.00000 0.00000
 0.00000 0.00000 0.00000 0.00000 0.00000 0.00000 0.00000 0.00000 0.00000 0.00000
 0.00000 0.00000 0.00000 0.00000 0.00000 0.00000 0.00000 0.00000 0.00000 0.00000
 0.00000 0.00000 0.00000 0.00000 0.00000 0.00000 0.00000 0.00000 0.00000 0.00000
 0.00000 0.00000 0.00000 0.00000 0.00000 0.00000 0.00000 0.00000 0.00000 0.00000
 0.00000 0.00000 0.00000 0.00000 0.00000 0.00000 0.00000 0.00000 0.00000 0.00000
 0.00000 0.00000 0.00000 0.00000 0.00000 0.00000 0.00000 0.00000 0.00000 0.00000
 0.00000 0.00000 0.00000 0.00000 0.00000 0.00000 0.00000 0.00000 0.00000 0.00000
 0.00000 0.00000 0.00000 0.00000 0.00000 0.00000 0.00000 0.00000 0.00000 0.00000
 0.00000 0.00000 0.00000 0.00000 0.00000 0.00000 0.00000 0.00000 0.00000 0.00000
 0.00000 0.00000 0.00000 0.00000 0.00000 0.00000 0.00000 0.00000 0.00000 0.00000
 0.00000 0.00000 0.00000 0.00000 0.00000 0.00000 0.00000 0.00000 0.00000 0.00000
 0.00000 0.00000 0.00000 0.00000 0.00000 0.00000 0.00000 0.00000 0.00000 0.00000
 0.00000 0.00000 0.00000 0.00000 0.00000 0.00000 0.00000 0.00000 0.00000 0.00000
 0.00000 0.00000 0.00000 0.00000 0.00000 0.00000 0.00000 0.00000 0.00000 0.00000
 0.00000 0.00000 0.00000 0.00000 0.00000 0.00000 0.00000 0.00000 0.00000 0.00000
 0.00000 0.00000 0.00000 0.00000 0.00000 0.00000 0.00000 0.00000 0.00000 0.00000
 0.00000 0.00000 0.00000 0.00000 0.00000 0.00000 0.00000 0.00000 0.00000 0.00000
 0.00000 0.00000 0.00000 0.00000 0.00000 0.00000 0.00000 0.00000 0.00000 0.00000
 0.00000 0.00000 0.00000 0.00000 0.00000 0.00000 0.00000 0.00000 0.00000 0.00000
 0.00000 0.00000 0.00000 0.00000 0.00000 0.00000 0.00000 0.00000 0.00000 0.00000
 0.00000 0.00000 0.00000 0.00000 0.00000
 Spin down:
 -0.30232 -0.29976 -0.25970 -0.24827 -0.24102 -0.22506 -0.21490 -0.20752 -0.20690 -0.20650
 -0.20578 -0.19767 -0.19719 -0.19601 -0.19480 -0.19031 -0.18852 -0.18785 -0.18735 -0.18456
 -0.18308 -0.18053 -0.17790 -0.17578 -0.17391 -0.17292 -0.17207 -0.17117 -0.17044 -0.16822
 -0.16648 -0.16450 -0.16291 -0.16154 -0.16002 -0.15923 -0.15733 -0.15694 -0.15606 -0.15350
 -0.15200 -0.14757 -0.14494 -0.14344 -0.14119 -0.13980 -0.13904 -0.13779 -0.13716 -0.13491
 -0.13239 -0.13129 -0.12929 -0.12911 -0.12742 -0.12633 -0.12562 -0.12269 -0.12120 -0.12088
 -0.12016 -0.11849 -0.11791 -0.11602 -0.10477 -0.09011 -0.07065 -0.04080 -0.00888 0.01813
 0.02721 0.06004 0.07170 0.10433 0.12204 0.12969 0.15886 0.18621 0.20263 0.22533
 0.23822 0.26595 0.28299 0.31258 0.33356 0.34320 0.36030 0.37878 0.38425 0.39160
 0.41176 0.42009 0.43095 0.44444 0.44737 0.46969 0.47067 0.48021 0.49715 0.49781
 0.54604 0.55261 0.57437 0.57680 0.58154 0.59407 0.61449 0.61943 0.63854 0.66170
 0.67480 0.68452 0.71184 0.71612 0.73938 0.75931 0.76413 0.77753 0.78801 0.81853
 0.84598 0.86014 0.86849 0.86974 0.90724 0.92542 0.93583 0.95071 0.97012 0.98036
 0.98554 1.00740 1.02036 1.03917 1.04349 1.05676 1.06700 1.08722 1.10677 1.11454
 1.12650 1.13101 1.15237 1.17354 1.17940 1.18624 1.21144 1.21563 1.24489 1.25154
 1.25440 1.27570 1.27729 1.29834 1.30786 1.32437 1.32883 1.34164 1.34478 1.39268
 1.41127 1.41620 1.42963 1.43395 1.44049 1.44160 1.45389 1.45965 1.46386 1.47061
 1.49145 1.50632 1.52160 1.52764 1.53380 1.54740 1.55784 1.56463 1.56779 1.57215
 1.58377 1.59151 1.59546 1.60341 1.62771 1.63701 1.64526 1.65346 1.65406 1.66068
 1.66693 1.67826 1.68634 1.71520 1.73258 1.73764 1.74258 1.74667 1.76088 1.77738
 1.78256 1.79671 1.80224 1.80915 1.81869 1.83390 1.84681 1.85957 1.85975 1.86493
 1.87349 1.88025 1.89913 1.91313 1.93430 1.94474 1.95563 1.97075 1.98344 1.98791
 2.00280 2.01895 2.02540 2.04248 2.04711 2.05795 2.06455 2.07835 2.08642 2.10582
 2.11939 2.14447 2.15106 2.15688 2.17034 2.17915 2.19583 2.22854 2.24127 2.25979
 2.26972 2.28142 2.29355 2.31351 2.32641 2.33394 2.34159 2.35639 2.36521 2.36900
 2.38045 2.38711 2.39475 2.44778 2.46047 2.48999 2.50819 2.54744 2.55455 2.56112
 2.58560 2.59652 2.61004 2.63542 2.65570 2.67563 2.67845 2.72831 2.83600 2.86928
 2.94019 2.95255 2.96533 2.99203 3.02375 3.08105 3.17026 3.18844 3.19852 3.22460
 3.26949 3.28766 3.29885 3.30208 3.31904 3.31943 3.32391 3.35320 3.36761 3.36811
 3.37608 3.37783 3.41548 3.44496 3.51757 3.56052 3.57044 3.62401 3.75247 3.84110
 3.89066 3.91585 4.27356 4.30350 4.30722
 Occupations:
 1.00000 1.00000 1.00000 1.00000 1.00000 1.00000 1.00000 1.00000 1.00000 1.00000
 1.00000 1.00000 1.00000 1.00000 1.00000 1.00000 1.00000 1.00000 1.00000 1.00000
 1.00000 1.00000 1.00000 1.00000 1.00000 1.00000 1.00000 1.00000 1.00000 1.00000
 1.00000 1.00000 1.00000 1.00000 1.00000 1.00000 1.00000 1.00000 1.00000 1.00000
 1.00000 1.00000 1.00000 1.00000 1.00000 1.00000 1.00000 1.00000 1.00000 1.00000
 1.00000 1.00000 1.00000 1.00000 1.00000 1.00000 1.00000 1.00000 1.00000 1.00000
 1.00000 1.00000 1.00000 1.00000 1.00000 1.00000 0.99999 0.00000 0.00000 0.00000
 0.00000 0.00000 0.00000 0.00000 0.00000 0.00000 0.00000 0.00000 0.00000 0.00000
 0.00000 0.00000 0.00000 0.00000 0.00000 0.00000 0.00000 0.00000 0.00000 0.00000
 0.00000 0.00000 0.00000 0.00000 0.00000 0.00000 0.00000 0.00000 0.00000 0.00000
 0.00000 0.00000 0.00000 0.00000 0.00000 0.00000 0.00000 0.00000 0.00000 0.00000
 0.00000 0.00000 0.00000 0.00000 0.00000 0.00000 0.00000 0.00000 0.00000 0.00000
 0.00000 0.00000 0.00000 0.00000 0.00000 0.00000 0.00000 0.00000 0.00000 0.00000
 0.00000 0.00000 0.00000 0.00000 0.00000 0.00000 0.00000 0.00000 0.00000 0.00000
 0.00000 0.00000 0.00000 0.00000 0.00000 0.00000 0.00000 0.00000 0.00000 0.00000
 0.00000 0.00000 0.00000 0.00000 0.00000 0.00000 0.00000 0.00000 0.00000 0.00000
 0.00000 0.00000 0.00000 0.00000 0.00000 0.00000 0.00000 0.00000 0.00000 0.00000
 0.00000 0.00000 0.00000 0.00000 0.00000 0.00000 0.00000 0.00000 0.00000 0.00000
 0.00000 0.00000 0.00000 0.00000 0.00000 0.00000 0.00000 0.00000 0.00000 0.00000
 0.00000 0.00000 0.00000 0.00000 0.00000 0.00000 0.00000 0.00000 0.00000 0.00000
 0.00000 0.00000 0.00000 0.00000 0.00000 0.00000 0.00000 0.00000 0.00000 0.00000
 0.00000 0.00000 0.00000 0.00000 0.00000 0.00000 0.00000 0.00000 0.00000 0.00000
 0.00000 0.00000 0.00000 0.00000 0.00000 0.00000 0.00000 0.00000 0.00000 0.00000
 0.00000 0.00000 0.00000 0.00000 0.00000 0.00000 0.00000 0.00000 0.00000 0.00000
 0.00000 0.00000 0.00000 0.00000 0.00000 0.00000 0.00000 0.00000 0.00000 0.00000
 0.00000 0.00000 0.00000 0.00000 0.00000 0.00000 0.00000 0.00000 0.00000 0.00000
 0.00000 0.00000 0.00000 0.00000 0.00000 0.00000 0.00000 0.00000 0.00000 0.00000
 0.00000 0.00000 0.00000 0.00000 0.00000 0.00000 0.00000 0.00000 0.00000 0.00000
 0.00000 0.00000 0.00000 0.00000 0.00000 0.00000 0.00000 0.00000 0.00000 0.00000
 0.00000 0.00000 0.00000 0.00000 0.00000 0.00000 0.00000 0.00000 0.00000 0.00000
 0.00000 0.00000 0.00000 0.00000 0.00000
 == 22-th k-point orbital energies
 Spin up:
 -0.33143 -0.28426 -0.26743 -0.23898 -0.22741 -0.22492 -0.22106 -0.21945 -0.21540 -0.21105
 -0.20804 -0.20268 -0.20070 -0.19643 -0.19589 -0.19309 -0.18715 -0.18623 -0.18419 -0.18335
 -0.18099 -0.18056 -0.17747 -0.17263 -0.17160 -0.16828 -0.16810 -0.16701 -0.16525 -0.16325
 -0.16181 -0.16027 -0.15897 -0.15790 -0.15725 -0.15607 -0.15580 -0.15404 -0.15296 -0.15227
 -0.15218 -0.14993 -0.14374 -0.14318 -0.14260 -0.14115 -0.14026 -0.13891 -0.13570 -0.13484
 -0.13388 -0.13328 -0.12917 -0.12850 -0.12829 -0.12786 -0.12676 -0.12324 -0.12068 -0.11851
 -0.11818 -0.11783 -0.11518 -0.11486 -0.08782 -0.06032 -0.05910 -0.04559 -0.01917 -0.01630
 -0.00118 0.04655 0.07395 0.08055 0.12927 0.17028 0.17307 0.19885 0.21202 0.22822
 0.24587 0.25460 0.26985 0.27555 0.29813 0.31419 0.32684 0.33972 0.37789 0.39881
 0.40596 0.40810 0.41449 0.41970 0.48498 0.48856 0.50289 0.51508 0.52844 0.53148
 0.54300 0.54325 0.57382 0.60445 0.60783 0.61833 0.61904 0.63346 0.65032 0.66670
 0.67121 0.68062 0.69458 0.72050 0.74647 0.77103 0.77787 0.78359 0.78525 0.82027
 0.82080 0.82912 0.85152 0.87562 0.88559 0.92153 0.93714 0.93864 0.95271 0.96705
 0.97388 1.01530 1.01755 1.03143 1.06940 1.07875 1.09880 1.10601 1.12386 1.12490
 1.14137 1.14893 1.15820 1.16483 1.17338 1.18686 1.23118 1.23844 1.25386 1.26627
 1.27175 1.27597 1.29537 1.30428 1.31341 1.31520 1.32758 1.33739 1.34755 1.35071
 1.35935 1.37477 1.38012 1.38797 1.39314 1.39878 1.41297 1.42803 1.43370 1.45377
 1.46414 1.47119 1.48174 1.49993 1.50555 1.52172 1.53131 1.53394 1.56392 1.57835
 1.59491 1.60264 1.61748 1.62043 1.63112 1.63969 1.66782 1.67545 1.69361 1.69402
 1.69933 1.71375 1.71632 1.73399 1.73526 1.75895 1.79375 1.79803 1.80397 1.81279
 1.82605 1.83726 1.84358 1.84731 1.85143 1.86721 1.88494 1.88825 1.89827 1.90216
 1.92068 1.95257 1.95692 1.96658 1.97597 1.98441 1.98877 1.99457 2.01270 2.02197
 2.03132 2.04331 2.05075 2.06593 2.07164 2.10703 2.12072 2.12294 2.12908 2.13590
 2.14026 2.14293 2.15635 2.15971 2.17499 2.20202 2.20964 2.21966 2.22460 2.22673
 2.25402 2.26003 2.26651 2.27704 2.29568 2.30502 2.31068 2.33155 2.35182 2.36021
 2.37983 2.41903 2.42808 2.46815 2.47201 2.50441 2.52058 2.54816 2.57686 2.59528
 2.62784 2.63298 2.65561 2.66663 2.70157 2.70583 2.73361 2.73852 2.75153 2.77124
 2.81667 2.83597 2.85869 2.90327 3.06686 3.07347 3.11669 3.11840 3.20673 3.21474
 3.22506 3.24071 3.29977 3.30803 3.33020 3.33383 3.38654 3.38996 3.41401 3.41719
 3.42444 3.42918 3.43428 3.45050 3.50307 3.52676 3.54556 3.60393 3.78603 3.83751
 3.97752 4.05972 4.07629 4.29295 4.30201
 Occupations: 
 1.00000 1.00000 1.00000 1.00000 1.00000 1.00000 1.00000 1.00000 1.00000 1.00000
 1.00000 1.00000 1.00000 1.00000 1.00000 1.00000 1.00000 1.00000 1.00000 1.00000
 1.00000 1.00000 1.00000 1.00000 1.00000 1.00000 1.00000 1.00000 1.00000 1.00000
 1.00000 1.00000 1.00000 1.00000 1.00000 1.00000 1.00000 1.00000 1.00000 1.00000
 1.00000 1.00000 1.00000 1.00000 1.00000 1.00000 1.00000 1.00000 1.00000 1.00000
 1.00000 1.00000 1.00000 1.00000 1.00000 1.00000 1.00000 1.00000 1.00000 1.00000
 1.00000 1.00000 1.00000 1.00000 1.00000 0.70231 0.40976 0.00000 0.00000 0.00000
 0.00000 0.00000 0.00000 0.00000 0.00000 0.00000 0.00000 0.00000 0.00000 0.00000
 0.00000 0.00000 0.00000 0.00000 0.00000 0.00000 0.00000 0.00000 0.00000 0.00000
 0.00000 0.00000 0.00000 0.00000 0.00000 0.00000 0.00000 0.00000 0.00000 0.00000
 0.00000 0.00000 0.00000 0.00000 0.00000 0.00000 0.00000 0.00000 0.00000 0.00000
 0.00000 0.00000 0.00000 0.00000 0.00000 0.00000 0.00000 0.00000 0.00000 0.00000
 0.00000 0.00000 0.00000 0.00000 0.00000 0.00000 0.00000 0.00000 0.00000 0.00000
 0.00000 0.00000 0.00000 0.00000 0.00000 0.00000 0.00000 0.00000 0.00000 0.00000
 0.00000 0.00000 0.00000 0.00000 0.00000 0.00000 0.00000 0.00000 0.00000 0.00000
 0.00000 0.00000 0.00000 0.00000 0.00000 0.00000 0.00000 0.00000 0.00000 0.00000
 0.00000 0.00000 0.00000 0.00000 0.00000 0.00000 0.00000 0.00000 0.00000 0.00000
 0.00000 0.00000 0.00000 0.00000 0.00000 0.00000 0.00000 0.00000 0.00000 0.00000
 0.00000 0.00000 0.00000 0.00000 0.00000 0.00000 0.00000 0.00000 0.00000 0.00000
 0.00000 0.00000 0.00000 0.00000 0.00000 0.00000 0.00000 0.00000 0.00000 0.00000
 0.00000 0.00000 0.00000 0.00000 0.00000 0.00000 0.00000 0.00000 0.00000 0.00000
 0.00000 0.00000 0.00000 0.00000 0.00000 0.00000 0.00000 0.00000 0.00000 0.00000
 0.00000 0.00000 0.00000 0.00000 0.00000 0.00000 0.00000 0.00000 0.00000 0.00000
 0.00000 0.00000 0.00000 0.00000 0.00000 0.00000 0.00000 0.00000 0.00000 0.00000
 0.00000 0.00000 0.00000 0.00000 0.00000 0.00000 0.00000 0.00000 0.00000 0.00000
 0.00000 0.00000 0.00000 0.00000 0.00000 0.00000 0.00000 0.00000 0.00000 0.00000
 0.00000 0.00000 0.00000 0.00000 0.00000 0.00000 0.00000 0.00000 0.00000 0.00000
 0.00000 0.00000 0.00000 0.00000 0.00000 0.00000 0.00000 0.00000 0.00000 0.00000
 0.00000 0.00000 0.00000 0.00000 0.00000 0.00000 0.00000 0.00000 0.00000 0.00000
 0.00000 0.00000 0.00000 0.00000 0.00000 0.00000 0.00000 0.00000 0.00000 0.00000
 0.00000 0.00000 0.00000 0.00000 0.00000
 Spin down:
 -0.33143 -0.28426 -0.26743 -0.23898 -0.22741 -0.22492 -0.22106 -0.21945 -0.21540 -0.21105
 -0.20804 -0.20268 -0.20070 -0.19643 -0.19589 -0.19309 -0.18715 -0.18623 -0.18419 -0.18335
 -0.18099 -0.18056 -0.17747 -0.17263 -0.17160 -0.16828 -0.16810 -0.16701 -0.16525 -0.16325
 -0.16181 -0.16027 -0.15897 -0.15790 -0.15725 -0.15607 -0.15580 -0.15404 -0.15296 -0.15227
 -0.15218 -0.14993 -0.14374 -0.14318 -0.14260 -0.14115 -0.14026 -0.13891 -0.13570 -0.13484
 -0.13388 -0.13328 -0.12917 -0.12850 -0.12829 -0.12786 -0.12676 -0.12324 -0.12068 -0.11851
 -0.11818 -0.11783 -0.11518 -0.11486 -0.08782 -0.06032 -0.05910 -0.04559 -0.01917 -0.01630
 -0.00118 0.04655 0.07395 0.08055 0.12927 0.17028 0.17307 0.19885 0.21202 0.22822
 0.24587 0.25460 0.26985 0.27555 0.29813 0.31419 0.32684 0.33972 0.37789 0.39881
 0.40596 0.40810 0.41449 0.41970 0.48498 0.48856 0.50289 0.51508 0.52844 0.53148
 0.54300 0.54325 0.57382 0.60445 0.60783 0.61833 0.61904 0.63346 0.65032 0.66670
 0.67121 0.68062 0.69458 0.72050 0.74647 0.77103 0.77787 0.78359 0.78525 0.82027
 0.82080 0.82912 0.85152 0.87562 0.88559 0.92153 0.93714 0.93864 0.95271 0.96705
 0.97388 1.01530 1.01755 1.03143 1.06940 1.07875 1.09880 1.10601 1.12386 1.12490
 1.14137 1.14893 1.15820 1.16483 1.17338 1.18686 1.23118 1.23844 1.25386 1.26627
 1.27175 1.27597 1.29537 1.30428 1.31341 1.31520 1.32758 1.33739 1.34755 1.35071
 1.35935 1.37477 1.38012 1.38797 1.39314 1.39878 1.41297 1.42803 1.43370 1.45377
 1.46414 1.47119 1.48174 1.49993 1.50555 1.52172 1.53131 1.53394 1.56392 1.57835
 1.59491 1.60264 1.61748 1.62043 1.63112 1.63969 1.66782 1.67545 1.69361 1.69402
 1.69933 1.71375 1.71632 1.73399 1.73526 1.75895 1.79375 1.79803 1.80397 1.81279
 1.82605 1.83726 1.84358 1.84731 1.85143 1.86721 1.88494 1.88825 1.89827 1.90216
 1.92068 1.95257 1.95692 1.96658 1.97597 1.98441 1.98877 1.99457 2.01270 2.02197
 2.03132 2.04331 2.05075 2.06593 2.07164 2.10703 2.12072 2.12294 2.12908 2.13590
 2.14026 2.14293 2.15635 2.15971 2.17499 2.20202 2.20964 2.21966 2.22460 2.22673
 2.25402 2.26003 2.26651 2.27704 2.29568 2.30502 2.31068 2.33155 2.35182 2.36021
 2.37983 2.41903 2.42808 2.46815 2.47201 2.50441 2.52058 2.54816 2.57686 2.59528
 2.62784 2.63298 2.65561 2.66663 2.70157 2.70583 2.73361 2.73852 2.75153 2.77124
 2.81667 2.83597 2.85869 2.90327 3.06686 3.07347 3.11669 3.11840 3.20673 3.21474
 3.22506 3.24071 3.29977 3.30803 3.33020 3.33383 3.38654 3.38996 3.41401 3.41719
 3.42444 3.42918 3.43428 3.45050 3.50307 3.52676 3.54556 3.60393 3.78603 3.83751
 3.97752 4.05972 4.07629 4.29295 4.30201
 Occupations:
 1.00000 1.00000 1.00000 1.00000 1.00000 1.00000 1.00000 1.00000 1.00000 1.00000
 1.00000 1.00000 1.00000 1.00000 1.00000 1.00000 1.00000 1.00000 1.00000 1.00000
 1.00000 1.00000 1.00000 1.00000 1.00000 1.00000 1.00000 1.00000 1.00000 1.00000
 1.00000 1.00000 1.00000 1.00000 1.00000 1.00000 1.00000 1.00000 1.00000 1.00000
 1.00000 1.00000 1.00000 1.00000 1.00000 1.00000 1.00000 1.00000 1.00000 1.00000
 1.00000 1.00000 1.00000 1.00000 1.00000 1.00000 1.00000 1.00000 1.00000 1.00000
 1.00000 1.00000 1.00000 1.00000 1.00000 0.70233 0.40981 0.00000 0.00000 0.00000
 0.00000 0.00000 0.00000 0.00000 0.00000 0.00000 0.00000 0.00000 0.00000 0.00000
 0.00000 0.00000 0.00000 0.00000 0.00000 0.00000 0.00000 0.00000 0.00000 0.00000
 0.00000 0.00000 0.00000 0.00000 0.00000 0.00000 0.00000 0.00000 0.00000 0.00000
 0.00000 0.00000 0.00000 0.00000 0.00000 0.00000 0.00000 0.00000 0.00000 0.00000
 0.00000 0.00000 0.00000 0.00000 0.00000 0.00000 0.00000 0.00000 0.00000 0.00000
 0.00000 0.00000 0.00000 0.00000 0.00000 0.00000 0.00000 0.00000 0.00000 0.00000
 0.00000 0.00000 0.00000 0.00000 0.00000 0.00000 0.00000 0.00000 0.00000 0.00000
 0.00000 0.00000 0.00000 0.00000 0.00000 0.00000 0.00000 0.00000 0.00000 0.00000
 0.00000 0.00000 0.00000 0.00000 0.00000 0.00000 0.00000 0.00000 0.00000 0.00000
 0.00000 0.00000 0.00000 0.00000 0.00000 0.00000 0.00000 0.00000 0.00000 0.00000
 0.00000 0.00000 0.00000 0.00000 0.00000 0.00000 0.00000 0.00000 0.00000 0.00000
 0.00000 0.00000 0.00000 0.00000 0.00000 0.00000 0.00000 0.00000 0.00000 0.00000
 0.00000 0.00000 0.00000 0.00000 0.00000 0.00000 0.00000 0.00000 0.00000 0.00000
 0.00000 0.00000 0.00000 0.00000 0.00000 0.00000 0.00000 0.00000 0.00000 0.00000
 0.00000 0.00000 0.00000 0.00000 0.00000 0.00000 0.00000 0.00000 0.00000 0.00000
 0.00000 0.00000 0.00000 0.00000 0.00000 0.00000 0.00000 0.00000 0.00000 0.00000
 0.00000 0.00000 0.00000 0.00000 0.00000 0.00000 0.00000 0.00000 0.00000 0.00000
 0.00000 0.00000 0.00000 0.00000 0.00000 0.00000 0.00000 0.00000 0.00000 0.00000
 0.00000 0.00000 0.00000 0.00000 0.00000 0.00000 0.00000 0.00000 0.00000 0.00000
 0.00000 0.00000 0.00000 0.00000 0.00000 0.00000 0.00000 0.00000 0.00000 0.00000
 0.00000 0.00000 0.00000 0.00000 0.00000 0.00000 0.00000 0.00000 0.00000 0.00000
 0.00000 0.00000 0.00000 0.00000 0.00000 0.00000 0.00000 0.00000 0.00000 0.00000
 0.00000 0.00000 0.00000 0.00000 0.00000 0.00000 0.00000 0.00000 0.00000 0.00000
 0.00000 0.00000 0.00000 0.00000 0.00000
 == 23-th k-point orbital energies
 Spin up:
 -0.34214 -0.27678 -0.25597 -0.25369 -0.23151 -0.22617 -0.22510 -0.21837 -0.21705 -0.21016
 -0.20665 -0.20516 -0.20297 -0.19834 -0.19788 -0.19620 -0.18851 -0.18794 -0.18459 -0.18095
 -0.17818 -0.17626 -0.17455 -0.17436 -0.17126 -0.16929 -0.16746 -0.16551 -0.16422 -0.16379
 -0.16295 -0.16210 -0.16024 -0.15780 -0.15653 -0.15471 -0.15268 -0.15105 -0.14946 -0.14845
 -0.14616 -0.14578 -0.14505 -0.14302 -0.14185 -0.14085 -0.13803 -0.13604 -0.13555 -0.13439
 -0.13181 -0.13064 -0.12807 -0.12674 -0.12404 -0.12335 -0.12163 -0.12102 -0.12012 -0.11935
 -0.11896 -0.11753 -0.10748 -0.10712 -0.10078 -0.08321 -0.07983 -0.03738 0.00594 0.00775
 0.01207 0.03206 0.05795 0.07222 0.13595 0.13854 0.16098 0.18937 0.20889 0.21863
 0.21968 0.25063 0.28080 0.28122 0.29297 0.31926 0.34556 0.35128 0.37195 0.37737
 0.40217 0.40927 0.42418 0.43795 0.48208 0.49390 0.50845 0.51171 0.51953 0.54330
 0.54409 0.56246 0.57990 0.58305 0.59621 0.62598 0.63302 0.63745 0.64922 0.67286
 0.68305 0.68465 0.70687 0.73371 0.74150 0.79537 0.79902 0.80967 0.81343 0.82128
 0.83156 0.83869 0.86495 0.87567 0.88367 0.91008 0.91925 0.92100 0.93818 0.94242
 0.96939 0.99869 1.00381 1.03177 1.04901 1.05950 1.07018 1.08711 1.11209 1.11345
 1.12678 1.14635 1.16555 1.17444 1.17967 1.19188 1.21931 1.22709 1.23261 1.23837
 1.24385 1.25976 1.26328 1.29045 1.29705 1.30638 1.31054 1.32517 1.33636 1.34867
 1.36903 1.38235 1.38869 1.39442 1.41197 1.42596 1.43572 1.43977 1.45010 1.46207
 1.46961 1.47348 1.49062 1.49653 1.49902 1.52595 1.56292 1.58275 1.59004 1.59591
 1.61775 1.63488 1.64207 1.65364 1.66414 1.67313 1.67354 1.68988 1.69826 1.70367
 1.71091 1.72341 1.72984 1.73378 1.75077 1.75689 1.76435 1.79007 1.80617 1.81128
 1.81933 1.82913 1.83738 1.83932 1.84825 1.87321 1.88468 1.89755 1.90498 1.92338
 1.92497 1.94588 1.95720 1.96405 1.97507 1.98329 1.98801 2.00845 2.01846 2.01951
 2.02600 2.03664 2.05153 2.06599 2.08115 2.09767 2.10360 2.12176 2.14141 2.14767
 2.15176 2.16716 2.17265 2.17410 2.18155 2.20224 2.20920 2.21810 2.22900 2.23104
 2.24072 2.25023 2.26258 2.28949 2.30256 2.31079 2.33807 2.36069 2.37335 2.38166
 2.38646 2.39759 2.42850 2.44167 2.46365 2.48709 2.50350 2.53419 2.55582 2.59421
 2.60561 2.63742 2.65989 2.70187 2.71094 2.73007 2.73861 2.75247 2.80384 2.83758
 2.86651 2.90267 2.91938 2.96084 2.99173 3.02212 3.11068 3.18639 3.25514 3.25709
 3.26269 3.30482 3.30910 3.32086 3.32401 3.36055 3.36110 3.36245 3.36577 3.37606
 3.38379 3.39209 3.40134 3.44734 3.47147 3.49717 3.62162 3.65064 3.69619 3.71553
 3.81973 4.00658 4.25424 4.25796 4.29830
 Occupations: 
 1.00000 1.00000 1.00000 1.00000 1.00000 1.00000 1.00000 1.00000 1.00000 1.00000
 1.00000 1.00000 1.00000 1.00000 1.00000 1.00000 1.00000 1.00000 1.00000 1.00000
 1.00000 1.00000 1.00000 1.00000 1.00000 1.00000 1.00000 1.00000 1.00000 1.00000
 1.00000 1.00000 1.00000 1.00000 1.00000 1.00000 1.00000 1.00000 1.00000 1.00000
 1.00000 1.00000 1.00000 1.00000 1.00000 1.00000 1.00000 1.00000 1.00000 1.00000
 1.00000 1.00000 1.00000 1.00000 1.00000 1.00000 1.00000 1.00000 1.00000 1.00000
 1.00000 1.00000 1.00000 1.00000 1.00000 1.00000 1.00000 0.00000 0.00000 0.00000
 0.00000 0.00000 0.00000 0.00000 0.00000 0.00000 0.00000 0.00000 0.00000 0.00000
 0.00000 0.00000 0.00000 0.00000 0.00000 0.00000 0.00000 0.00000 0.00000 0.00000
 0.00000 0.00000 0.00000 0.00000 0.00000 0.00000 0.00000 0.00000 0.00000 0.00000
 0.00000 0.00000 0.00000 0.00000 0.00000 0.00000 0.00000 0.00000 0.00000 0.00000
 0.00000 0.00000 0.00000 0.00000 0.00000 0.00000 0.00000 0.00000 0.00000 0.00000
 0.00000 0.00000 0.00000 0.00000 0.00000 0.00000 0.00000 0.00000 0.00000 0.00000
 0.00000 0.00000 0.00000 0.00000 0.00000 0.00000 0.00000 0.00000 0.00000 0.00000
 0.00000 0.00000 0.00000 0.00000 0.00000 0.00000 0.00000 0.00000 0.00000 0.00000
 0.00000 0.00000 0.00000 0.00000 0.00000 0.00000 0.00000 0.00000 0.00000 0.00000
 0.00000 0.00000 0.00000 0.00000 0.00000 0.00000 0.00000 0.00000 0.00000 0.00000
 0.00000 0.00000 0.00000 0.00000 0.00000 0.00000 0.00000 0.00000 0.00000 0.00000
 0.00000 0.00000 0.00000 0.00000 0.00000 0.00000 0.00000 0.00000 0.00000 0.00000
 0.00000 0.00000 0.00000 0.00000 0.00000 0.00000 0.00000 0.00000 0.00000 0.00000
 0.00000 0.00000 0.00000 0.00000 0.00000 0.00000 0.00000 0.00000 0.00000 0.00000
 0.00000 0.00000 0.00000 0.00000 0.00000 0.00000 0.00000 0.00000 0.00000 0.00000
 0.00000 0.00000 0.00000 0.00000 0.00000 0.00000 0.00000 0.00000 0.00000 0.00000
 0.00000 0.00000 0.00000 0.00000 0.00000 0.00000 0.00000 0.00000 0.00000 0.00000
 0.00000 0.00000 0.00000 0.00000 0.00000 0.00000 0.00000 0.00000 0.00000 0.00000
 0.00000 0.00000 0.00000 0.00000 0.00000 0.00000 0.00000 0.00000 0.00000 0.00000
 0.00000 0.00000 0.00000 0.00000 0.00000 0.00000 0.00000 0.00000 0.00000 0.00000
 0.00000 0.00000 0.00000 0.00000 0.00000 0.00000 0.00000 0.00000 0.00000 0.00000
 0.00000 0.00000 0.00000 0.00000 0.00000 0.00000 0.00000 0.00000 0.00000 0.00000
 0.00000 0.00000 0.00000 0.00000 0.00000 0.00000 0.00000 0.00000 0.00000 0.00000
 0.00000 0.00000 0.00000 0.00000 0.00000
 Spin down:
 -0.34214 -0.27678 -0.25597 -0.25369 -0.23151 -0.22617 -0.22510 -0.21837 -0.21705 -0.21016
 -0.20665 -0.20516 -0.20297 -0.19834 -0.19788 -0.19620 -0.18851 -0.18794 -0.18459 -0.18095
 -0.17818 -0.17626 -0.17455 -0.17436 -0.17126 -0.16929 -0.16746 -0.16551 -0.16422 -0.16379
 -0.16295 -0.16210 -0.16024 -0.15780 -0.15653 -0.15471 -0.15268 -0.15105 -0.14946 -0.14845
 -0.14616 -0.14578 -0.14505 -0.14302 -0.14185 -0.14085 -0.13803 -0.13604 -0.13555 -0.13439
 -0.13181 -0.13064 -0.12807 -0.12674 -0.12404 -0.12335 -0.12163 -0.12102 -0.12012 -0.11935
 -0.11896 -0.11753 -0.10748 -0.10712 -0.10078 -0.08321 -0.07983 -0.03738 0.00594 0.00775
 0.01207 0.03206 0.05795 0.07222 0.13595 0.13854 0.16098 0.18937 0.20889 0.21863
 0.21968 0.25063 0.28080 0.28122 0.29297 0.31926 0.34556 0.35128 0.37195 0.37737
 0.40217 0.40927 0.42418 0.43795 0.48208 0.49390 0.50845 0.51171 0.51953 0.54330
 0.54409 0.56246 0.57990 0.58305 0.59621 0.62598 0.63302 0.63745 0.64922 0.67286
 0.68305 0.68465 0.70687 0.73371 0.74150 0.79537 0.79902 0.80967 0.81343 0.82128
 0.83156 0.83869 0.86495 0.87567 0.88367 0.91008 0.91925 0.92100 0.93818 0.94242
 0.96939 0.99869 1.00381 1.03177 1.04901 1.05950 1.07018 1.08711 1.11209 1.11345
 1.12678 1.14635 1.16555 1.17444 1.17967 1.19188 1.21931 1.22709 1.23261 1.23837
 1.24385 1.25976 1.26328 1.29045 1.29705 1.30638 1.31054 1.32517 1.33636 1.34867
 1.36903 1.38235 1.38869 1.39442 1.41197 1.42596 1.43572 1.43977 1.45010 1.46207
 1.46961 1.47348 1.49062 1.49653 1.49902 1.52595 1.56292 1.58275 1.59004 1.59591
 1.61775 1.63488 1.64207 1.65364 1.66414 1.67313 1.67354 1.68988 1.69826 1.70367
 1.71091 1.72341 1.72984 1.73378 1.75077 1.75689 1.76435 1.79007 1.80617 1.81128
 1.81933 1.82913 1.83738 1.83932 1.84825 1.87321 1.88468 1.89755 1.90498 1.92338
 1.92497 1.94588 1.95720 1.96405 1.97507 1.98329 1.98801 2.00845 2.01846 2.01951
 2.02600 2.03664 2.05153 2.06599 2.08115 2.09767 2.10360 2.12176 2.14141 2.14767
 2.15176 2.16716 2.17265 2.17410 2.18155 2.20224 2.20920 2.21810 2.22900 2.23104
 2.24072 2.25023 2.26258 2.28949 2.30256 2.31079 2.33807 2.36069 2.37335 2.38166
 2.38646 2.39759 2.42850 2.44167 2.46365 2.48709 2.50350 2.53419 2.55582 2.59421
 2.60561 2.63742 2.65989 2.70187 2.71094 2.73007 2.73861 2.75247 2.80384 2.83758
 2.86651 2.90267 2.91938 2.96084 2.99173 3.02212 3.11068 3.18639 3.25514 3.25709
 3.26269 3.30482 3.30910 3.32086 3.32401 3.36055 3.36110 3.36245 3.36577 3.37606
 3.38379 3.39209 3.40134 3.44734 3.47147 3.49717 3.62162 3.65064 3.69619 3.71553
 3.81973 4.00658 4.25424 4.25796 4.29830
 Occupations:
 1.00000 1.00000 1.00000 1.00000 1.00000 1.00000 1.00000 1.00000 1.00000 1.00000
 1.00000 1.00000 1.00000 1.00000 1.00000 1.00000 1.00000 1.00000 1.00000 1.00000
 1.00000 1.00000 1.00000 1.00000 1.00000 1.00000 1.00000 1.00000 1.00000 1.00000
 1.00000 1.00000 1.00000 1.00000 1.00000 1.00000 1.00000 1.00000 1.00000 1.00000
 1.00000 1.00000 1.00000 1.00000 1.00000 1.00000 1.00000 1.00000 1.00000 1.00000
 1.00000 1.00000 1.00000 1.00000 1.00000 1.00000 1.00000 1.00000 1.00000 1.00000
 1.00000 1.00000 1.00000 1.00000 1.00000 1.00000 1.00000 0.00000 0.00000 0.00000
 0.00000 0.00000 0.00000 0.00000 0.00000 0.00000 0.00000 0.00000 0.00000 0.00000
 0.00000 0.00000 0.00000 0.00000 0.00000 0.00000 0.00000 0.00000 0.00000 0.00000
 0.00000 0.00000 0.00000 0.00000 0.00000 0.00000 0.00000 0.00000 0.00000 0.00000
 0.00000 0.00000 0.00000 0.00000 0.00000 0.00000 0.00000 0.00000 0.00000 0.00000
 0.00000 0.00000 0.00000 0.00000 0.00000 0.00000 0.00000 0.00000 0.00000 0.00000
 0.00000 0.00000 0.00000 0.00000 0.00000 0.00000 0.00000 0.00000 0.00000 0.00000
 0.00000 0.00000 0.00000 0.00000 0.00000 0.00000 0.00000 0.00000 0.00000 0.00000
 0.00000 0.00000 0.00000 0.00000 0.00000 0.00000 0.00000 0.00000 0.00000 0.00000
 0.00000 0.00000 0.00000 0.00000 0.00000 0.00000 0.00000 0.00000 0.00000 0.00000
 0.00000 0.00000 0.00000 0.00000 0.00000 0.00000 0.00000 0.00000 0.00000 0.00000
 0.00000 0.00000 0.00000 0.00000 0.00000 0.00000 0.00000 0.00000 0.00000 0.00000
 0.00000 0.00000 0.00000 0.00000 0.00000 0.00000 0.00000 0.00000 0.00000 0.00000
 0.00000 0.00000 0.00000 0.00000 0.00000 0.00000 0.00000 0.00000 0.00000 0.00000
 0.00000 0.00000 0.00000 0.00000 0.00000 0.00000 0.00000 0.00000 0.00000 0.00000
 0.00000 0.00000 0.00000 0.00000 0.00000 0.00000 0.00000 0.00000 0.00000 0.00000
 0.00000 0.00000 0.00000 0.00000 0.00000 0.00000 0.00000 0.00000 0.00000 0.00000
 0.00000 0.00000 0.00000 0.00000 0.00000 0.00000 0.00000 0.00000 0.00000 0.00000
 0.00000 0.00000 0.00000 0.00000 0.00000 0.00000 0.00000 0.00000 0.00000 0.00000
 0.00000 0.00000 0.00000 0.00000 0.00000 0.00000 0.00000 0.00000 0.00000 0.00000
 0.00000 0.00000 0.00000 0.00000 0.00000 0.00000 0.00000 0.00000 0.00000 0.00000
 0.00000 0.00000 0.00000 0.00000 0.00000 0.00000 0.00000 0.00000 0.00000 0.00000
 0.00000 0.00000 0.00000 0.00000 0.00000 0.00000 0.00000 0.00000 0.00000 0.00000
 0.00000 0.00000 0.00000 0.00000 0.00000 0.00000 0.00000 0.00000 0.00000 0.00000
 0.00000 0.00000 0.00000 0.00000 0.00000
 == 24-th k-point orbital energies
 Spin up:
 -0.33143 -0.28426 -0.26743 -0.23898 -0.22741 -0.22492 -0.22105 -0.21945 -0.21540 -0.21105
 -0.20804 -0.20268 -0.20070 -0.19643 -0.19589 -0.19310 -0.18715 -0.18623 -0.18419 -0.18335
 -0.18099 -0.18056 -0.17747 -0.17263 -0.17160 -0.16829 -0.16810 -0.16701 -0.16525 -0.16325
 -0.16181 -0.16027 -0.15897 -0.15790 -0.15725 -0.15607 -0.15580 -0.15404 -0.15296 -0.15227
 -0.15218 -0.14993 -0.14374 -0.14318 -0.14260 -0.14115 -0.14026 -0.13892 -0.13570 -0.13484
 -0.13388 -0.13328 -0.12917 -0.12851 -0.12829 -0.12786 -0.12677 -0.12324 -0.12068 -0.11851
 -0.11818 -0.11783 -0.11518 -0.11485 -0.08782 -0.06032 -0.05909 -0.04559 -0.01917 -0.01630
 -0.00118 0.04655 0.07395 0.08055 0.12927 0.17028 0.17307 0.19885 0.21202 0.22822
 0.24587 0.25460 0.26985 0.27555 0.29813 0.31419 0.32684 0.33972 0.37789 0.39881
 0.40596 0.40810 0.41449 0.41970 0.48498 0.48856 0.50289 0.51508 0.52844 0.53148
 0.54300 0.54325 0.57382 0.60445 0.60783 0.61833 0.61904 0.63346 0.65032 0.66670
 0.67121 0.68062 0.69458 0.72050 0.74647 0.77104 0.77787 0.78359 0.78525 0.82027
 0.82080 0.82912 0.85152 0.87562 0.88559 0.92153 0.93714 0.93864 0.95271 0.96705
 0.97388 1.01530 1.01755 1.03143 1.06940 1.07875 1.09880 1.10601 1.12386 1.12490
 1.14137 1.14893 1.15820 1.16483 1.17338 1.18686 1.23118 1.23844 1.25386 1.26627
 1.27175 1.27597 1.29537 1.30428 1.31341 1.31520 1.32758 1.33739 1.34755 1.35071
 1.35935 1.37477 1.38012 1.38797 1.39314 1.39878 1.41297 1.42803 1.43370 1.45377
 1.46414 1.47119 1.48174 1.49993 1.50555 1.52172 1.53131 1.53394 1.56392 1.57835
 1.59491 1.60264 1.61748 1.62043 1.63112 1.63968 1.66782 1.67545 1.69361 1.69402
 1.69933 1.71375 1.71632 1.73399 1.73526 1.75895 1.79375 1.79803 1.80397 1.81279
 1.82605 1.83726 1.84358 1.84731 1.85143 1.86721 1.88494 1.88825 1.89827 1.90216
 1.92068 1.95257 1.95692 1.96658 1.97597 1.98441 1.98877 1.99457 2.01270 2.02197
 2.03132 2.04331 2.05075 2.06593 2.07164 2.10703 2.12072 2.12294 2.12908 2.13590
 2.14026 2.14293 2.15635 2.15971 2.17499 2.20202 2.20964 2.21966 2.22460 2.22673
 2.25402 2.26003 2.26651 2.27704 2.29568 2.30502 2.31068 2.33155 2.35182 2.36021
 2.37983 2.41903 2.42808 2.46814 2.47201 2.50441 2.52058 2.54816 2.57686 2.59528
 2.62784 2.63298 2.65561 2.66663 2.70157 2.70583 2.73361 2.73852 2.75153 2.77124
 2.81667 2.83597 2.85869 2.90327 3.06686 3.07347 3.11669 3.11840 3.20673 3.21474
 3.22506 3.24071 3.29977 3.30803 3.33020 3.33383 3.38654 3.38996 3.41401 3.41719
 3.42444 3.42918 3.43428 3.45050 3.50307 3.52676 3.54556 3.60393 3.78603 3.83751
 3.97752 4.05972 4.07629 4.29295 4.30201
 Occupations: 
 1.00000 1.00000 1.00000 1.00000 1.00000 1.00000 1.00000 1.00000 1.00000 1.00000
 1.00000 1.00000 1.00000 1.00000 1.00000 1.00000 1.00000 1.00000 1.00000 1.00000
 1.00000 1.00000 1.00000 1.00000 1.00000 1.00000 1.00000 1.00000 1.00000 1.00000
 1.00000 1.00000 1.00000 1.00000 1.00000 1.00000 1.00000 1.00000 1.00000 1.00000
 1.00000 1.00000 1.00000 1.00000 1.00000 1.00000 1.00000 1.00000 1.00000 1.00000
 1.00000 1.00000 1.00000 1.00000 1.00000 1.00000 1.00000 1.00000 1.00000 1.00000
 1.00000 1.00000 1.00000 1.00000 1.00000 0.70179 0.40919 0.00000 0.00000 0.00000
 0.00000 0.00000 0.00000 0.00000 0.00000 0.00000 0.00000 0.00000 0.00000 0.00000
 0.00000 0.00000 0.00000 0.00000 0.00000 0.00000 0.00000 0.00000 0.00000 0.00000
 0.00000 0.00000 0.00000 0.00000 0.00000 0.00000 0.00000 0.00000 0.00000 0.00000
 0.00000 0.00000 0.00000 0.00000 0.00000 0.00000 0.00000 0.00000 0.00000 0.00000
 0.00000 0.00000 0.00000 0.00000 0.00000 0.00000 0.00000 0.00000 0.00000 0.00000
 0.00000 0.00000 0.00000 0.00000 0.00000 0.00000 0.00000 0.00000 0.00000 0.00000
 0.00000 0.00000 0.00000 0.00000 0.00000 0.00000 0.00000 0.00000 0.00000 0.00000
 0.00000 0.00000 0.00000 0.00000 0.00000 0.00000 0.00000 0.00000 0.00000 0.00000
 0.00000 0.00000 0.00000 0.00000 0.00000 0.00000 0.00000 0.00000 0.00000 0.00000
 0.00000 0.00000 0.00000 0.00000 0.00000 0.00000 0.00000 0.00000 0.00000 0.00000
 0.00000 0.00000 0.00000 0.00000 0.00000 0.00000 0.00000 0.00000 0.00000 0.00000
 0.00000 0.00000 0.00000 0.00000 0.00000 0.00000 0.00000 0.00000 0.00000 0.00000
 0.00000 0.00000 0.00000 0.00000 0.00000 0.00000 0.00000 0.00000 0.00000 0.00000
 0.00000 0.00000 0.00000 0.00000 0.00000 0.00000 0.00000 0.00000 0.00000 0.00000
 0.00000 0.00000 0.00000 0.00000 0.00000 0.00000 0.00000 0.00000 0.00000 0.00000
 0.00000 0.00000 0.00000 0.00000 0.00000 0.00000 0.00000 0.00000 0.00000 0.00000
 0.00000 0.00000 0.00000 0.00000 0.00000 0.00000 0.00000 0.00000 0.00000 0.00000
 0.00000 0.00000 0.00000 0.00000 0.00000 0.00000 0.00000 0.00000 0.00000 0.00000
 0.00000 0.00000 0.00000 0.00000 0.00000 0.00000 0.00000 0.00000 0.00000 0.00000
 0.00000 0.00000 0.00000 0.00000 0.00000 0.00000 0.00000 0.00000 0.00000 0.00000
 0.00000 0.00000 0.00000 0.00000 0.00000 0.00000 0.00000 0.00000 0.00000 0.00000
 0.00000 0.00000 0.00000 0.00000 0.00000 0.00000 0.00000 0.00000 0.00000 0.00000
 0.00000 0.00000 0.00000 0.00000 0.00000 0.00000 0.00000 0.00000 0.00000 0.00000
 0.00000 0.00000 0.00000 0.00000 0.00000
 Spin down:
 -0.33143 -0.28426 -0.26743 -0.23898 -0.22741 -0.22492 -0.22105 -0.21945 -0.21540 -0.21105
 -0.20804 -0.20268 -0.20070 -0.19643 -0.19589 -0.19310 -0.18715 -0.18623 -0.18419 -0.18335
 -0.18099 -0.18056 -0.17747 -0.17263 -0.17160 -0.16829 -0.16810 -0.16701 -0.16525 -0.16325
 -0.16181 -0.16027 -0.15897 -0.15790 -0.15725 -0.15607 -0.15580 -0.15404 -0.15296 -0.15227
 -0.15218 -0.14993 -0.14374 -0.14318 -0.14260 -0.14115 -0.14026 -0.13892 -0.13570 -0.13484
 -0.13388 -0.13328 -0.12917 -0.12851 -0.12829 -0.12786 -0.12677 -0.12324 -0.12068 -0.11851
 -0.11818 -0.11783 -0.11518 -0.11485 -0.08782 -0.06032 -0.05909 -0.04559 -0.01917 -0.01630
 -0.00118 0.04655 0.07395 0.08055 0.12927 0.17028 0.17307 0.19885 0.21202 0.22822
 0.24587 0.25460 0.26985 0.27555 0.29813 0.31419 0.32684 0.33972 0.37789 0.39881
 0.40596 0.40810 0.41449 0.41970 0.48498 0.48856 0.50289 0.51508 0.52844 0.53148
 0.54300 0.54325 0.57382 0.60445 0.60783 0.61833 0.61904 0.63346 0.65032 0.66670
 0.67121 0.68062 0.69458 0.72050 0.74647 0.77104 0.77787 0.78359 0.78525 0.82027
 0.82080 0.82912 0.85152 0.87562 0.88559 0.92153 0.93714 0.93864 0.95271 0.96705
 0.97388 1.01530 1.01755 1.03143 1.06940 1.07875 1.09880 1.10601 1.12386 1.12490
 1.14137 1.14893 1.15820 1.16483 1.17338 1.18686 1.23118 1.23844 1.25386 1.26627
 1.27175 1.27597 1.29537 1.30428 1.31341 1.31520 1.32758 1.33739 1.34755 1.35071
 1.35935 1.37477 1.38012 1.38797 1.39314 1.39878 1.41297 1.42803 1.43370 1.45377
 1.46414 1.47119 1.48174 1.49993 1.50555 1.52172 1.53131 1.53394 1.56392 1.57835
 1.59491 1.60264 1.61748 1.62043 1.63112 1.63968 1.66782 1.67545 1.69361 1.69402
 1.69933 1.71375 1.71632 1.73399 1.73526 1.75895 1.79375 1.79803 1.80397 1.81279
 1.82605 1.83726 1.84358 1.84731 1.85143 1.86721 1.88494 1.88825 1.89827 1.90216
 1.92068 1.95257 1.95692 1.96658 1.97597 1.98441 1.98877 1.99457 2.01270 2.02197
 2.03132 2.04331 2.05075 2.06593 2.07164 2.10703 2.12072 2.12294 2.12908 2.13590
 2.14026 2.14293 2.15635 2.15971 2.17499 2.20202 2.20964 2.21966 2.22460 2.22673
 2.25402 2.26003 2.26651 2.27704 2.29568 2.30502 2.31068 2.33155 2.35182 2.36021
 2.37983 2.41903 2.42808 2.46814 2.47201 2.50441 2.52058 2.54816 2.57686 2.59528
 2.62784 2.63298 2.65561 2.66663 2.70157 2.70583 2.73361 2.73852 2.75153 2.77124
 2.81667 2.83597 2.85869 2.90327 3.06686 3.07347 3.11669 3.11840 3.20673 3.21474
 3.22506 3.24071 3.29977 3.30803 3.33020 3.33383 3.38654 3.38996 3.41401 3.41719
 3.42444 3.42918 3.43428 3.45050 3.50307 3.52676 3.54556 3.60393 3.78603 3.83751
 3.97752 4.05972 4.07629 4.29295 4.30201
 Occupations:
 1.00000 1.00000 1.00000 1.00000 1.00000 1.00000 1.00000 1.00000 1.00000 1.00000
 1.00000 1.00000 1.00000 1.00000 1.00000 1.00000 1.00000 1.00000 1.00000 1.00000
 1.00000 1.00000 1.00000 1.00000 1.00000 1.00000 1.00000 1.00000 1.00000 1.00000
 1.00000 1.00000 1.00000 1.00000 1.00000 1.00000 1.00000 1.00000 1.00000 1.00000
 1.00000 1.00000 1.00000 1.00000 1.00000 1.00000 1.00000 1.00000 1.00000 1.00000
 1.00000 1.00000 1.00000 1.00000 1.00000 1.00000 1.00000 1.00000 1.00000 1.00000
 1.00000 1.00000 1.00000 1.00000 1.00000 0.70181 0.40923 0.00000 0.00000 0.00000
 0.00000 0.00000 0.00000 0.00000 0.00000 0.00000 0.00000 0.00000 0.00000 0.00000
 0.00000 0.00000 0.00000 0.00000 0.00000 0.00000 0.00000 0.00000 0.00000 0.00000
 0.00000 0.00000 0.00000 0.00000 0.00000 0.00000 0.00000 0.00000 0.00000 0.00000
 0.00000 0.00000 0.00000 0.00000 0.00000 0.00000 0.00000 0.00000 0.00000 0.00000
 0.00000 0.00000 0.00000 0.00000 0.00000 0.00000 0.00000 0.00000 0.00000 0.00000
 0.00000 0.00000 0.00000 0.00000 0.00000 0.00000 0.00000 0.00000 0.00000 0.00000
 0.00000 0.00000 0.00000 0.00000 0.00000 0.00000 0.00000 0.00000 0.00000 0.00000
 0.00000 0.00000 0.00000 0.00000 0.00000 0.00000 0.00000 0.00000 0.00000 0.00000
 0.00000 0.00000 0.00000 0.00000 0.00000 0.00000 0.00000 0.00000 0.00000 0.00000
 0.00000 0.00000 0.00000 0.00000 0.00000 0.00000 0.00000 0.00000 0.00000 0.00000
 0.00000 0.00000 0.00000 0.00000 0.00000 0.00000 0.00000 0.00000 0.00000 0.00000
 0.00000 0.00000 0.00000 0.00000 0.00000 0.00000 0.00000 0.00000 0.00000 0.00000
 0.00000 0.00000 0.00000 0.00000 0.00000 0.00000 0.00000 0.00000 0.00000 0.00000
 0.00000 0.00000 0.00000 0.00000 0.00000 0.00000 0.00000 0.00000 0.00000 0.00000
 0.00000 0.00000 0.00000 0.00000 0.00000 0.00000 0.00000 0.00000 0.00000 0.00000
 0.00000 0.00000 0.00000 0.00000 0.00000 0.00000 0.00000 0.00000 0.00000 0.00000
 0.00000 0.00000 0.00000 0.00000 0.00000 0.00000 0.00000 0.00000 0.00000 0.00000
 0.00000 0.00000 0.00000 0.00000 0.00000 0.00000 0.00000 0.00000 0.00000 0.00000
 0.00000 0.00000 0.00000 0.00000 0.00000 0.00000 0.00000 0.00000 0.00000 0.00000
 0.00000 0.00000 0.00000 0.00000 0.00000 0.00000 0.00000 0.00000 0.00000 0.00000
 0.00000 0.00000 0.00000 0.00000 0.00000 0.00000 0.00000 0.00000 0.00000 0.00000
 0.00000 0.00000 0.00000 0.00000 0.00000 0.00000 0.00000 0.00000 0.00000 0.00000
 0.00000 0.00000 0.00000 0.00000 0.00000 0.00000 0.00000 0.00000 0.00000 0.00000
 0.00000 0.00000 0.00000 0.00000 0.00000

 The final Fermi energy from SCF is -1.61804 eV

           Ground-State Mulliken Net Atomic Charges

      Atom                 Charge (a.u.)          Spin (a.u.)
   --------------------------------------------------------
      1 Cu                (0.014782,0.000000)   (-0.000002,0.000000)
      2 Cu                (0.014782,0.000000)   (-0.000002,0.000000)
      3 Cu                (0.014782,0.000000)  (-0.000002,-0.000000)
      4 Cu               (0.028665,-0.000000)  (-0.000002,-0.000000)
      5 Cu               (-0.042329,0.000000)   (-0.000004,0.000000)
      6 Cu              (-0.027735,-0.000000)   (-0.000003,0.000000)
      7 Cu              (-0.042329,-0.000000)  (-0.000004,-0.000000)
      8 Cu               (-0.042329,0.000000)   (-0.000004,0.000000)
      9 Cu              (-0.250399,-0.000000)   (-0.000002,0.000000)
     10 Cu                (0.089691,0.000000)  (-0.000002,-0.000000)
     11 Cu               (0.089691,-0.000000)   (-0.000002,0.000000)
     12 Cu                (0.089691,0.000000)   (-0.000002,0.000000)
     13  H                (0.063034,0.000000)    (0.000000,0.000000)
   --------------------------------------------------------
  Sum of atomic charges =     (-0.000000,-0.000000)
  Sum of spin   charges =     (-0.000031,-0.000000)



 Total job time:  4301.24 s.
 Sun Jul  5 14:16:46 2026


        *************************************************************
        *                                                           *
        *  Thank you very much for using QCPBC. Have a nice day.    *
        *                                                           *
        *************************************************************

